{"extCodeMirrorConfig":{"pluginModules":[],"tagModes":{"ref":"text/mediawiki","pre":"mw-tag-pre","nowiki":"mw-tag-nowiki"},"tags":{"pre":true,"nowiki":true,"gallery":true,"indicator":true,"timeline":true,"hiero":true,"charinsert":true,"ref":true,"references":true,"inputbox":true,"imagemap":true,"source":true,"syntaxhighlight":true,"poem":true,"categorytree":true,"section":true,"score":true,"dynamicpagelist":true,"templatestyles":true,"templatedata":true,"math":true,"ce":true,"chem":true,"graph":true,"maplink":true,"mapframe":true},"doubleUnderscore":[{"__безсадржаја__":"notoc","__без_садржаја__":"notoc","__notoc__":"notoc","__безгалерије__":"nogallery","__без_галерије__":"nogallery","__nogallery__":"nogallery","__форсиранисадржај__":"forcetoc","__форсирани_садржај__":"forcetoc",
"__приморанисадржај__":"forcetoc","__приморани_садржај__":"forcetoc","__forcetoc__":"forcetoc","__садржај__":"toc","__toc__":"toc","__безизмена__":"noeditsection","__без_измена__":"noeditsection","__безизмјена__":"noeditsection","__без_измјена__":"noeditsection","__noeditsection__":"noeditsection","__безкн__":"notitleconvert","__bezkn__":"notitleconvert","__notitleconvert__":"notitleconvert","__notc__":"notitleconvert","__безкс__":"nocontentconvert","__безцц__":"nocontentconvert","__bezks__":"nocontentconvert","__nocontentconvert__":"nocontentconvert","__nocc__":"nocontentconvert"},{"__НОВАВЕЗАОДЕЉКА__":"newsectionlink","__НОВА_ВЕЗА_ОДЕЉКА__":"newsectionlink","__NEWSECTIONLINK__":"newsectionlink","__БЕЗНОВЕВЕЗЕОДЕЉКА__":"nonewsectionlink","__БЕЗ_НОВЕ_ВЕЗЕ_ОДЕЉКА__":"nonewsectionlink","__NONEWSECTIONLINK__":"nonewsectionlink",
"__САКРИВЕНАКАТ__":"hiddencat","__HIDDENCAT__":"hiddencat","__EXPECTUNUSEDCATEGORY__":"expectunusedcategory","__ИНДЕКС__":"index","__INDEX__":"index","__БЕЗИНДЕКСА__":"noindex","__БЕЗ_ИНДЕКСА__":"noindex","__NOINDEX__":"noindex","__СТАТИЧКОПРЕУСМЕРЕЊЕ__":"staticredirect","СТАТИЧКО_ПРЕУСМЕРЕЊЕ":"staticredirect","__STATICREDIRECT__":"staticredirect","__NOGLOBAL__":"noglobal","__DISAMBIG__":"disambiguation"}],"functionSynonyms":[{"ип":"ns","ns":"ns","nse":"nse","кодирањеадресе":"urlencode","кодирање_адресе":"urlencode","urlencode":"urlencode","лцпрви":"lcfirst","lcfirst":"lcfirst","уцпрви":"ucfirst","ucfirst":"ucfirst","лц":"lc","lc":"lc","уц":"uc","uc":"uc","локалнаадреса":"localurl","локална_адреса":"localurl","localurl":"localurl","локалнеадресе":"localurle","локалне_адресе":"localurle","localurle":"localurle",
"пунурл":"fullurl","целаадреса":"fullurl","цела_адреса":"fullurl","fullurl":"fullurl","пунурле":"fullurle","целеадресе":"fullurle","целе_адресе":"fullurle","fullurle":"fullurle","canonicalurl":"canonicalurl","canonicalurle":"canonicalurle","formatnum":"formatnum","граматика":"grammar","grammar":"grammar","род":"gender","лице":"gender","gender":"gender","множина":"plural","plural":"plural","bidi":"bidi","#language":"language","поравнајлево":"padleft","поравнај_лево":"padleft","padleft":"padleft","поравнајдесно":"padright","поравнај_десно":"padright","padright":"padright","кодирањевезе":"anchorencode","кодирање_везе":"anchorencode","anchorencode":"anchorencode","путањадатотеке":"filepath","путања_датотеке":"filepath","filepath":"filepath","бројстранице":"pageid","pageid":"pageid","инт":"int","int":
"int","#посебно":"special","#special":"special","#speciale":"speciale","#ознака":"tag","#tag":"tag","#форматдатума":"formatdate","#формат_датума":"formatdate","#formatdate":"formatdate","#dateformat":"formatdate","noexternallanglinks":"noexternallanglinks","#property":"property","#statements":"statements","#if":"if","#ifeq":"ifeq","#switch":"switch","#ifexist":"ifexist","#ifexpr":"ifexpr","#iferror":"iferror","#време":"time","#time":"time","#timel":"timel","#expr":"expr","#rel2abs":"rel2abs","#titleparts":"titleparts","#стаблокатегорије":"categorytree","#стабло_категорије":"categorytree","#categorytree":"categorytree","#lst":"lst","#section":"lst","#lstx":"lstx","#section-x":"lstx","#lsth":"lsth","#section-h":"lsth","#target":"target","#бабел":"babel","#babel":"babel","#coordinates":"coordinates","#invoke":"invoke","#related":"related","путањачланка":"articlepath","путања_чланка":
"articlepath","articlepath":"articlepath","сервер":"server","server":"server","имесервера":"servername","име_сервера":"servername","servername":"servername","скрипта":"scriptpath","scriptpath":"scriptpath","путањастила":"stylepath","путања_стила":"stylepath","stylepath":"stylepath","wbreponame":"wbreponame","numberofwikis":"numberofwikis"},{"БРОЈСТРАНИЦА":"numberofpages","БРОЈ_СТРАНИЦА":"numberofpages","NUMBEROFPAGES":"numberofpages","БРОЈКОРИСНИКА":"numberofusers","БРОЈ_КОРИСНИКА":"numberofusers","NUMBEROFUSERS":"numberofusers","БРОЈАКТИВНИХКОРИСНИКА":"numberofactiveusers","БРОЈ_АКТИВНИХ_КОРИСНИКА":"numberofactiveusers","NUMBEROFACTIVEUSERS":"numberofactiveusers","БРОЈЧЛАНАКА":"numberofarticles","БРОЈ_ЧЛАНАКА":"numberofarticles","NUMBEROFARTICLES":"numberofarticles","БРОЈДАТОТЕКА":"numberoffiles",
"БРОЈ_ДАТОТЕКА":"numberoffiles","БРОЈФАЈЛОВА":"numberoffiles","БРОЈ_ФАЈЛОВА":"numberoffiles","NUMBEROFFILES":"numberoffiles","БРОЈАДМИНА":"numberofadmins","БРОЈ_АДМИНА":"numberofadmins","NUMBEROFADMINS":"numberofadmins","БРОЈУГРУПИ":"numberingroup","БРОЈ_У_ГРУПИ":"numberingroup","NUMBERINGROUP":"numberingroup","NUMINGROUP":"numberingroup","БРОЈИЗМЕНА":"numberofedits","БРОЈ_ИЗМЕНА":"numberofedits","NUMBEROFEDITS":"numberofedits","DEFAULTSORT":"defaultsort","DEFAULTSORTKEY":"defaultsort","DEFAULTCATEGORYSORT":"defaultsort","СТРАНИЦАУКАТЕГОРИЈИ":"pagesincategory","СТРАНАУКАТЕГОРИЈИ":"pagesincategory","СТРАНИЦА_У_КАТЕГОРИЈИ":"pagesincategory","СТРАНА_У_КАТЕГОРИЈИ":"pagesincategory","PAGESINCATEGORY":"pagesincategory","PAGESINCAT":"pagesincategory","ВЕЛИЧИНАСТРАНИЦЕ":"pagesize","ВЕЛИЧИНАСТРАНЕ":
"pagesize","ВЕЛИЧИНА_СТРАНИЦЕ":"pagesize","ВЕЛИЧИНА_СТРАНЕ":"pagesize","PAGESIZE":"pagesize","НИВОЗАШТИТЕ":"protectionlevel","НИВО_ЗАШТИТЕ":"protectionlevel","PROTECTIONLEVEL":"protectionlevel","PROTECTIONEXPIRY":"protectionexpiry","ИМЕНСКИПРОСТОРИ":"namespacee","ИМЕНСКИ_ПРОСТОРИ":"namespacee","NAMESPACEE":"namespacee","БРОЈИМЕНСКОГПРОСТОРА":"namespacenumber","NAMESPACENUMBER":"namespacenumber","РАЗГОВОР":"talkspace","TALKSPACE":"talkspace","РАЗГОВОРИ":"talkspacee","TALKSPACEE":"talkspacee","ИМЕНСКИПРОСТОРЧЛАНКА":"subjectspace","ИМЕНСКИ_ПРОСТОР_ЧЛАНКА":"subjectspace","SUBJECTSPACE":"subjectspace","ARTICLESPACE":"subjectspace","ИМЕНСКИПРОСТОРЧЛАНАКА":"subjectspacee","ИМЕНСКИ_ПРОСТОР_ЧЛАНАКА":"subjectspacee","SUBJECTSPACEE":"subjectspacee","ARTICLESPACEE":"subjectspacee",
"ИМЕСТРАНИЦЕ":"pagename","ИМЕ_СТРАНИЦЕ":"pagename","СТРАНИЦА":"pagename","PAGENAME":"pagename","ИМЕНАСТРАНИЦА":"pagenamee","ИМЕНА_СТРАНИЦА":"pagenamee","СТРАНИЦЕ":"pagenamee","PAGENAMEE":"pagenamee","ПУНОИМЕСТРАНИЦЕ":"fullpagename","ПУНОИМЕСТРАНЕ":"fullpagename","ПУНО_ИМЕ_СТРАНИЦЕ":"fullpagename","ПУНО_ИМЕ_СТРАНЕ":"fullpagename","FULLPAGENAME":"fullpagename","ПУНАИМЕНАСТРАНИЦА":"fullpagenamee","ПУНАИМЕНАСТРАНА":"fullpagenamee","ПУНА_ИМЕНА_СТРАНИЦА":"fullpagenamee","ПУНА_ИМЕНА_СТРАНА":"fullpagenamee","FULLPAGENAMEE":"fullpagenamee","ROOTPAGENAME":"rootpagename","ROOTPAGENAMEE":"rootpagenamee","ИМЕОСНОВЕ":"basepagename","ИМЕ_ОСНОВЕ":"basepagename","BASEPAGENAME":"basepagename","ИМЕНАОСНОВА":"basepagenamee","ИМЕНА_ОСНОВА":"basepagenamee","BASEPAGENAMEE":"basepagenamee"
,"ИМЕПОДСТРАНИЦЕ":"subpagename","ИМЕПОДСТРАНЕ":"subpagename","ИМЕ_ПОДСТРАНИЦЕ":"subpagename","ИМЕ_ПОДСТРАНЕ":"subpagename","SUBPAGENAME":"subpagename","ИМЕНАПОДСТРАНИЦА":"subpagenamee","ИМЕНАПОДСТРАНА":"subpagenamee","ИМЕНА_ПОДСТРАНИЦА":"subpagenamee","ИМЕНА_ПОДСТРАНА":"subpagenamee","SUBPAGENAMEE":"subpagenamee","ИМЕРАЗГОВОРА":"talkpagename","ИМЕ_РАЗГОВОРА":"talkpagename","TALKPAGENAME":"talkpagename","ИМЕНАРАЗГОВОРА":"talkpagenamee","ИМЕНА_РАЗГОВОРА":"talkpagenamee","TALKPAGENAMEE":"talkpagenamee","ИМЕЧЛАНКА":"subjectpagename","ИМЕ_ЧЛАНКА":"subjectpagename","SUBJECTPAGENAME":"subjectpagename","ARTICLEPAGENAME":"subjectpagename","ИМЕНАЧЛАНАКА":"subjectpagenamee","ИМЕНА_ЧЛАНАКА":"subjectpagenamee","SUBJECTPAGENAMEE":"subjectpagenamee","ARTICLEPAGENAMEE":"subjectpagenamee",
"ИДРЕВИЗИЈЕ":"revisionid","ИД_РЕВИЗИЈЕ":"revisionid","REVISIONID":"revisionid","ДАНИЗМЕНЕ":"revisionday","ДАН_ИЗМЕНЕ":"revisionday","REVISIONDAY":"revisionday","ДАНИЗМЕНЕ2":"revisionday2","ДАН_ИЗМЕНЕ2":"revisionday2","REVISIONDAY2":"revisionday2","МЕСЕЦИЗМЕНЕ":"revisionmonth","МЕСЕЦ_ИЗМЕНЕ":"revisionmonth","REVISIONMONTH":"revisionmonth","МЕСЕЦИЗМЕНЕ1":"revisionmonth1","МЕСЕЦ_ИЗМЕНЕ1":"revisionmonth1","REVISIONMONTH1":"revisionmonth1","ГОДИНАИЗМЕНЕ":"revisionyear","ГОДИНА_ИЗМЕНЕ":"revisionyear","REVISIONYEAR":"revisionyear","ВРЕМЕИЗМЕНЕ":"revisiontimestamp","ВРЕМЕ_ИЗМЕНЕ":"revisiontimestamp","REVISIONTIMESTAMP":"revisiontimestamp","КОРИСНИКИЗМЕНЕ":"revisionuser","КОРИСНИК_ИЗМЕНЕ":"revisionuser","REVISIONUSER":"revisionuser","CASCADINGSOURCES":"cascadingsources","ИМЕНСКИПРОСТОР":"namespace",
"ИМЕНСКИ_ПРОСТОР":"namespace","NAMESPACE":"namespace","НАЗИВПРИКАЗА":"displaytitle","НАЗИВ_ПРИКАЗА":"displaytitle","DISPLAYTITLE":"displaytitle","!":"!","ТРЕНУТНИМЕСЕЦ":"currentmonth","ТРЕНУТНИ_МЕСЕЦ":"currentmonth","ТЕКУЋИМЕСЕЦ":"currentmonth","ТЕКУЋИ_МЕСЕЦ":"currentmonth","CURRENTMONTH":"currentmonth","CURRENTMONTH2":"currentmonth","ТРЕНУТНИМЕСЕЦ1":"currentmonth1","ТРЕНУТНИ_МЕСЕЦ1":"currentmonth1","ТЕКУЋИМЕСЕЦ1":"currentmonth1","ТЕКУЋИ_МЕСЕЦ1":"currentmonth1","CURRENTMONTH1":"currentmonth1","ТРЕНУТНИМЕСЕЦИМЕ":"currentmonthname","ИМЕТЕКУЋЕГМЕСЕЦА":"currentmonthname","ИМЕ_ТЕКУЋЕГ_МЕСЕЦА":"currentmonthname","CURRENTMONTHNAME":"currentmonthname","ТРЕНУТНИМЕСЕЦГЕН":"currentmonthnamegen","ТЕКУЋИМЕСЕЦГЕН":"currentmonthnamegen","ТЕКУЋИ_МЕСЕЦ_ГЕН":"currentmonthnamegen",
"CURRENTMONTHNAMEGEN":"currentmonthnamegen","ТРЕНУТНИМЕСЕЦСКР":"currentmonthabbrev","ТЕКУЋИМЕСЕЦСКР":"currentmonthabbrev","ТЕКУЋИ_МЕСЕЦ_СКР":"currentmonthabbrev","CURRENTMONTHABBREV":"currentmonthabbrev","ТРЕНУТНИДАН":"currentday","ТЕКУЋИДАН":"currentday","ТЕКУЋИ_ДАН":"currentday","CURRENTDAY":"currentday","ТЕКУЋИДАН2":"currentday2","ТЕКУЋИ_ДАН_2":"currentday2","CURRENTDAY2":"currentday2","ТРЕНУТНИДАНИМЕ":"currentdayname","ИМЕТЕКУЋЕГДАНА":"currentdayname","ИМЕ_ТЕКУЋЕГ_ДАНА":"currentdayname","CURRENTDAYNAME":"currentdayname","ТРЕНУТНАГОДИНА":"currentyear","ТЕКУЋАГОДИНА":"currentyear","ТЕКУЋА_ГОДИНА":"currentyear","CURRENTYEAR":"currentyear","ТРЕНУТНОВРЕМЕ":"currenttime","ТЕКУЋЕВРЕМЕ":"currenttime","ТЕКУЋЕ_ВРЕМЕ":"currenttime","CURRENTTIME":"currenttime","ТЕКУЋИСАТ":
"currenthour","ТЕКУЋИ_САТ":"currenthour","CURRENTHOUR":"currenthour","ЛОКАЛНИМЕСЕЦ":"localmonth","ЛОКАЛНИ_МЕСЕЦ":"localmonth","LOCALMONTH":"localmonth","LOCALMONTH2":"localmonth","ЛОКАЛНИМЕСЕЦ2":"localmonth1","ЛОКАЛНИ_МЕСЕЦ2":"localmonth1","LOCALMONTH1":"localmonth1","ИМЕЛОКАЛНОГМЕСЕЦА":"localmonthname","ИМЕ_ЛОКАЛНОГ_МЕСЕЦА":"localmonthname","LOCALMONTHNAME":"localmonthname","ЛОКАЛНИМЕСЕЦГЕН":"localmonthnamegen","ЛОКАЛНИ_МЕСЕЦ_ГЕН":"localmonthnamegen","LOCALMONTHNAMEGEN":"localmonthnamegen","ЛОКАЛНИМЕСЕЦСКР":"localmonthabbrev","ЛОКАЛНИ_МЕСЕЦ_СКР":"localmonthabbrev","LOCALMONTHABBREV":"localmonthabbrev","ЛОКАЛНИДАН":"localday","ЛОКАЛНИ_ДАН":"localday","LOCALDAY":"localday","ЛОКАЛНИДАН2":"localday2","ЛОКАЛНИ_ДАН2":"localday2","LOCALDAY2":"localday2","ИМЕЛОКАЛНОГДАНА":"localdayname",
"ИМЕ_ЛОКАЛНОГ_ДАНА":"localdayname","LOCALDAYNAME":"localdayname","ЛОКАЛНАГОДИНА":"localyear","ЛОКАЛНА_ГОДИНА":"localyear","LOCALYEAR":"localyear","ЛОКАЛНОВРЕМЕ":"localtime","ЛОКАЛНО_ВРЕМЕ":"localtime","LOCALTIME":"localtime","ЛОКАЛНИСАТ":"localhour","ЛОКАЛНИ_САТ":"localhour","LOCALHOUR":"localhour","ИМЕСАЈТА":"sitename","SITENAME":"sitename","ТРЕНУТНАНЕДЕЉА":"currentweek","ТРЕНУТНА_НЕДЕЉА":"currentweek","ТЕКУЋАНЕДЕЉА":"currentweek","ТЕКУЋА_НЕДЕЉА":"currentweek","CURRENTWEEK":"currentweek","ТРЕНУТНИДОВ":"currentdow","ТЕКУЋИДУН":"currentdow","CURRENTDOW":"currentdow","ЛОКАЛНАНЕДЕЉА":"localweek","ЛОКАЛНА_НЕДЕЉА":"localweek","LOCALWEEK":"localweek","ЛОКАЛНИДУН":"localdow","LOCALDOW":"localdow","REVISIONSIZE":"revisionsize","ТЕКУЋЕИЗДАЊЕ":"currentversion",
"ТЕКУЋЕ_ИЗДАЊЕ":"currentversion","CURRENTVERSION":"currentversion","ТЕКУЋИОТИСАКВРЕМЕНА":"currenttimestamp","ТЕКУЋИ_ОТИСАК_ВРЕМЕНА":"currenttimestamp","CURRENTTIMESTAMP":"currenttimestamp","ОТИСАКВРЕМЕНА":"localtimestamp","ОТИСАК_ВРЕМЕНА":"localtimestamp","LOCALTIMESTAMP":"localtimestamp","СМЕРОЗНАКЕ":"directionmark","СМЕР\t_ОЗНАКЕ":"directionmark","DIRECTIONMARK":"directionmark","DIRMARK":"directionmark","ЈЕЗИКСАДРЖАЈА":"contentlanguage","ЈЕЗИК_САДРЖАЈА":"contentlanguage","CONTENTLANGUAGE":"contentlanguage","CONTENTLANG":"contentlanguage","PAGELANGUAGE":"pagelanguage"}],"urlProtocols":
"bitcoin\\:|ftp\\:\\/\\/|ftps\\:\\/\\/|geo\\:|git\\:\\/\\/|gopher\\:\\/\\/|http\\:\\/\\/|https\\:\\/\\/|irc\\:\\/\\/|ircs\\:\\/\\/|magnet\\:|mailto\\:|mms\\:\\/\\/|news\\:|nntp\\:\\/\\/|redis\\:\\/\\/|sftp\\:\\/\\/|sip\\:|sips\\:|sms\\:|ssh\\:\\/\\/|svn\\:\\/\\/|tel\\:|telnet\\:\\/\\/|urn\\:|worldwind\\:\\/\\/|xmpp\\:|\\/\\/","linkTrailCharacters":"/^([abvgdđežzijklljmnnjoprstćufhcčdžšабвгдђежзијклљмнњопрстћуфхцчџш]+)(.*)$/usD"}}