{"extCodeMirrorConfig":{"pluginModules":[],"tagModes":{"ref":"text/mediawiki","pre":"mw-tag-pre","nowiki":"mw-tag-nowiki"},"tags":{"pre":true,"nowiki":true,"gallery":true,"indicator":true,"timeline":true,"hiero":true,"charinsert":true,"ref":true,"references":true,"inputbox":true,"imagemap":true,"source":true,"syntaxhighlight":true,"poem":true,"categorytree":true,"section":true,"score":true,"templatestyles":true,"templatedata":true,"math":true,"ce":true,"chem":true,"graph":true,"maplink":true,"mapframe":true},"doubleUnderscore":[{"__мазмұнсыз__":"notoc","__мсыз__":"notoc","__notoc__":"notoc","__қоймасыз__":"nogallery","__қсыз__":"nogallery","__nogallery__":"nogallery","__мазмұндатқызу__":"forcetoc","__мқызу__":"forcetoc","__forcetoc__":"forcetoc","__мазмұны__":"toc","__мзмн__":"toc","__toc__":"toc","__бөлідімөндемеу__":
"noeditsection","__бөлімөндеткізбеу__":"noeditsection","__noeditsection__":"noeditsection","__тақырыпатынтүрлендіргізбеу__":"notitleconvert","__татжоқ__":"notitleconvert","__атауалмастырғызбау__":"notitleconvert","__аабау__":"notitleconvert","__notitleconvert__":"notitleconvert","__notc__":"notitleconvert","__мағлұматынтүрлендіргізбеу__":"nocontentconvert","__матжоқ__":"nocontentconvert","__мағлұматалмастырғызбау__":"nocontentconvert","__мабау__":"nocontentconvert","__nocontentconvert__":"nocontentconvert","__nocc__":"nocontentconvert"},{"__ЖАҢАБӨЛІМСІЛТЕМЕСІ__":"newsectionlink","__NEWSECTIONLINK__":"newsectionlink","__NONEWSECTIONLINK__":"nonewsectionlink","__ЖАСЫРЫНСАНАТ__":"hiddencat","__HIDDENCAT__":"hiddencat","__EXPECTUNUSEDCATEGORY__":"expectunusedcategory","__INDEX__":"index","__NOINDEX__":"noindex","__STATICREDIRECT__":
"staticredirect","__NOGLOBAL__":"noglobal","__DISAMBIG__":"disambiguation"}],"functionSynonyms":[{"еа":"ns","есімая":"ns","ns":"ns","nse":"nse","жайдымұқамдау":"urlencode","urlencode":"urlencode","кә1":"lcfirst","кішіәріппен1":"lcfirst","lcfirst":"lcfirst","бә1":"ucfirst","басәріппен1":"ucfirst","ucfirst":"ucfirst","кә":"lc","кішіәріппен":"lc","lc":"lc","бә":"uc","басәріппен":"uc","uc":"uc","жергіліктіжай":"localurl","localurl":"localurl","жергіліктіжай2":"localurle","localurle":"localurle","толықжайы":"fullurl","толықжай":"fullurl","fullurl":"fullurl","толықжайы2":"fullurle","толықжай2":"fullurle","fullurle":"fullurle","canonicalurl":"canonicalurl","canonicalurle":"canonicalurle","санпішімі":"formatnum","formatnum":"formatnum","септігі":"grammar","септік":"grammar","grammar":"grammar","gender":"gender","көпшетүрі":"plural",
"көпше":"plural","plural":"plural","bidi":"bidi","#тіл":"language","#language":"language","солғаығыс":"padleft","солығыс":"padleft","padleft":"padleft","оңғаығыс":"padright","оңығыс":"padright","padright":"padright","жәкірдімұқамдау":"anchorencode","anchorencode":"anchorencode","файлмекені":"filepath","filepath":"filepath","pageid":"pageid","ішкі":"int","int":"int","#арнайы":"special","#special":"special","#speciale":"speciale","#белгі":"tag","#tag":"tag","#formatdate":"formatdate","#dateformat":"formatdate","noexternallanglinks":"noexternallanglinks","#property":"property","#statements":"statements","#if":"if","#ifeq":"ifeq","#switch":"switch","#ifexist":"ifexist","#ifexpr":"ifexpr","#iferror":"iferror","#time":"time","#timel":"timel","#expr":"expr","#rel2abs":"rel2abs","#titleparts":"titleparts","#categorytree":"categorytree","#lst":"lst","#section":"lst","#lstx":"lstx","#section-x":"lstx","#lsth":"lsth",
"#section-h":"lsth","#target":"target","#babel":"babel","#coordinates":"coordinates","#invoke":"invoke","#related":"related","articlepath":"articlepath","сервер":"server","server":"server","сервератауы":"servername","servername":"servername","әміржолы":"scriptpath","scriptpath":"scriptpath","stylepath":"stylepath","wbreponame":"wbreponame","numberofwikis":"numberofwikis"},{"БЕТСАНЫ":"numberofpages","NUMBEROFPAGES":"numberofpages","ҚАТЫСУШЫСАНЫ":"numberofusers","NUMBEROFUSERS":"numberofusers","NUMBEROFACTIVEUSERS":"numberofactiveusers","МАҚАЛАСАНЫ":"numberofarticles","NUMBEROFARTICLES":"numberofarticles","ФАЙЛСАНЫ":"numberoffiles","NUMBEROFFILES":"numberoffiles","ӘКІМШІСАНЫ":"numberofadmins","NUMBEROFADMINS":"numberofadmins","NUMBERINGROUP":"numberingroup","NUMINGROUP":"numberingroup","ӨҢДЕМЕСАНЫ":"numberofedits","ТҮЗЕТУСАНЫ":"numberofedits","NUMBEROFEDITS":"numberofedits",
"ӘДЕПКІСҰРЫПТАУ":"defaultsort","ӘДЕПКІСАНАТСҰРЫПТАУ":"defaultsort","ӘДЕПКІСҰРЫПТАУКІЛТІ":"defaultsort","ӘДЕПКІСҰРЫП":"defaultsort","DEFAULTSORT":"defaultsort","DEFAULTSORTKEY":"defaultsort","DEFAULTCATEGORYSORT":"defaultsort","САНАТТАҒЫБЕТТЕР":"pagesincategory","PAGESINCATEGORY":"pagesincategory","PAGESINCAT":"pagesincategory","БЕТМӨЛШЕРІ":"pagesize","PAGESIZE":"pagesize","PROTECTIONLEVEL":"protectionlevel","PROTECTIONEXPIRY":"protectionexpiry","ЕСІМАЯСЫ2":"namespacee","NAMESPACEE":"namespacee","NAMESPACENUMBER":"namespacenumber","ТАЛҚЫЛАУАЯСЫ":"talkspace","TALKSPACE":"talkspace","ТАЛҚЫЛАУАЯСЫ2":"talkspacee","TALKSPACEE":"talkspacee","ТАҚЫРЫПБЕТІ":"subjectspace","МАҚАЛАБЕТІ":"subjectspace","SUBJECTSPACE":"subjectspace","ARTICLESPACE":"subjectspace","ТАҚЫРЫПБЕТІ2":"subjectspacee","МАҚАЛАБЕТІ2":"subjectspacee","SUBJECTSPACEE":
"subjectspacee","ARTICLESPACEE":"subjectspacee","БЕТАТАУЫ":"pagename","PAGENAME":"pagename","БЕТАТАУЫ2":"pagenamee","PAGENAMEE":"pagenamee","ТОЛЫҚБЕТАТАУЫ":"fullpagename","FULLPAGENAME":"fullpagename","ТОЛЫҚБЕТАТАУЫ2":"fullpagenamee","FULLPAGENAMEE":"fullpagenamee","ROOTPAGENAME":"rootpagename","ROOTPAGENAMEE":"rootpagenamee","НЕГІЗГІБЕТАТАУЫ":"basepagename","BASEPAGENAME":"basepagename","НЕГІЗГІБЕТАТАУЫ2":"basepagenamee","BASEPAGENAMEE":"basepagenamee","БЕТШЕАТАУЫ":"subpagename","АСТЫҢҒЫБЕТАТАУЫ":"subpagename","SUBPAGENAME":"subpagename","БЕТШЕАТАУЫ2":"subpagenamee","АСТЫҢҒЫБЕТАТАУЫ2":"subpagenamee","SUBPAGENAMEE":"subpagenamee","ТАЛҚЫЛАУБЕТАТАУЫ":"talkpagename","TALKPAGENAME":"talkpagename","ТАЛҚЫЛАУБЕТАТАУЫ2":"talkpagenamee","TALKPAGENAMEE":"talkpagenamee","ТАҚЫРЫПБЕТАТАУЫ":"subjectpagename",
"МАҚАЛАБЕТАТАУЫ":"subjectpagename","SUBJECTPAGENAME":"subjectpagename","ARTICLEPAGENAME":"subjectpagename","ТАҚЫРЫПБЕТАТАУЫ2":"subjectpagenamee","МАҚАЛАБЕТАТАУЫ2":"subjectpagenamee","SUBJECTPAGENAMEE":"subjectpagenamee","ARTICLEPAGENAMEE":"subjectpagenamee","ТҮЗЕТУНӨМІРІ":"revisionid","НҰСҚАНӨМІРІ":"revisionid","REVISIONID":"revisionid","ТҮЗЕТУКҮНІ":"revisionday","НҰСҚАКҮНІ":"revisionday","REVISIONDAY":"revisionday","ТҮЗЕТУКҮНІ2":"revisionday2","НҰСҚАКҮНІ2":"revisionday2","REVISIONDAY2":"revisionday2","ТҮЗЕТУАЙЫ":"revisionmonth","НҰСҚААЙЫ":"revisionmonth","REVISIONMONTH":"revisionmonth","REVISIONMONTH1":"revisionmonth1","ТҮЗЕТУЖЫЛЫ":"revisionyear","НҰСҚАЖЫЛЫ":"revisionyear","REVISIONYEAR":"revisionyear","ТҮЗЕТУУАҚЫТЫТАҢБАСЫ":"revisiontimestamp","НҰСҚАУАҚЫТТҮЙІНДЕМЕСІ":"revisiontimestamp","REVISIONTIMESTAMP":
"revisiontimestamp","REVISIONUSER":"revisionuser","CASCADINGSOURCES":"cascadingsources","ЕСІМАЯСЫ":"namespace","NAMESPACE":"namespace","КӨРІНЕТІНТАҚЫРЫАПАТЫ":"displaytitle","КӨРСЕТІЛЕТІНАТАУ":"displaytitle","DISPLAYTITLE":"displaytitle","!":"!","АҒЫМДАҒЫАЙ":"currentmonth","CURRENTMONTH":"currentmonth","CURRENTMONTH2":"currentmonth","CURRENTMONTH1":"currentmonth1","АҒЫМДАҒЫАЙАТАУЫ":"currentmonthname","CURRENTMONTHNAME":"currentmonthname","АҒЫМДАҒЫАЙІЛІКАТАУЫ":"currentmonthnamegen","CURRENTMONTHNAMEGEN":"currentmonthnamegen","АҒЫМДАҒЫАЙЖИЫР":"currentmonthabbrev","АҒЫМДАҒЫАЙҚЫСҚА":"currentmonthabbrev","CURRENTMONTHABBREV":"currentmonthabbrev","АҒЫМДАҒЫКҮН":"currentday","CURRENTDAY":"currentday","АҒЫМДАҒЫКҮН2":"currentday2","CURRENTDAY2":"currentday2","АҒЫМДАҒЫКҮНАТАУЫ":"currentdayname","CURRENTDAYNAME":"currentdayname",
"АҒЫМДАҒЫЖЫЛ":"currentyear","CURRENTYEAR":"currentyear","АҒЫМДАҒЫУАҚЫТ":"currenttime","CURRENTTIME":"currenttime","АҒЫМДАҒЫСАҒАТ":"currenthour","CURRENTHOUR":"currenthour","ЖЕРГІЛІКТІАЙ":"localmonth","LOCALMONTH":"localmonth","LOCALMONTH2":"localmonth","LOCALMONTH1":"localmonth1","ЖЕРГІЛІКТІАЙАТАУЫ":"localmonthname","LOCALMONTHNAME":"localmonthname","ЖЕРГІЛІКТІАЙІЛІКАТАУЫ":"localmonthnamegen","LOCALMONTHNAMEGEN":"localmonthnamegen","ЖЕРГІЛІКТІАЙЖИЫР":"localmonthabbrev","ЖЕРГІЛІКТІАЙҚЫСҚАША":"localmonthabbrev","ЖЕРГІЛІКТІАЙҚЫСҚА":"localmonthabbrev","LOCALMONTHABBREV":"localmonthabbrev","ЖЕРГІЛІКТІКҮН":"localday","LOCALDAY":"localday","ЖЕРГІЛІКТІКҮН2":"localday2","LOCALDAY2":"localday2","ЖЕРГІЛІКТІКҮНАТАУЫ":"localdayname","LOCALDAYNAME":"localdayname","ЖЕРГІЛІКТІЖЫЛ":"localyear","LOCALYEAR":
"localyear","ЖЕРГІЛІКТІУАҚЫТ":"localtime","LOCALTIME":"localtime","ЖЕРГІЛІКТІСАҒАТ":"localhour","LOCALHOUR":"localhour","ТОРАПАТАУЫ":"sitename","SITENAME":"sitename","АҒЫМДАҒЫАПТАСЫ":"currentweek","АҒЫМДАҒЫАПТА":"currentweek","CURRENTWEEK":"currentweek","АҒЫМДАҒЫАПТАКҮНІ":"currentdow","CURRENTDOW":"currentdow","ЖЕРГІЛІКТІАПТАСЫ":"localweek","ЖЕРГІЛІКТІАПТА":"localweek","LOCALWEEK":"localweek","ЖЕРГІЛІКТІАПТАКҮНІ":"localdow","LOCALDOW":"localdow","REVISIONSIZE":"revisionsize","БАҒДАРЛАМАНҰСҚАСЫ":"currentversion","CURRENTVERSION":"currentversion","АҒЫМДАҒЫУАҚЫТТҮЙІНДЕМЕСІ":"currenttimestamp","АҒЫМДАҒЫУАҚЫТТҮЙІН":"currenttimestamp","CURRENTTIMESTAMP":"currenttimestamp","ЖЕРГІЛІКТІУАҚЫТТҮЙІНДЕМЕСІ":"localtimestamp","ЖЕРГІЛІКТІУАҚЫТТҮЙІН":"localtimestamp",
"LOCALTIMESTAMP":"localtimestamp","БАҒЫТБЕЛГІСІ":"directionmark","DIRECTIONMARK":"directionmark","DIRMARK":"directionmark","МАҒЛҰМАТТІЛІ":"contentlanguage","CONTENTLANGUAGE":"contentlanguage","CONTENTLANG":"contentlanguage","PAGELANGUAGE":"pagelanguage"}],"urlProtocols":"bitcoin\\:|ftp\\:\\/\\/|ftps\\:\\/\\/|geo\\:|git\\:\\/\\/|gopher\\:\\/\\/|http\\:\\/\\/|https\\:\\/\\/|irc\\:\\/\\/|ircs\\:\\/\\/|magnet\\:|mailto\\:|mms\\:\\/\\/|news\\:|nntp\\:\\/\\/|redis\\:\\/\\/|sftp\\:\\/\\/|sip\\:|sips\\:|sms\\:|ssh\\:\\/\\/|svn\\:\\/\\/|tel\\:|telnet\\:\\/\\/|urn\\:|worldwind\\:\\/\\/|xmpp\\:|\\/\\/","linkTrailCharacters":"/^([a-zäçéğıïñöşüýʺʹа-яёәғіқңөұүһٴابپتجحدرزسشعفقكلمنڭەوۇۋۆىيچھ“»]+)(.*)$/sDu"}}