{"extCodeMirrorConfig":{"pluginModules":[],"tagModes":{"ref":"text/mediawiki","pre":"mw-tag-pre","nowiki":"mw-tag-nowiki"},"tags":{"pre":true,"nowiki":true,"gallery":true,"indicator":true,"timeline":true,"hiero":true,"charinsert":true,"ref":true,"references":true,"inputbox":true,"imagemap":true,"source":true,"syntaxhighlight":true,"poem":true,"categorytree":true,"section":true,"score":true,"templatestyles":true,"templatedata":true,"math":true,"ce":true,"chem":true,"graph":true,"maplink":true,"mapframe":true},"doubleUnderscore":[{"__geeninhoud__":"notoc","__notoc__":"notoc","__geen_galerij__":"nogallery","__nogallery__":"nogallery","__inhoud_dwingen__":"forcetoc","__forceerinhoud__":"forcetoc","__forcetoc__":"forcetoc","__inhoud__":"toc","__toc__":"toc","__nietbewerkbaresectie__":"noeditsection","__noeditsection__":"noeditsection","__geenpaginanaamconversie__":"notitleconvert",
"__geentitelconversie__":"notitleconvert","__geentc__":"notitleconvert","__notitleconvert__":"notitleconvert","__notc__":"notitleconvert","__geeninhoudconversie__":"nocontentconvert","__geenic__":"nocontentconvert","__nocontentconvert__":"nocontentconvert","__nocc__":"nocontentconvert"},{"__NIEUWESECTIELINK__":"newsectionlink","__NIEUWESECTIEKOPPELING__":"newsectionlink","__NEWSECTIONLINK__":"newsectionlink","__GEENNIEUWKOPJEKOPPELING__":"nonewsectionlink","__GEENNIEUWESECTIELINK__":"nonewsectionlink","__GEENNIEUWKOPJEVERWIJZING__":"nonewsectionlink","__NONEWSECTIONLINK__":"nonewsectionlink","__VERBORGENCAT__":"hiddencat","__HIDDENCAT__":"hiddencat","__EXPECTUNUSEDCATEGORY__":"expectunusedcategory","__INDEX__":"index","__GEENINDEX__":"noindex","__NOINDEX__":"noindex","__STATISCHEDOORVERWIJZING__":"staticredirect","__STATISCHEREDIRECT__":"staticredirect","__STATICREDIRECT__":"staticredirect","__NOGLOBAL__":"noglobal","__DISAMBIG__":"disambiguation"}],"functionSynonyms":[{"nr":"ns","ns":
"ns","nre":"nse","nse":"nse","urlcoderen":"urlencode","codeerurl":"urlencode","urlencode":"urlencode","kleerste":"lcfirst","lcfirst":"lcfirst","gleerste":"ucfirst","hleerste":"ucfirst","ucfirst":"ucfirst","kl":"lc","lc":"lc","hl":"uc","uc":"uc","lokaleurl":"localurl","localurl":"localurl","lokaleurle":"localurle","localurle":"localurle","volledigeurl":"fullurl","fullurl":"fullurl","volledigeurle":"fullurle","fullurle":"fullurle","canoiekeurl":"canonicalurl","canonicalurl":"canonicalurl","canoniekeurle":"canonicalurle","canonicalurle":"canonicalurle","formatteernum":"formatnum","numformatteren":"formatnum","formatnum":"formatnum","grammatica":"grammar","grammar":"grammar","geslacht":"gender","gender":"gender","meervoud":"plural","plural":"plural","bidi":"bidi","#taal":"language","#language":"language","linksopvullen":"padleft","padleft":"padleft","rechtsopvullen":"padright","padright":"padright","ankercoderen":"anchorencode","codeeranker":"anchorencode","anchorencode":"anchorencode",
"bestandspad":"filepath","filepath":"filepath","paginaid":"pageid","pageid":"pageid","int":"int","#speciaal":"special","#special":"special","#speciaale":"speciale","#speciale":"speciale","#label":"tag","#tag":"tag","#datumopmaak":"formatdate","#formatdate":"formatdate","#dateformat":"formatdate","geenexternetaalkoppelingen":"noexternallanglinks","geenexternetaalverwijzingen":"noexternallanglinks","noexternallanglinks":"noexternallanglinks","#eigenschap":"property","#property":"property","#statements":"statements","#als":"if","#if":"if","#alsgelijk":"ifeq","#ifeq":"ifeq","#schakelen":"switch","#switch":"switch","#alsbestaat":"ifexist","#ifexist":"ifexist","#alsexpressie":"ifexpr","#ifexpr":"ifexpr","#alsfout":"iferror","#iferror":"iferror","#tijd":"time","#time":"time","#tijdl":"timel","#timel":"timel","#expressie":"expr","#expr":"expr","#relatiefnaarabsoluut":"rel2abs","#rel2abs":"rel2abs","#paginanaamdelen":"titleparts","#titleparts":"titleparts","#categorieboom":"categorytree",
"#categorytree":"categorytree","#lst":"lst","#section":"lst","#lstx":"lstx","#section-x":"lstx","#lsth":"lsth","#section-h":"lsth","#target":"target","#babel":"babel","#coordinates":"coordinates","#aanroepen":"invoke","#invoke":"invoke","#related":"related","artikelpad":"articlepath","articlepath":"articlepath","server":"server","servernaam":"servername","servername":"servername","scriptpad":"scriptpath","scriptpath":"scriptpath","stijlpad":"stylepath","stylepath":"stylepath","wbreponame":"wbreponame","numberofwikis":"numberofwikis"},{"AANTALPAGINAS":"numberofpages","AANTALPAGINA'S":"numberofpages","AANTALPAGINA’S":"numberofpages","NUMBEROFPAGES":"numberofpages","AANTALGEBRUIKERS":"numberofusers","NUMBEROFUSERS":"numberofusers","AANTALACTIEVEGEBRUIKERS":"numberofactiveusers","ACTIEVEGEBRUIKERS":"numberofactiveusers","NUMBEROFACTIVEUSERS":"numberofactiveusers","AANTALARTIKELEN":"numberofarticles","NUMBEROFARTICLES":"numberofarticles","AANTALBESTANDEN":"numberoffiles","NUMBEROFFILES":
"numberoffiles","AANTALBEHEERDERS":"numberofadmins","AANTALADMINS":"numberofadmins","NUMBEROFADMINS":"numberofadmins","AANTALINGROEP":"numberingroup","NUMBERINGROUP":"numberingroup","NUMINGROUP":"numberingroup","AANTALBEWERKINGEN":"numberofedits","NUMBEROFEDITS":"numberofedits","STANDAARDSORTERING":"defaultsort","DEFAULTSORT":"defaultsort","DEFAULTSORTKEY":"defaultsort","DEFAULTCATEGORYSORT":"defaultsort","PAGINASINCATEGORIE":"pagesincategory","PAGINASINCAT":"pagesincategory","PAGESINCATEGORY":"pagesincategory","PAGESINCAT":"pagesincategory","PAGINAGROOTTE":"pagesize","PAGESIZE":"pagesize","BEVEILIGINGSNIVEAU":"protectionlevel","PROTECTIONLEVEL":"protectionlevel","PROTECTIONEXPIRY":"protectionexpiry","NAAMRUIMTEE":"namespacee","NAMESPACEE":"namespacee","NAAMRUIMTENUMMER":"namespacenumber","NAMESPACENUMBER":"namespacenumber","OVERLEGRUIMTE":"talkspace","TALKSPACE":"talkspace","OVERLEGRUIMTEE":"talkspacee","TALKSPACEE":"talkspacee","ONDERWERPRUIMTE":"subjectspace","ARTIKELRUIMTE":
"subjectspace","SUBJECTSPACE":"subjectspace","ARTICLESPACE":"subjectspace","ONDERWERPRUIMTEE":"subjectspacee","ARTIKELRUIMTEE":"subjectspacee","SUBJECTSPACEE":"subjectspacee","ARTICLESPACEE":"subjectspacee","PAGINANAAM":"pagename","PAGENAME":"pagename","PAGINANAAME":"pagenamee","PAGENAMEE":"pagenamee","VOLLEDIGEPAGINANAAM":"fullpagename","FULLPAGENAME":"fullpagename","VOLLEDIGEPAGINANAAME":"fullpagenamee","FULLPAGENAMEE":"fullpagenamee","ROOTPAGINANAAM":"rootpagename","ROOTPAGENAME":"rootpagename","ROOTPAGINANAAME":"rootpagenamee","ROOTPAGENAMEE":"rootpagenamee","BASISPAGINANAAM":"basepagename","BASEPAGENAME":"basepagename","BASISPAGINANAAME":"basepagenamee","BASEPAGENAMEE":"basepagenamee","DEELPAGINANAAM":"subpagename","SUBPAGENAME":"subpagename","DEELPAGINANAAME":"subpagenamee","SUBPAGENAMEE":"subpagenamee","OVERLEGPAGINANAAM":"talkpagename","TALKPAGENAME":"talkpagename","OVERLEGPAGINANAAME":"talkpagenamee","TALKPAGENAMEE":"talkpagenamee","ONDERWERPPAGINANAAM":"subjectpagename",
"ARTIKELPAGINANAAM":"subjectpagename","SUBJECTPAGENAME":"subjectpagename","ARTICLEPAGENAME":"subjectpagename","ONDERWERPPAGINANAAME":"subjectpagenamee","ARTIKELPAGINANAAME":"subjectpagenamee","SUBJECTPAGENAMEE":"subjectpagenamee","ARTICLEPAGENAMEE":"subjectpagenamee","VERSIEID":"revisionid","REVISIONID":"revisionid","VERSIEDAG":"revisionday","REVISIONDAY":"revisionday","VERSIEDAG2":"revisionday2","REVISIONDAY2":"revisionday2","VERSIEMAAND":"revisionmonth","REVISIONMONTH":"revisionmonth","VERSIEMAAND1":"revisionmonth1","REVISIONMONTH1":"revisionmonth1","VERSIEJAAR":"revisionyear","REVISIONYEAR":"revisionyear","VERSIETIJD":"revisiontimestamp","REVISIONTIMESTAMP":"revisiontimestamp","VERSIEGEBRUIKER":"revisionuser","REVISIONUSER":"revisionuser","CASCADINGSOURCES":"cascadingsources","NAAMRUIMTE":"namespace","NAMESPACE":"namespace","WEERGEGEVENTITEL":"displaytitle","TOONTITEL":"displaytitle","DISPLAYTITLE":"displaytitle","!":"!","HUIDIGEMAAND":"currentmonth","HUIDIGEMAAND2":"currentmonth",
"CURRENTMONTH":"currentmonth","CURRENTMONTH2":"currentmonth","HUIDIGEMAAND1":"currentmonth1","CURRENTMONTH1":"currentmonth1","HUIDIGEMAANDNAAM":"currentmonthname","CURRENTMONTHNAME":"currentmonthname","HUIDIGEMAANDGEN":"currentmonthnamegen","CURRENTMONTHNAMEGEN":"currentmonthnamegen","HUIDIGEMAANDAFK":"currentmonthabbrev","CURRENTMONTHABBREV":"currentmonthabbrev","HUIDIGEDAG":"currentday","CURRENTDAY":"currentday","HUIDIGEDAG2":"currentday2","CURRENTDAY2":"currentday2","HUIDIGEDAGNAAM":"currentdayname","CURRENTDAYNAME":"currentdayname","HUIDIGJAAR":"currentyear","CURRENTYEAR":"currentyear","HUIDIGETIJD":"currenttime","CURRENTTIME":"currenttime","HUIDIGUUR":"currenthour","CURRENTHOUR":"currenthour","PLAATSELIJKEMAAND":"localmonth","LOKALEMAAND":"localmonth","LOKALEMAAND2":"localmonth","LOCALMONTH":"localmonth","LOCALMONTH2":"localmonth","LOKALEMAAND1":"localmonth1","LOCALMONTH1":"localmonth1","PLAATSELIJKEMAANDNAAM":"localmonthname","LOKALEMAANDNAAM":"localmonthname","LOCALMONTHNAME":
"localmonthname","PLAATSELIJKEMAANDNAAMGEN":"localmonthnamegen","LOKALEMAANDNAAMGEN":"localmonthnamegen","LOCALMONTHNAMEGEN":"localmonthnamegen","PLAATSELIJKEMAANDAFK":"localmonthabbrev","LOKALEMAANDAFK":"localmonthabbrev","LOCALMONTHABBREV":"localmonthabbrev","PLAATSELIJKEDAG":"localday","LOKALEDAG":"localday","LOCALDAY":"localday","PLAATSELIJKEDAG2":"localday2","LOKALEDAG2":"localday2","LOCALDAY2":"localday2","PLAATSELIJKEDAGNAAM":"localdayname","LOKALEDAGNAAM":"localdayname","LOCALDAYNAME":"localdayname","PLAATSELIJKJAAR":"localyear","LOKAALJAAR":"localyear","LOCALYEAR":"localyear","PLAATSELIJKETIJD":"localtime","LOKALETIJD":"localtime","LOCALTIME":"localtime","PLAATSELIJKUUR":"localhour","LOKAALUUR":"localhour","LOCALHOUR":"localhour","SITENAAM":"sitename","SITENAME":"sitename","HUIDIGEWEEK":"currentweek","CURRENTWEEK":"currentweek","HUIDIGEDVDW":"currentdow","CURRENTDOW":"currentdow","PLAATSELIJKEWEEK":"localweek","LOKALEWEEK":"localweek","LOCALWEEK":"localweek","PLAATSELIJKEDVDW"
:"localdow","LOKALEDVDW":"localdow","LOCALDOW":"localdow","VERSIEGROOTTE":"revisionsize","REVISIONSIZE":"revisionsize","HUIDIGEVERSIE":"currentversion","CURRENTVERSION":"currentversion","HUIDIGETIJDSTEMPEL":"currenttimestamp","CURRENTTIMESTAMP":"currenttimestamp","PLAATSELIJKETIJDSTEMPEL":"localtimestamp","LOKALETIJDSTEMPEL":"localtimestamp","LOCALTIMESTAMP":"localtimestamp","RICHTINGMARKERING":"directionmark","RICHTINGSMARKERING":"directionmark","DIRECTIONMARK":"directionmark","DIRMARK":"directionmark","INHOUDSTAAL":"contentlanguage","INHOUDTAAL":"contentlanguage","CONTENTLANGUAGE":"contentlanguage","CONTENTLANG":"contentlanguage","PAGELANGUAGE":"pagelanguage"}],"urlProtocols":
"bitcoin\\:|ftp\\:\\/\\/|ftps\\:\\/\\/|geo\\:|git\\:\\/\\/|gopher\\:\\/\\/|http\\:\\/\\/|https\\:\\/\\/|irc\\:\\/\\/|ircs\\:\\/\\/|magnet\\:|mailto\\:|mms\\:\\/\\/|news\\:|nntp\\:\\/\\/|redis\\:\\/\\/|sftp\\:\\/\\/|sip\\:|sips\\:|sms\\:|ssh\\:\\/\\/|svn\\:\\/\\/|tel\\:|telnet\\:\\/\\/|urn\\:|worldwind\\:\\/\\/|xmpp\\:|\\/\\/","linkTrailCharacters":"/^([a-zäöüïëéèà]+)(.*)$/sDu"}}