{"extCodeMirrorConfig":{"pluginModules":[],"tagModes":{"ref":"text/mediawiki","pre":"mw-tag-pre","nowiki":"mw-tag-nowiki"},"tags":{"pre":true,"nowiki":true,"gallery":true,"indicator":true,"timeline":true,"hiero":true,"charinsert":true,"ref":true,"references":true,"inputbox":true,"imagemap":true,"source":true,"syntaxhighlight":true,"poem":true,"categorytree":true,"section":true,"score":true,"templatestyles":true,"templatedata":true,"math":true,"ce":true,"chem":true,"graph":true,"maplink":true,"mapframe":true},"doubleUnderscore":[{"__առանց_բով__":"notoc","__notoc__":"notoc","__առանց_սրահի__":"nogallery","__nogallery__":"nogallery","__ստիպել_բով__":"forcetoc","__forcetoc__":"forcetoc","__բով__":"toc","__toc__":"toc","__առանց_բաժնի_խմբագրման__":"noeditsection","__noeditsection__":"noeditsection","__առանց_վերնագրի_փոփոխման__"
:"notitleconvert","__notitleconvert__":"notitleconvert","__notc__":"notitleconvert","__առանց_պարունակության_փոփոխման__":"nocontentconvert","__nocontentconvert__":"nocontentconvert","__nocc__":"nocontentconvert"},{"__ՀՂՈՒՄ_ՆՈՐ_ԲԱԺՆԻ_ՎՐԱ__":"newsectionlink","__NEWSECTIONLINK__":"newsectionlink","__NONEWSECTIONLINK__":"nonewsectionlink","__HIDDENCAT__":"hiddencat","__EXPECTUNUSEDCATEGORY__":"expectunusedcategory","__INDEX__":"index","__NOINDEX__":"noindex","__STATICREDIRECT__":"staticredirect","__NOGLOBAL__":"noglobal","__DISAMBIG__":"disambiguation"}],"functionSynonyms":[{"ատ՝":"ns","ns":"ns","nse":"nse","մշակված_հասցե՛":"urlencode","urlencode":"urlencode","փոքրատառ_սկզբնատառ՝":"lcfirst","lcfirst":"lcfirst","մեծատառ_սկզբնատառ՝":"ucfirst","ucfirst":"ucfirst","փոքրատառ՝":"lc","lc":"lc","մեծատառ՝":"uc","uc":"uc","տեղական_հասցեն՝":"localurl","localurl":"localurl",
"տեղական_հասցեն_2՝":"localurle","localurle":"localurle","լրիվ_հասցեն՝":"fullurl","fullurl":"fullurl","լրիվ_հասցեն_2՝":"fullurle","fullurle":"fullurle","canonicalurl":"canonicalurl","canonicalurle":"canonicalurle","ձեվել_թիվը":"formatnum","formatnum":"formatnum","հոլով՛":"grammar","grammar":"grammar","gender":"gender","հոգնակի՝":"plural","plural":"plural","bidi":"bidi","#լեզու՝":"language","#language":"language","լրացնել_ձախից":"padleft","padleft":"padleft","լրացնել_աջից":"padright","padright":"padright","anchorencode":"anchorencode","filepath":"filepath","pageid":"pageid","ներք՝":"int","int":"int","#սպասարկող":"special","#special":"special","#speciale":"speciale","#tag":"tag","#formatdate":"formatdate","#dateformat":"formatdate","noexternallanglinks":"noexternallanglinks","#property":"property","#statements":"statements","#if":"if","#ifeq":"ifeq","#switch":"switch","#ifexist":"ifexist"
,"#ifexpr":"ifexpr","#iferror":"iferror","#time":"time","#timel":"timel","#expr":"expr","#rel2abs":"rel2abs","#titleparts":"titleparts","#categorytree":"categorytree","#lst":"lst","#section":"lst","#lstx":"lstx","#section-x":"lstx","#lsth":"lsth","#section-h":"lsth","#target":"target","#babel":"babel","#coordinates":"coordinates","#invoke":"invoke","#related":"related","articlepath":"articlepath","սերվերը":"server","server":"server","սերվերի_անունը":"servername","servername":"servername","սքրիպտի_ճանապարհը":"scriptpath","scriptpath":"scriptpath","stylepath":"stylepath","wbreponame":"wbreponame","numberofwikis":"numberofwikis"},{"ԷՋԵՐԻ_ՔԱՆԱԿԸ":"numberofpages","NUMBEROFPAGES":"numberofpages","ՄԱՍՆԱԿԻՑՆԵՐԻ_ՔԱՆԱԿԸ":"numberofusers","NUMBEROFUSERS":"numberofusers","NUMBEROFACTIVEUSERS":"numberofactiveusers","ՀՈԴՎԱԾՆԵՐԻ_ՔԱՆԱԿԸ":"numberofarticles","NUMBEROFARTICLES":"numberofarticles","ՖԱՅԼԵՐԻ_ՔԱՆԱԿԸ"
:"numberoffiles","NUMBEROFFILES":"numberoffiles","ԱԴՄԻՆՆԵՐԻ_ՔԱՆԱԿԸ":"numberofadmins","NUMBEROFADMINS":"numberofadmins","NUMBERINGROUP":"numberingroup","NUMINGROUP":"numberingroup","NUMBEROFEDITS":"numberofedits","ԼՌՈՒԹՅԱՄԲ_ԴԱՍԱՎՈՐՈՒՄ՝":"defaultsort","DEFAULTSORT":"defaultsort","DEFAULTSORTKEY":"defaultsort","DEFAULTCATEGORYSORT":"defaultsort","PAGESINCATEGORY":"pagesincategory","PAGESINCAT":"pagesincategory","PAGESIZE":"pagesize","PROTECTIONLEVEL":"protectionlevel","PROTECTIONEXPIRY":"protectionexpiry","ԱՆՎԱՆԱՏԱՐԱԾՔ_2":"namespacee","NAMESPACEE":"namespacee","NAMESPACENUMBER":"namespacenumber","ՔՆՆԱՐԿՄԱՆ_ՏԱՐԱԾՔԸ":"talkspace","TALKSPACE":"talkspace","ՔՆՆԱՐԿՄԱՆ_ՏԱՐԱԾՔԸ_2":"talkspacee","TALKSPACEE":"talkspacee","ՀՈԴՎԱԾՆԵՐԻ_ՏԱՐԱԾՔԸ":"subjectspace","SUBJECTSPACE":"subjectspace","ARTICLESPACE":"subjectspace","ՀՈԴՎԱԾՆԵՐԻ_ՏԱՐԱԾՔԸ_2":"subjectspacee","SUBJECTSPACEE":"subjectspacee",
"ARTICLESPACEE":"subjectspacee","ԷՋԻ_ԱՆՈՒՆԸ":"pagename","PAGENAME":"pagename","ԷՋԻ_ԱՆՈՒՆԸ_2":"pagenamee","PAGENAMEE":"pagenamee","ԷՋԻ_ԼՐԻՎ_ԱՆՎԱՆՈՒՄԸ":"fullpagename","FULLPAGENAME":"fullpagename","ԷՋԻ_ԼՐԻՎ_ԱՆՎԱՆՈՒՄԸ_2":"fullpagenamee","FULLPAGENAMEE":"fullpagenamee","ROOTPAGENAME":"rootpagename","ROOTPAGENAMEE":"rootpagenamee","ՀԻՄՆԱԿԱՆ_ԷՋԻ_ԱՆՎԱՆՈՒՄԸ":"basepagename","BASEPAGENAME":"basepagename","ՀԻՄՆԱԿԱՆ_ԷՋԻ_ԱՆՎԱՆՈՒՄԸ_2":"basepagenamee","BASEPAGENAMEE":"basepagenamee","ԵՆԹԱԷՋԻ_ԱՆՎԱՆՈՒՄԸ":"subpagename","SUBPAGENAME":"subpagename","ԵՆԹԱԷՋԻ_ԱՆՎԱՆՈՒՄԸ_2":"subpagenamee","SUBPAGENAMEE":"subpagenamee","ՔՆՆԱՐԿՄԱՆ_ԷՋԻ_ԱՆՎԱՆՈՒՄԸ":"talkpagename","TALKPAGENAME":"talkpagename","ՔՆՆԱՐԿՄԱՆ_ԷՋԻ_ԱՆՎԱՆՈՒՄԸ_2":"talkpagenamee","TALKPAGENAMEE":"talkpagenamee","ՀՈԴՎԱԾԻ_ԷՋԻ_ԱՆՎԱՆՈՒՄԸ":"subjectpagename","SUBJECTPAGENAME":
"subjectpagename","ARTICLEPAGENAME":"subjectpagename","ՀՈԴՎԱԾԻ_ԷՋԻ_ԱՆՎԱՆՈՒՄԸ_2":"subjectpagenamee","SUBJECTPAGENAMEE":"subjectpagenamee","ARTICLEPAGENAMEE":"subjectpagenamee","ՏԱՐԲԵՐԱԿԻ_ՀԱՄԱՐԸ":"revisionid","REVISIONID":"revisionid","ՏԱՐԲԵՐԱԿԻ_ՕՐԸ":"revisionday","REVISIONDAY":"revisionday","ՏԱՐԲԵՐԱԿԻ_ՕՐԸ_2":"revisionday2","REVISIONDAY2":"revisionday2","ՏԱՐԲԵՐԱԿԻ_ԱՄԻՍԸ":"revisionmonth","REVISIONMONTH":"revisionmonth","REVISIONMONTH1":"revisionmonth1","ՏԱՐԲԵՐԱԿԻ_ՏԱՐԻՆ":"revisionyear","REVISIONYEAR":"revisionyear","REVISIONTIMESTAMP":"revisiontimestamp","REVISIONUSER":"revisionuser","CASCADINGSOURCES":"cascadingsources","ԱՆՎԱՆԱՏԱՐԱԾՔ":"namespace","NAMESPACE":"namespace","ՑՈՒՅՑ_ՏԱԼ_ՎԵՐՆԱԳԻՐԸ":"displaytitle","DISPLAYTITLE":"displaytitle","!":"!","ԸՆԹԱՑԻՔ_ԱՄԻՍԸ":"currentmonth","CURRENTMONTH":"currentmonth","CURRENTMONTH2":"currentmonth","CURRENTMONTH1":
"currentmonth1","ԸՆԹԱՑԻՔ_ԱՄՍՎԱ_ԱՆՈՒՆԸ":"currentmonthname","CURRENTMONTHNAME":"currentmonthname","ԸՆԹԱՑԻՔ_ԱՄՍՎԱ_ԱՆՈՒՆԸ_ՍԵՌ":"currentmonthnamegen","CURRENTMONTHNAMEGEN":"currentmonthnamegen","ԸՆԹԱՑԻՔ_ԱՄՍՎԱ_ԱՆՎԱՆ_ՀԱՊԱՎՈՒՄԸ":"currentmonthabbrev","CURRENTMONTHABBREV":"currentmonthabbrev","ԸՆԹԱՑԻՔ_ՕՐԸ":"currentday","CURRENTDAY":"currentday","ԸՆԹԱՑԻՔ_ՕՐԸ_2":"currentday2","CURRENTDAY2":"currentday2","ԸՆԹԱՑԻՔ_ՕՐՎԱ_ԱՆՈՒՆԸ":"currentdayname","CURRENTDAYNAME":"currentdayname","ԸՆԹԱՑԻՔ_ՏԱՐԻՆ":"currentyear","CURRENTYEAR":"currentyear","ԸՆԹԱՑԻՔ_ԺԱՄԱՆԱԿԸ":"currenttime","CURRENTTIME":"currenttime","ԸՆԹԱՑԻՔ_ԺԱՄԸ":"currenthour","CURRENTHOUR":"currenthour","ՏԵՂԱԿԱՆ_ԱՄԻՍԸ":"localmonth","LOCALMONTH":"localmonth","LOCALMONTH2":"localmonth","LOCALMONTH1":"localmonth1","ՏԵՂԱԿԱՆ_ԱՄՍՎԱ_ԱՆՈՒՆԸ":"localmonthname","LOCALMONTHNAME":"localmonthname",
"ՏԵՂԱԿԱՆ_ԱՄՍՎԱ_ԱՆՈՒՆԸ_ՍԵՌ":"localmonthnamegen","LOCALMONTHNAMEGEN":"localmonthnamegen","ՏԵՂԱԿԱՆ_ԱՄՍՎԱ_ԱՆՎԱՆ_ՀԱՊԱՎՈՒՄԸ":"localmonthabbrev","LOCALMONTHABBREV":"localmonthabbrev","ՏԵՂԱԿԱՆ_ՕՐԸ":"localday","LOCALDAY":"localday","ՏԵՂԱԿԱՆ_ՕՐԸ_2":"localday2","LOCALDAY2":"localday2","ՏԵՂԱԿԱՆ_ՕՐՎԱ_ԱՆՈՒՆԸ":"localdayname","LOCALDAYNAME":"localdayname","ՏԵՂԱԿԱՆ_ՏԱՐԻՆ":"localyear","LOCALYEAR":"localyear","ՏԵՂԱԿԱՆ_ԺԱՄԱՆԱԿԸ":"localtime","LOCALTIME":"localtime","ՏԵՂԱԿԱՆ_ԺԱՄԸ":"localhour","LOCALHOUR":"localhour","ԿԱՅՔԻ_ԱՆՈՒՆԸ":"sitename","SITENAME":"sitename","ԸՆԹԱՑԻՔ_ՇԱԲԱԹԸ":"currentweek","CURRENTWEEK":"currentweek","ԸՆԹԱՑԻՔ_ՇԱԲԱԹՎԱ_ՕՐԸ":"currentdow","CURRENTDOW":"currentdow","ՏԵՂԱԿԱՆ_ՇԱԲԱԹՎԸ":"localweek","LOCALWEEK":"localweek","ՏԵՂԱԿԱՆ_ՇԱԲԱԹՎԱ_ՕՐԸ":"localdow","LOCALDOW":"localdow","REVISIONSIZE":"revisionsize"
,"ԸՆԹԱՑԻՔ_ՏԱՐԲԵՐԱԿԸ":"currentversion","CURRENTVERSION":"currentversion","ԸՆԹԱՑԻՔ_ԺԱՄԱՆԱԿԻ_ԴՐՈՇՄ":"currenttimestamp","CURRENTTIMESTAMP":"currenttimestamp","ՏԵՂԱԿԱՆ_ԺԱՄԱՆԱԿԻ_ԴՐՈՇՄ":"localtimestamp","LOCALTIMESTAMP":"localtimestamp","ՆԱՄԱԿԻ_ՈՒՂՂՈՒԹՅՈՒՆԸ":"directionmark","DIRECTIONMARK":"directionmark","DIRMARK":"directionmark","ՊԱՐՈՒՆԱԿՈՒԹՅԱՆ_ԼԵԶՈՒՆ":"contentlanguage","CONTENTLANGUAGE":"contentlanguage","CONTENTLANG":"contentlanguage","PAGELANGUAGE":"pagelanguage"}],"urlProtocols":"bitcoin\\:|ftp\\:\\/\\/|ftps\\:\\/\\/|geo\\:|git\\:\\/\\/|gopher\\:\\/\\/|http\\:\\/\\/|https\\:\\/\\/|irc\\:\\/\\/|ircs\\:\\/\\/|magnet\\:|mailto\\:|mms\\:\\/\\/|news\\:|nntp\\:\\/\\/|redis\\:\\/\\/|sftp\\:\\/\\/|sip\\:|sips\\:|sms\\:|ssh\\:\\/\\/|svn\\:\\/\\/|tel\\:|telnet\\:\\/\\/|urn\\:|worldwind\\:\\/\\/|xmpp\\:|\\/\\/","linkTrailCharacters":
"/^([a-zաբգդեզէըթժիլխծկհձղճմյնշոչպջռսվտրցւփքօֆև«»]+)(.*)$/sDu"}}