{"extCodeMirrorConfig":{"pluginModules":[],"tagModes":{"ref":"text/mediawiki","pre":"mw-tag-pre","nowiki":"mw-tag-nowiki"},"tags":{"pre":true,"nowiki":true,"gallery":true,"indicator":true,"timeline":true,"hiero":true,"charinsert":true,"ref":true,"references":true,"inputbox":true,"imagemap":true,"source":true,"syntaxhighlight":true,"poem":true,"categorytree":true,"section":true,"score":true,"templatestyles":true,"templatedata":true,"math":true,"ce":true,"chem":true,"graph":true,"maplink":true,"mapframe":true},"doubleUnderscore":[{"__ഉള്ളടക്കംവേണ്ട__":"notoc","__notoc__":"notoc","__ചിത്രസഞ്ചയംവേണ്ട__":"nogallery","__nogallery__":"nogallery","__ഉള്ളടക്കംഇടുക__":"forcetoc","__forcetoc__":"forcetoc","__ഉള്ളടക്കം__":"toc","__toc__":"toc","__സംശോധിക്കേണ്ട__":
"noeditsection","__noeditsection__":"noeditsection","__തലക്കെട്ട്മാറ്റേണ്ട__":"notitleconvert","__notitleconvert__":"notitleconvert","__notc__":"notitleconvert","__ഉള്ളടക്കംമാറ്റേണ്ട__":"nocontentconvert","__nocontentconvert__":"nocontentconvert","__nocc__":"nocontentconvert"},{"__പുതിയവിഭാഗംകണ്ണി__":"newsectionlink","__പുതിയഖണ്ഡിക്കണ്ണി__":"newsectionlink","__NEWSECTIONLINK__":"newsectionlink","__പുതിയവിഭാഗംകണ്ണിവേണ്ട__":"nonewsectionlink","__പുതിയഖണ്ഡിക്കണ്ണിവേണ്ട__":"nonewsectionlink","__NONEWSECTIONLINK__":"nonewsectionlink","‌‌__മറഞ്ഞിരിക്കുംവർഗ്ഗം__":"hiddencat","__HIDDENCAT__":"hiddencat","__EXPECTUNUSEDCATEGORY__":"expectunusedcategory","‌‌__സൂചിക__":"index","__INDEX__":"index",
"__സൂചികവേണ്ട__":"noindex","__NOINDEX__":"noindex","_സ്ഥിരസ്ഥിതതിരിച്ചുവിടൽ_":"staticredirect","__STATICREDIRECT__":"staticredirect","__NOGLOBAL__":"noglobal","__DISAMBIG__":"disambiguation"}],"functionSynonyms":[{"നാമേ":"ns","ns":"ns","നാമേസ":"nse","nse":"nse","വിലാസഗൂഢീകരണം":"urlencode","urlencode":"urlencode","lcfirst":"lcfirst","ucfirst":"ucfirst","lc":"lc","uc":"uc","ലോക്കൽയുആർഎൽ":"localurl","localurl":"localurl","ലോക്കൽയുആർഎൽഇ":"localurle","localurle":"localurle","പൂർണ്ണവിലാസം":"fullurl","fullurl":"fullurl","പൂർണ്ണവിലാസംസമഗ്രം":"fullurle","fullurle":"fullurle","കാനോനിക്കൽവിലാസം":"canonicalurl","canonicalurl":"canonicalurl","കാനോനിക്കൽവിലാസംസമഗ്രം":"canonicalurle","canonicalurle":
"canonicalurle","ദശാംശഘടന":"formatnum","സംഖ്യാഘടന":"formatnum","formatnum":"formatnum","വ്യാകരണം":"grammar","grammar":"grammar","ലിംഗം":"gender","gender":"gender","ബഹുവചനം":"plural","plural":"plural","bidi":"bidi","#ഭാഷ":"language","#language":"language","ഇടത്ത്നിറക്കുക":"padleft","padleft":"padleft","വലത്ത്നിറക്കുക":"padright","padright":"padright","anchorencode":"anchorencode","പ്രമാണപഥം":"filepath","filepath":"filepath","താൾഐ‌ഡി":"pageid","pageid":"pageid","സമ്പർക്കം":"int","int":"int","#പ്രത്യേകം":"special","#special":"special","#സവിശേഷം":"speciale","#speciale":"speciale","#റ്റാഗ്":"tag","#ടാഗ്":"tag","#tag":"tag","#ദിനരേഖീകരണരീതി":"formatdate","#ദിവസരേഖീകരണരീതി":"formatdate","#formatdate":
"formatdate","#dateformat":"formatdate","ബാഹ്യഭാഷാകണ്ണികൾവേണ്ട":"noexternallanglinks","noexternallanglinks":"noexternallanglinks","#property":"property","#statements":"statements","#എങ്കിൽ":"if","#if":"if","#സമമെങ്കിൽ":"ifeq","#ifeq":"ifeq","#മാറ്റുക":"switch","#switch":"switch","#ഉണ്ടെങ്കിൽ":"ifexist","#ifexist":"ifexist","#എക്സ്പ്രെഷനെങ്കിൽ":"ifexpr","#ifexpr":"ifexpr","#പിഴവെങ്കിൽ":"iferror","#iferror":"iferror","#സമയം":"time","#time":"time","#സമയം|":"timel","#timel":"timel","#ദ്യോതകം":"expr","#expr":"expr","#rel2abs":"rel2abs","#titleparts":"titleparts","#വർഗ്ഗവൃക്ഷം":"categorytree","#categorytree":"categorytree","#lst":"lst","#section":"lst","#lstx":"lstx","#section-x":"lstx","#lsth":"lsth","#section-h":"lsth","#ലക്ഷ്യം":"target","#target":"target",
"#ബാബേൽ":"babel","#babel":"babel","#coordinates":"coordinates","#ഉണർത്തുക":"invoke","#invoke":"invoke","#related":"related","ലേഖനപഥം":"articlepath","articlepath":"articlepath","സെർവർ":"server","server":"server","സെർവറിന്റെപേര്":"servername","servername":"servername","സ്ക്രിപ്റ്റ്പഥം":"scriptpath","scriptpath":"scriptpath","സ്റ്റൈൽപഥം":"stylepath","stylepath":"stylepath","wbreponame":"wbreponame","numberofwikis":"numberofwikis"},{"താളുകളുടെയെണ്ണം":"numberofpages","NUMBEROFPAGES":"numberofpages","ഉപയോക്താക്കളുടെയെണ്ണം":"numberofusers","അംഗങ്ങളുടെയെണ്ണം":"numberofusers","NUMBEROFUSERS":"numberofusers","സജീവോപയാക്താക്കളുടെയെണ്ണം":"numberofactiveusers","NUMBEROFACTIVEUSERS":"numberofactiveusers",
"ലേഖനങ്ങളുടെയെണ്ണം":"numberofarticles","NUMBEROFARTICLES":"numberofarticles","പ്രമാണങ്ങളുടെയെണ്ണം":"numberoffiles","NUMBEROFFILES":"numberoffiles","കാര്യനിർവ്വാഹകരുടെഎണ്ണം":"numberofadmins","NUMBEROFADMINS":"numberofadmins","ഗണത്തിലെയെണ്ണം":"numberingroup","NUMBERINGROUP":"numberingroup","NUMINGROUP":"numberingroup","തിരുത്തലുകളുടെണ്ണം":"numberofedits","NUMBEROFEDITS":"numberofedits","സ്വതേയുള്ളക്രമപ്പെടുത്തൽ":"defaultsort","സ്വതേയുള്ളക്രമപ്പെടുത്തൽചാവി":"defaultsort","സ്വതേയുള്ളവർഗ്ഗക്രമപ്പെടുത്തൽ":"defaultsort","DEFAULTSORT":"defaultsort","DEFAULTSORTKEY":"defaultsort","DEFAULTCATEGORYSORT":"defaultsort",
"വർഗ്ഗത്തിലുള്ളതാളുകൾ":"pagesincategory","PAGESINCATEGORY":"pagesincategory","PAGESINCAT":"pagesincategory","താൾവലിപ്പം":"pagesize","PAGESIZE":"pagesize","സംരക്ഷണതലം":"protectionlevel","PROTECTIONLEVEL":"protectionlevel","PROTECTIONEXPIRY":"protectionexpiry","നാമമേഖലസമഗ്രം":"namespacee","NAMESPACEE":"namespacee","നാമമേഖലാസംഖ്യ":"namespacenumber","NAMESPACENUMBER":"namespacenumber","സംവാദമേഖല":"talkspace","TALKSPACE":"talkspace","സംവാദമേഖലസമഗ്രം":"talkspacee","TALKSPACEE":"talkspacee","വിഷയമേഖല":"subjectspace","ലേഖനമേഖല":"subjectspace","SUBJECTSPACE":"subjectspace","ARTICLESPACE":"subjectspace","വിഷയമേഖലസമഗ്രം":"subjectspacee","ലേഖനമേഖലസമഗ്രം":"subjectspacee","SUBJECTSPACEE":"subjectspacee","ARTICLESPACEE":"subjectspacee",
"താളിന്റെപേര്‌":"pagename","PAGENAME":"pagename","താളിന്റെപേര്‌സമഗ്രം":"pagenamee","PAGENAMEE":"pagenamee","താളിന്റെമുഴുവൻപേര്‌":"fullpagename","FULLPAGENAME":"fullpagename","താളിന്റെമുഴുവൻപേര്സമഗ്രം":"fullpagenamee","FULLPAGENAMEE":"fullpagenamee","മൂലതാളിന്റെപേര്":"rootpagename","ROOTPAGENAME":"rootpagename","മൂലതാളിന്റെപേര്‌സമഗ്രം":"rootpagenamee","ROOTPAGENAMEE":"rootpagenamee","അടിസ്ഥാനതാളിന്റെപേര്‌":"basepagename","BASEPAGENAME":"basepagename","അടിസ്ഥാനതാളിന്റെപേര്‌സമഗ്രം":"basepagenamee","BASEPAGENAMEE":"basepagenamee","അനുബന്ധതാളിന്റെപേര്‌":"subpagename","SUBPAGENAME":"subpagename",
"അനുബന്ധതാളിന്റെപേര്സമഗ്രം":"subpagenamee","SUBPAGENAMEE":"subpagenamee","സംവാദതാളിന്റെപേര്‌":"talkpagename","TALKPAGENAME":"talkpagename","സംവാദതാളിന്റെപേര്‌സമഗ്രം":"talkpagenamee","TALKPAGENAMEE":"talkpagenamee","ലേഖനതാളിന്റെപേര്‌":"subjectpagename","SUBJECTPAGENAME":"subjectpagename","ARTICLEPAGENAME":"subjectpagename","ലേഖനതാളിന്റെപേര്‌സമഗ്രം":"subjectpagenamee","SUBJECTPAGENAMEE":"subjectpagenamee","ARTICLEPAGENAMEE":"subjectpagenamee","തിരുത്തൽഅടയാളം":"revisionid","REVISIONID":"revisionid","തിരുത്തിയദിവസം":"revisionday","തിരുത്തിയദിനം":"revisionday","REVISIONDAY":"revisionday","തിരുത്തിയദിവസം2":"revisionday2","തിരുത്തിയദിനം2":
"revisionday2","REVISIONDAY2":"revisionday2","തിരുത്തിയമാസം":"revisionmonth","REVISIONMONTH":"revisionmonth","തിരുത്തിയമാസം1":"revisionmonth1","REVISIONMONTH1":"revisionmonth1","തിരുത്തിയവർഷം":"revisionyear","REVISIONYEAR":"revisionyear","തിരുത്തിയസമയമുദ്ര":"revisiontimestamp","REVISIONTIMESTAMP":"revisiontimestamp","അവസാനംതിരുത്തിയയാൾ":"revisionuser","REVISIONUSER":"revisionuser","CASCADINGSOURCES":"cascadingsources","നാമമേഖല":"namespace","NAMESPACE":"namespace","ശീർഷകംപ്രദർശിപ്പിക്കുക":"displaytitle","തലക്കെട്ട്പ്രദർശിപ്പിക്കുക":"displaytitle","DISPLAYTITLE":"displaytitle","!":"!","ഈമാസം":"currentmonth","ഈമാസം2":"currentmonth","CURRENTMONTH":"currentmonth","CURRENTMONTH2":"currentmonth","ഈമാസം1":
"currentmonth1","CURRENTMONTH1":"currentmonth1","ഈമാസത്തിന്റെപേര്‌":"currentmonthname","CURRENTMONTHNAME":"currentmonthname","ഈമാസത്തിന്റെപേരുസൃഷ്ടിക്കുക":"currentmonthnamegen","CURRENTMONTHNAMEGEN":"currentmonthnamegen","ഈമാസത്തിന്റെപേര്‌സംഗ്രഹം":"currentmonthabbrev","ഈമാസത്തിന്റെപേര്‌ചുരുക്കം":"currentmonthabbrev","CURRENTMONTHABBREV":"currentmonthabbrev","ഈദിവസം":"currentday","CURRENTDAY":"currentday","ഈദിവസം2":"currentday2","CURRENTDAY2":"currentday2","ഈദിവസത്തിന്റെപേര്‌":"currentdayname","CURRENTDAYNAME":"currentdayname","ഈവർഷം":"currentyear","CURRENTYEAR":"currentyear","ഈസമയം":"currenttime","CURRENTTIME":"currenttime","ഈമണിക്കൂർ":"currenthour","CURRENTHOUR":"currenthour",
"പ്രാദേശികമാസം":"localmonth","പ്രാദേശികമാസം2":"localmonth","LOCALMONTH":"localmonth","LOCALMONTH2":"localmonth","പ്രാദേശികമാസം1":"localmonth1","LOCALMONTH1":"localmonth1","പ്രാദേശികമാസത്തിന്റെപേര്‌":"localmonthname","LOCALMONTHNAME":"localmonthname","പ്രാദേശികമാസത്തിന്റെപേരുസൃഷ്ടിക്കുക":"localmonthnamegen","LOCALMONTHNAMEGEN":"localmonthnamegen","പ്രാദേശികമാസത്തിന്റെപേര്‌സംഗ്രഹം":"localmonthabbrev","പ്രാദേശികമാസത്തിന്റെപേര്‌ചുരുക്കം":"localmonthabbrev","LOCALMONTHABBREV":"localmonthabbrev","പ്രാദേശികദിവസം":"localday","LOCALDAY":"localday","പ്രാദേശികദിവസം2":"localday2","LOCALDAY2":"localday2",
"പ്രാദേശികദിവസത്തിന്റെപേര്‌":"localdayname","LOCALDAYNAME":"localdayname","പ്രാദേശികവർഷം":"localyear","LOCALYEAR":"localyear","പ്രാദേശികസമയം":"localtime","LOCALTIME":"localtime","പ്രാദേശികമണിക്കൂർ":"localhour","LOCALHOUR":"localhour","സൈറ്റിന്റെപേര്":"sitename","SITENAME":"sitename","ആഴ്ച":"currentweek","ആഴ്‌ച":"currentweek","CURRENTWEEK":"currentweek","ദിവസത്തിന്റെപേര്‌അക്കത്തിൽ":"currentdow","CURRENTDOW":"currentdow","പ്രാദേശികആഴ്ച":"localweek","പ്രാദേശികആഴ്‌ച":"localweek","LOCALWEEK":"localweek","ആഴ്ചയുടെപേര്‌അക്കത്തിൽ":"localdow","ആഴ്‌ചയുടെപേര്‌അക്കത്തിൽ":"localdow","LOCALDOW":"localdow",
"നാൾപ്പതിപ്പിന്റെവലിപ്പം":"revisionsize","REVISIONSIZE":"revisionsize","ഈപതിപ്പ്":"currentversion","CURRENTVERSION":"currentversion","സമയമുദ്ര":"currenttimestamp","CURRENTTIMESTAMP":"currenttimestamp","പ്രാദേശികസമയമുദ്ര":"localtimestamp","LOCALTIMESTAMP":"localtimestamp","ദിശാസൂചിക":"directionmark","DIRECTIONMARK":"directionmark","DIRMARK":"directionmark","ഉള്ളടക്കഭാഷ":"contentlanguage","CONTENTLANGUAGE":"contentlanguage","CONTENTLANG":"contentlanguage","PAGELANGUAGE":"pagelanguage"}],"urlProtocols":"bitcoin\\:|ftp\\:\\/\\/|ftps\\:\\/\\/|geo\\:|git\\:\\/\\/|gopher\\:\\/\\/|http\\:\\/\\/|https\\:\\/\\/|irc\\:\\/\\/|ircs\\:\\/\\/|magnet\\:|mailto\\:|mms\\:\\/\\/|news\\:|nntp\\:\\/\\/|redis\\:\\/\\/|sftp\\:\\/\\/|sip\\:|sips\\:|sms\\:|ssh\\:\\/\\/|svn\\:\\/\\/|tel\\:|telnet\\:\\/\\/|urn\\:|worldwind\\:\\/\\/|xmpp\\:|\\/\\/",
"linkTrailCharacters":"/^([a-z\\x{0D02}-\\x{0D7F}]+)(.*)$/sDu"}}