{"extCodeMirrorConfig":{"pluginModules":[],"tagModes":{"ref":"text/mediawiki","pre":"mw-tag-pre","nowiki":"mw-tag-nowiki"},"tags":{"pre":true,"nowiki":true,"gallery":true,"indicator":true,"timeline":true,"hiero":true,"charinsert":true,"ref":true,"references":true,"inputbox":true,"imagemap":true,"source":true,"syntaxhighlight":true,"poem":true,"categorytree":true,"section":true,"score":true,"templatestyles":true,"templatedata":true,"math":true,"ce":true,"chem":true,"graph":true,"maplink":true,"mapframe":true},"doubleUnderscore":[{"__notoc__":"notoc","__emsafn__":"nogallery","__nogallery__":"nogallery","__forcetoc__":"forcetoc","__toc__":"toc","__noeditsection__":"noeditsection","__notitleconvert__":"notitleconvert","__notc__":"notitleconvert","__nocontentconvert__":"nocontentconvert","__nocc__":"nocontentconvert"},{"__NEWSECTIONLINK__":"newsectionlink","__NONEWSECTIONLINK__":
"nonewsectionlink","__HIDDENCAT__":"hiddencat","__EXPECTUNUSEDCATEGORY__":"expectunusedcategory","__INDEX__":"index","__NOINDEX__":"noindex","__STATICREDIRECT__":"staticredirect","__NOGLOBAL__":"noglobal","__DISAMBIG__":"disambiguation"}],"functionSynonyms":[{"nr":"ns","ns":"ns","nse":"nse","urlencode":"urlencode","lcfirst":"lcfirst","ucfirst":"ucfirst","lc":"lc","uc":"uc","localurl":"localurl","localurle":"localurle","fullurl":"fullurl","fullurle":"fullurle","canonicalurl":"canonicalurl","canonicalurle":"canonicalurle","formatnum":"formatnum","málfræði":"grammar","grammar":"grammar","gender":"gender","fltala":"plural","plural":"plural","bidi":"bidi","#tungumál":"language","#language":"language","padleft":"padleft","padright":"padright","anchorencode":"anchorencode","filepath":"filepath","pageid":"pageid","int":"int","#kerfissíða":"special","#special":"special","#speciale":"speciale","#tag":"tag","#formatdate":"formatdate","#dateformat":"formatdate","noexternallanglinks":
"noexternallanglinks","#property":"property","#statements":"statements","#if":"if","#ifeq":"ifeq","#switch":"switch","#ifexist":"ifexist","#ifexpr":"ifexpr","#iferror":"iferror","#time":"time","#timel":"timel","#expr":"expr","#rel2abs":"rel2abs","#titleparts":"titleparts","#categorytree":"categorytree","#lst":"lst","#section":"lst","#lstx":"lstx","#section-x":"lstx","#lsth":"lsth","#section-h":"lsth","#target":"target","#babel":"babel","#coordinates":"coordinates","#invoke":"invoke","#related":"related","articlepath":"articlepath","vefþj":"server","server":"server","vefþjnf":"servername","servername":"servername","scriptpath":"scriptpath","stylepath":"stylepath","wbreponame":"wbreponame","numberofwikis":"numberofwikis"},{"FJLSÍÐA":"numberofpages","NUMBEROFPAGES":"numberofpages","FJLNOT":"numberofusers","NUMBEROFUSERS":"numberofusers","NUMBEROFACTIVEUSERS":"numberofactiveusers","FJLGREINA":"numberofarticles","NUMBEROFARTICLES":"numberofarticles","FJLSKJALA":"numberoffiles",
"NUMBEROFFILES":"numberoffiles","NUMBEROFADMINS":"numberofadmins","NUMBERINGROUP":"numberingroup","NUMINGROUP":"numberingroup","FJLBREYT":"numberofedits","NUMBEROFEDITS":"numberofedits","DEFAULTSORT":"defaultsort","DEFAULTSORTKEY":"defaultsort","DEFAULTCATEGORYSORT":"defaultsort","PAGESINCATEGORY":"pagesincategory","PAGESINCAT":"pagesincategory","PAGESIZE":"pagesize","PROTECTIONLEVEL":"protectionlevel","PROTECTIONEXPIRY":"protectionexpiry","NAMESPACEE":"namespacee","NAMESPACENUMBER":"namespacenumber","SPJALLSVÆÐI":"talkspace","TALKSPACE":"talkspace","TALKSPACEE":"talkspacee","SUBJECTSPACE":"subjectspace","ARTICLESPACE":"subjectspace","SUBJECTSPACEE":"subjectspacee","ARTICLESPACEE":"subjectspacee","SÍÐUNAFN":"pagename","PAGENAME":"pagename","PAGENAMEE":"pagenamee","FULLTSÍÐUNF":"fullpagename","FULLPAGENAME":"fullpagename","FULLPAGENAMEE":"fullpagenamee","ROOTPAGENAME":"rootpagename","ROOTPAGENAMEE":"rootpagenamee","BASEPAGENAME":"basepagename","BASEPAGENAMEE":"basepagenamee",
"SUBPAGENAME":"subpagename","SUBPAGENAMEE":"subpagenamee","TALKPAGENAME":"talkpagename","TALKPAGENAMEE":"talkpagenamee","SUBJECTPAGENAME":"subjectpagename","ARTICLEPAGENAME":"subjectpagename","SUBJECTPAGENAMEE":"subjectpagenamee","ARTICLEPAGENAMEE":"subjectpagenamee","REVISIONID":"revisionid","REVISIONDAY":"revisionday","REVISIONDAY2":"revisionday2","REVISIONMONTH":"revisionmonth","REVISIONMONTH1":"revisionmonth1","REVISIONYEAR":"revisionyear","REVISIONTIMESTAMP":"revisiontimestamp","REVISIONUSER":"revisionuser","CASCADINGSOURCES":"cascadingsources","NAFNSVÆÐI":"namespace","NAMESPACE":"namespace","SÝNATITIL":"displaytitle","DISPLAYTITLE":"displaytitle","!":"!","CURRENTMONTH":"currentmonth","CURRENTMONTH2":"currentmonth","CURRENTMONTH1":"currentmonth1","CURRENTMONTHNAME":"currentmonthname","CURRENTMONTHNAMEGEN":"currentmonthnamegen","CURRENTMONTHABBREV":"currentmonthabbrev","NÚDAGUR":"currentday","CURRENTDAY":"currentday","NÚDAGUR2":"currentday2","CURRENTDAY2":"currentday2",
"NÚDAGNAFN":"currentdayname","CURRENTDAYNAME":"currentdayname","NÚÁR":"currentyear","CURRENTYEAR":"currentyear","NÚTÍMI":"currenttime","CURRENTTIME":"currenttime","NÚKTÍMI":"currenthour","CURRENTHOUR":"currenthour","STMÁN":"localmonth","LOCALMONTH":"localmonth","LOCALMONTH2":"localmonth","LOCALMONTH1":"localmonth1","STMÁNNAFN":"localmonthname","LOCALMONTHNAME":"localmonthname","LOCALMONTHNAMEGEN":"localmonthnamegen","STMÁNST":"localmonthabbrev","LOCALMONTHABBREV":"localmonthabbrev","STDAGUR":"localday","LOCALDAY":"localday","STDAGUR2":"localday2","LOCALDAY2":"localday2","STDAGNAFN":"localdayname","LOCALDAYNAME":"localdayname","STÁR":"localyear","LOCALYEAR":"localyear","STTÍMI":"localtime","LOCALTIME":"localtime","STKTÍMI":"localhour","LOCALHOUR":"localhour","SITENAME":"sitename","NÚVIKA":"currentweek","CURRENTWEEK":"currentweek","CURRENTDOW":"currentdow","STVIKA":"localweek","LOCALWEEK":"localweek","LOCALDOW":"localdow","REVISIONSIZE":"revisionsize","CURRENTVERSION":
"currentversion","CURRENTTIMESTAMP":"currenttimestamp","LOCALTIMESTAMP":"localtimestamp","DIRECTIONMARK":"directionmark","DIRMARK":"directionmark","CONTENTLANGUAGE":"contentlanguage","CONTENTLANG":"contentlanguage","PAGELANGUAGE":"pagelanguage"}],"urlProtocols":"bitcoin\\:|ftp\\:\\/\\/|ftps\\:\\/\\/|geo\\:|git\\:\\/\\/|gopher\\:\\/\\/|http\\:\\/\\/|https\\:\\/\\/|irc\\:\\/\\/|ircs\\:\\/\\/|magnet\\:|mailto\\:|mms\\:\\/\\/|news\\:|nntp\\:\\/\\/|redis\\:\\/\\/|sftp\\:\\/\\/|sip\\:|sips\\:|sms\\:|ssh\\:\\/\\/|svn\\:\\/\\/|tel\\:|telnet\\:\\/\\/|urn\\:|worldwind\\:\\/\\/|xmpp\\:|\\/\\/","linkTrailCharacters":"/^([áðéíóúýþæöa-z-–]+)(.*)$/sDu"}}