{"extCodeMirrorConfig":{"pluginModules":[],"tagModes":{"ref":"text/mediawiki","pre":"mw-tag-pre","nowiki":"mw-tag-nowiki"},"tags":{"pre":true,"nowiki":true,"gallery":true,"indicator":true,"timeline":true,"hiero":true,"charinsert":true,"ref":true,"references":true,"inputbox":true,"imagemap":true,"source":true,"syntaxhighlight":true,"poem":true,"categorytree":true,"section":true,"score":true,"templatestyles":true,"templatedata":true,"math":true,"ce":true,"chem":true,"graph":true,"maplink":true,"mapframe":true},"doubleUnderscore":[{"__لافهرس__":"notoc","__notoc__":"notoc","__لامعرض__":"nogallery","__nogallery__":"nogallery","__لصق_فهرس__":"forcetoc","__forcetoc__":"forcetoc","__فهرس__":"toc","__toc__":"toc","__لاتحريرقسم__":"noeditsection","__noeditsection__":"noeditsection","__لاتحويل_عنوان__":"notitleconvert","__لاتع__":"notitleconvert",
"__notitleconvert__":"notitleconvert","__notc__":"notitleconvert","__لاتحويل_محتوى__":"nocontentconvert","__لاتم__":"nocontentconvert","__nocontentconvert__":"nocontentconvert","__nocc__":"nocontentconvert"},{"__وصلة_قسم_جديد__":"newsectionlink","__NEWSECTIONLINK__":"newsectionlink","لا_وصلة_قسم_جديد__":"nonewsectionlink","__NONEWSECTIONLINK__":"nonewsectionlink","__تصنيف_مخفي__":"hiddencat","__HIDDENCAT__":"hiddencat","__EXPECTUNUSEDCATEGORY__":"expectunusedcategory","__فهرسة__":"index","__INDEX__":"index","__لافهرسة__":"noindex","__NOINDEX__":"noindex","__تحويلة_إستاتيكية__":"staticredirect","__تحويلة_ساكنة__":"staticredirect","__STATICREDIRECT__":"staticredirect","__NOGLOBAL__":"noglobal","__DISAMBIG__":"disambiguation"}],"functionSynonyms":[{"نط":"ns","ns":"ns","نطم":"nse","nse":"nse","كود_المسار":"urlencode","urlencode":"urlencode","عنوان_كبير":"lcfirst","lcfirst":
"lcfirst","عنوان_صغير":"ucfirst","ucfirst":"ucfirst","صغير":"lc","lc":"lc","كبير":"uc","uc":"uc","مسار_محلي":"localurl","localurl":"localurl","عنوان_المسار_المحلي":"localurle","localurle":"localurle","عنوان_كامل":"fullurl","fullurl":"fullurl","مسار_كامل":"fullurle","fullurle":"fullurle","عنوان_قاعدة":"canonicalurl","canonicalurl":"canonicalurl","مسار_قاعدة":"canonicalurle","canonicalurle":"canonicalurle","صيغة_رقم":"formatnum","formatnum":"formatnum","قواعد_اللغة":"grammar","grammar":"grammar","نوع":"gender","gender":"gender","جمع":"plural","plural":"plural","ثا":"bidi","bidi":"bidi","#لغة":"language","#language":"language","باد_يسار":"padleft","padleft":"padleft","باد_يمين":"padright","padright":"padright","كود_الأنكور":"anchorencode","anchorencode":"anchorencode","مسار_الملف":"filepath","filepath":"filepath","رقم_صفحة":"pageid","pageid":
"pageid","محتوى":"int","int":"int","#خاص":"special","#special":"special","#عنوان_خاص":"speciale","#speciale":"speciale","#وسم":"tag","#tag":"tag","#تهيئة_التاريخ":"formatdate","#تهيئة_تاريخ":"formatdate","#formatdate":"formatdate","#dateformat":"formatdate","لا_وصلات_لغة_خارجية":"noexternallanglinks","noexternallanglinks":"noexternallanglinks","#خاصية":"property","#property":"property","#statements":"statements","#لو":"if","#if":"if","#لومعادلة":"ifeq","#ifeq":"ifeq","#تبديل":"switch","#switch":"switch","#لوموجود":"ifexist","#ifexist":"ifexist","#لوتعبير":"ifexpr","#ifexpr":"ifexpr","#لوخطأ":"iferror","#iferror":"iferror","#وقت":"time","#time":"time","#تيمل":"timel","#timel":"timel","#تعبير":"expr","#expr":"expr","#ريلتوآبس":"rel2abs","#rel2abs":"rel2abs","#أجزاء_العنوان":"titleparts","#titleparts":"titleparts","#شجرة_تصنيف":"categorytree",
"#categorytree":"categorytree","#lst":"lst","#section":"lst","#lstx":"lstx","#section-x":"lstx","#lsth":"lsth","#section-h":"lsth","#هدف":"target","#target":"target","#بابل":"babel","#babel":"babel","#coordinates":"coordinates","#استدعاء":"invoke","#invoke":"invoke","#related":"related","#assessment":"assessment","مسار_المقالة":"articlepath","articlepath":"articlepath","خادم":"server","server":"server","اسم_الخادم":"servername","servername":"servername","مسار_السكريبت":"scriptpath","مسار_سكريبت":"scriptpath","scriptpath":"scriptpath","مسار_الهيئة":"stylepath","stylepath":"stylepath","اسم_مستودع_وب":"wbreponame","wbreponame":"wbreponame","numberofwikis":"numberofwikis"},{"عدد_الصفحات":"numberofpages","NUMBEROFPAGES":"numberofpages","عدد_المستخدمين":"numberofusers","NUMBEROFUSERS":"numberofusers","عدد_المستخدمين_النشطين":"numberofactiveusers","NUMBEROFACTIVEUSERS":
"numberofactiveusers","عدد_المقالات":"numberofarticles","NUMBEROFARTICLES":"numberofarticles","عدد_الملفات":"numberoffiles","NUMBEROFFILES":"numberoffiles","عدد_الإداريين":"numberofadmins","NUMBEROFADMINS":"numberofadmins","عدد_في_المجموعة":"numberingroup","عدد_في_مجموعة":"numberingroup","NUMBERINGROUP":"numberingroup","NUMINGROUP":"numberingroup","عدد_التعديلات":"numberofedits","NUMBEROFEDITS":"numberofedits","ترتيب_افتراضي":"defaultsort","مفتاح_ترتيب_افتراضي":"defaultsort","ترتيب_تصنيف_افتراضي":"defaultsort","ترتيب_غيابي":"defaultsort","DEFAULTSORT":"defaultsort","DEFAULTSORTKEY":"defaultsort","DEFAULTCATEGORYSORT":"defaultsort","صفحات_في_التصنيف":"pagesincategory","صفحات_في_تصنيف":"pagesincategory","PAGESINCATEGORY":"pagesincategory","PAGESINCAT":"pagesincategory","حجم_الصفحة":"pagesize","PAGESIZE":"pagesize",
"مستوى_الحماية":"protectionlevel","PROTECTIONLEVEL":"protectionlevel","انتهاء_الحماية":"protectionexpiry","PROTECTIONEXPIRY":"protectionexpiry","عنوان_نطاق":"namespacee","NAMESPACEE":"namespacee","عدد_نطاق":"namespacenumber","NAMESPACENUMBER":"namespacenumber","نطاق_النقاش":"talkspace","TALKSPACE":"talkspace","عنوان_النقاش":"talkspacee","TALKSPACEE":"talkspacee","نطاق_الموضوع":"subjectspace","نطاق_المقالة":"subjectspace","SUBJECTSPACE":"subjectspace","ARTICLESPACE":"subjectspace","عنوان_نطاق_الموضوع":"subjectspacee","عنوان_نطاق_المقالة":"subjectspacee","SUBJECTSPACEE":"subjectspacee","ARTICLESPACEE":"subjectspacee","اسم_الصفحة":"pagename","PAGENAME":"pagename","عنوان_الصفحة":"pagenamee","PAGENAMEE":"pagenamee","اسم_الصفحة_الكامل":"fullpagename","اسم_صفحة_كامل":"fullpagename","اسم_كامل":"fullpagename","FULLPAGENAME":
"fullpagename","عنوان_الصفحة_الكامل":"fullpagenamee","عنوان_صفحة_كامل":"fullpagenamee","FULLPAGENAMEE":"fullpagenamee","جذر_اسم_الصفحة":"rootpagename","ROOTPAGENAME":"rootpagename","عنوان_جذر_الصفحة":"rootpagenamee","ROOTPAGENAMEE":"rootpagenamee","اسم_الصفحة_الأساسي":"basepagename","BASEPAGENAME":"basepagename","عنوان_الصفحة_الأساسي":"basepagenamee","BASEPAGENAMEE":"basepagenamee","اسم_الصفحة_الفرعي":"subpagename","SUBPAGENAME":"subpagename","عنوان_الصفحة_الفرعي":"subpagenamee","SUBPAGENAMEE":"subpagenamee","اسم_صفحة_النقاش":"talkpagename","TALKPAGENAME":"talkpagename","عنوان_صفحة_النقاش":"talkpagenamee","TALKPAGENAMEE":"talkpagenamee","اسم_صفحة_الموضوع":"subjectpagename","اسم_صفحة_المقالة":"subjectpagename","SUBJECTPAGENAME":"subjectpagename","ARTICLEPAGENAME":"subjectpagename",
"عنوان_صفحة_الموضوع":"subjectpagenamee","عنوان_صفحة_المقالة":"subjectpagenamee","SUBJECTPAGENAMEE":"subjectpagenamee","ARTICLEPAGENAMEE":"subjectpagenamee","رقم_المراجعة":"revisionid","REVISIONID":"revisionid","يوم_المراجعة":"revisionday","REVISIONDAY":"revisionday","يوم_المراجعة2":"revisionday2","REVISIONDAY2":"revisionday2","شهر_المراجعة":"revisionmonth","REVISIONMONTH":"revisionmonth","شهر_المراجعة1":"revisionmonth1","REVISIONMONTH1":"revisionmonth1","عام_المراجعة":"revisionyear","REVISIONYEAR":"revisionyear","طابع_وقت_المراجعة":"revisiontimestamp","REVISIONTIMESTAMP":"revisiontimestamp","مستخدم_المراجعة":"revisionuser","REVISIONUSER":"revisionuser","مصادر_مضمنة":"cascadingsources","CASCADINGSOURCES":"cascadingsources","نطاق":"namespace","NAMESPACE":"namespace","عرض_العنوان":"displaytitle","DISPLAYTITLE":"displaytitle","!":"!",
"شهر_حالي":"currentmonth","شهر_حالي2":"currentmonth","CURRENTMONTH":"currentmonth","CURRENTMONTH2":"currentmonth","شهر_حالي1":"currentmonth1","CURRENTMONTH1":"currentmonth1","اسم_الشهر_الحالي":"currentmonthname","CURRENTMONTHNAME":"currentmonthname","اسم_الشهر_الحالي_المولد":"currentmonthnamegen","CURRENTMONTHNAMEGEN":"currentmonthnamegen","اختصار_الشهر_الحالي":"currentmonthabbrev","CURRENTMONTHABBREV":"currentmonthabbrev","يوم_حالي":"currentday","CURRENTDAY":"currentday","يوم_حالي2":"currentday2","CURRENTDAY2":"currentday2","اسم_اليوم_الحالي":"currentdayname","CURRENTDAYNAME":"currentdayname","عام_حالي":"currentyear","CURRENTYEAR":"currentyear","وقت_حالي":"currenttime","CURRENTTIME":"currenttime","ساعة_حالية":"currenthour","CURRENTHOUR":"currenthour","شهر_محلي":"localmonth","شهر_محلي2":"localmonth","LOCALMONTH":"localmonth","LOCALMONTH2":"localmonth"
,"شهر_محلي1":"localmonth1","LOCALMONTH1":"localmonth1","اسم_الشهر_المحلي":"localmonthname","LOCALMONTHNAME":"localmonthname","اسم_الشهر_المحلي_المولد":"localmonthnamegen","LOCALMONTHNAMEGEN":"localmonthnamegen","اختصار_الشهر_المحلي":"localmonthabbrev","LOCALMONTHABBREV":"localmonthabbrev","يوم_محلي":"localday","LOCALDAY":"localday","يوم_محلي2":"localday2","LOCALDAY2":"localday2","اسم_اليوم_المحلي":"localdayname","LOCALDAYNAME":"localdayname","عام_محلي":"localyear","LOCALYEAR":"localyear","وقت_محلي":"localtime","LOCALTIME":"localtime","ساعة_محلية":"localhour","LOCALHOUR":"localhour","اسم_الموقع":"sitename","SITENAME":"sitename","أسبوع_حالي":"currentweek","CURRENTWEEK":"currentweek","يوم_حالي_مأ":"currentdow","CURRENTDOW":"currentdow","أسبوع_محلي":"localweek","LOCALWEEK":"localweek","يوم_محلي_مأ":"localdow","LOCALDOW":"localdow",
"حجم_المراجعة":"revisionsize","REVISIONSIZE":"revisionsize","نسخة_حالية":"currentversion","CURRENTVERSION":"currentversion","طابع_الوقت_الحالي":"currenttimestamp","CURRENTTIMESTAMP":"currenttimestamp","طابع_الوقت_المحلي":"localtimestamp","LOCALTIMESTAMP":"localtimestamp","علامة_الاتجاه":"directionmark","علامة_اتجاه":"directionmark","DIRECTIONMARK":"directionmark","DIRMARK":"directionmark","لغة_المحتوى":"contentlanguage","لغة_محتوى":"contentlanguage","CONTENTLANGUAGE":"contentlanguage","CONTENTLANG":"contentlanguage","PAGELANGUAGE":"pagelanguage"}],"urlProtocols":"bitcoin\\:|ftp\\:\\/\\/|ftps\\:\\/\\/|geo\\:|git\\:\\/\\/|gopher\\:\\/\\/|http\\:\\/\\/|https\\:\\/\\/|irc\\:\\/\\/|ircs\\:\\/\\/|magnet\\:|mailto\\:|mms\\:\\/\\/|news\\:|nntp\\:\\/\\/|redis\\:\\/\\/|sftp\\:\\/\\/|sip\\:|sips\\:|sms\\:|ssh\\:\\/\\/|svn\\:\\/\\/|tel\\:|telnet\\:\\/\\/|urn\\:|worldwind\\:\\/\\/|xmpp\\:|\\/\\/",
"linkTrailCharacters":"/^([a-zء-ي]+)(.*)$/sDu"}}