{"extCodeMirrorConfig":{"pluginModules":[],"tagModes":{"ref":"text/mediawiki","pre":"mw-tag-pre","nowiki":"mw-tag-nowiki"},"tags":{"pre":true,"nowiki":true,"gallery":true,"indicator":true,"timeline":true,"hiero":true,"charinsert":true,"ref":true,"references":true,"inputbox":true,"imagemap":true,"source":true,"syntaxhighlight":true,"poem":true,"categorytree":true,"section":true,"score":true,"templatestyles":true,"templatedata":true,"math":true,"ce":true,"chem":true,"graph":true,"maplink":true,"mapframe":true},"doubleUnderscore":[{"__иһинээҕитэ_суох__":"notoc","__иһн_суох__":"notoc","__notoc__":"notoc","__без_оглавления__":"notoc","__без_огл__":"notoc","__галереята_суох__":"nogallery","__nogallery__":"nogallery","__без_галереи__":"nogallery","__булгуччу_иһинээҕилээх__":"forcetoc","__блг_иһн__":"forcetoc"
,"__forcetoc__":"forcetoc","__обязательное_оглавление__":"forcetoc","__обяз_огл__":"forcetoc","__иһинээҕитэ__":"toc","__иһн__":"toc","__toc__":"toc","__оглавление__":"toc","__огл__":"toc","__салааны_уларыппакка__":"noeditsection","__noeditsection__":"noeditsection","__без_редактирования_раздела__":"noeditsection","__аатын_уларыппакка__":"notitleconvert","__notitleconvert__":"notitleconvert","__notc__":"notitleconvert","__без_преобразования_заголовка__":"notitleconvert","__тиэкиһин_уларыппакка__":"nocontentconvert","__nocontentconvert__":"nocontentconvert","__nocc__":"nocontentconvert","__без_преобразования_текста__":"nocontentconvert"},{"__САҤА_САЛААҔА_СИГЭ__":"newsectionlink","__NEWSECTIONLINK__":"newsectionlink","__ССЫЛКА_НА_НОВЫЙ_РАЗДЕЛ__":"newsectionlink",
"__САҤА_САЛААҔА_СИГЭТЭ_СУОХ__":"nonewsectionlink","__NONEWSECTIONLINK__":"nonewsectionlink","__БЕЗ_ССЫЛКИ_НА_НОВЫЙ_РАЗДЕЛ__":"nonewsectionlink","__КИСТЭММИТ_КАТЕГОРИЯ__":"hiddencat","__HIDDENCAT__":"hiddencat","__СКРЫТАЯ_КАТЕГОРИЯ__":"hiddencat","__EXPECTUNUSEDCATEGORY__":"expectunusedcategory","__ИНДЕКС__":"index","__INDEX__":"index","__ИНДЕКСТЭЭМЭ__":"noindex","__NOINDEX__":"noindex","__БЕЗ_ИНДЕКСА__":"noindex","__ХАЛБАҤНААБАТ_УТААРЫЫ__":"staticredirect","__STATICREDIRECT__":"staticredirect","__СТАТИЧЕСКОЕ_ПЕРЕНАПРАВЛЕНИЕ__":"staticredirect","__NOGLOBAL__":"noglobal","__DISAMBIG__":"disambiguation"}],"functionSynonyms":[{"ад":"ns","ns":"ns","пи":"ns","адк":"nse","nse":"nse","пик":"nse","куодтаммыт_аадырыс":"urlencode","urlencode":"urlencode","закодированный_адрес":"urlencode",
"бастакы_буукуба_кыра":"lcfirst","lcfirst":"lcfirst","первая_буква_маленькая":"lcfirst","бастакы_буукуба_улахан":"ucfirst","ucfirst":"ucfirst","первая_буква_большая":"ucfirst","кыра_буукубаннан":"lc","lc":"lc","маленькими_буквами":"lc","улахан_буукубаннан":"uc","uc":"uc","большими_буквами":"uc","олохтоох_аадырыс":"localurl","localurl":"localurl","локальный_адрес":"localurl","олохтоох_аадырыс_2":"localurle","localurle":"localurle","локальный_адрес_2":"localurle","толору_аадырыс":"fullurl","fullurl":"fullurl","полный_адрес":"fullurl","толору_аадырыс_2":"fullurle","fullurle":"fullurle","полный_адрес_2":"fullurle","canonicalurl":"canonicalurl","canonicalurle":"canonicalurle","чыыһыланы_формааттаа":"formatnum","formatnum":
"formatnum","форматировать_число":"formatnum","түһүк":"grammar","grammar":"grammar","падеж":"grammar","аҥардам":"gender","gender":"gender","пол":"gender","элбэх_ахсаан":"plural","plural":"plural","множественное_число":"plural","bidi":"bidi","#тыл":"language","#language":"language","#язык":"language","хаҥастан_толор":"padleft","padleft":"padleft","заполнить_слева":"padleft","уҥаттан_толор":"padright","padright":"padright","заполнить_справа":"padright","тиэги_куодтаа":"anchorencode","anchorencode":"anchorencode","кодировать_метку":"anchorencode","билэ_суола":"filepath","filepath":"filepath","путь_к_файлу":"filepath","сирэй_нүөмэрэ":"pageid","pageid":"pageid","идентификатор_страницы":"pageid","ис":"int","int":"int","внутр":"int","#аналлаах":"special","#special":"special"
,"#служебная":"special","#speciale":"speciale","#тиэк":"tag","#тег":"tag","#тэг":"tag","#tag":"tag","#метка":"tag","#күн-дьыл_формаата":"formatdate","#formatdate":"formatdate","#dateformat":"formatdate","#форматдаты":"formatdate","noexternallanglinks":"noexternallanglinks","#свойство":"property","#property":"property","#statements":"statements","#если":"if","#if":"if","#ifeq":"ifeq","#переключатель":"switch","#switch":"switch","#ifexist":"ifexist","#ifexpr":"ifexpr","#еслиошибка":"iferror","#iferror":"iferror","#время":"time","#time":"time","#мвремя":"timel","#timel":"timel","#expr":"expr","#rel2abs":"rel2abs","#titleparts":"titleparts","#деревокатегорий":"categorytree","#categorytree":"categorytree","#lst":"lst","#section":"lst","#lstx":"lstx","#section-x":"lstx","#lsth":"lsth","#section-h":"lsth","#target":"target","#вавилон":"babel","#babel":"babel","#coordinates":
"coordinates","#вызвать":"invoke","#invoke":"invoke","#related":"related","ыстатыйа_суола":"articlepath","articlepath":"articlepath","путь_к_статье":"articlepath","сиэрбэр":"server","server":"server","сервер":"server","сиэрбэр_аата":"servername","servername":"servername","название_сервера":"servername","скрип_суола":"scriptpath","scriptpath":"scriptpath","путь_к_скрипту":"scriptpath","истиил_суола":"stylepath","stylepath":"stylepath","путь_к_стилю":"stylepath","wbreponame":"wbreponame","numberofwikis":"numberofwikis"},{"СИРЭЙ_АХСААНА":"numberofpages","NUMBEROFPAGES":"numberofpages","КОЛИЧЕСТВО_СТРАНИЦ":"numberofpages","КЫТТААЧЧЫ_АХСААНА":"numberofusers","NUMBEROFUSERS":"numberofusers","КОЛИЧЕСТВО_УЧАСТНИКОВ":"numberofusers","КӨХТӨӨХ_КЫТТААЧЧЫ_АХСААНА":"numberofactiveusers",
"NUMBEROFACTIVEUSERS":"numberofactiveusers","КОЛИЧЕСТВО_АКТИВНЫХ_УЧАСТНИКОВ":"numberofactiveusers","ЫСТАТЫЙА_АХСААНА":"numberofarticles","NUMBEROFARTICLES":"numberofarticles","КОЛИЧЕСТВО_СТАТЕЙ":"numberofarticles","БИЛЭ_АХСААНА":"numberoffiles","NUMBEROFFILES":"numberoffiles","КОЛИЧЕСТВО_ФАЙЛОВ":"numberoffiles","ДЬАҺАБЫЛ_АХСААНА":"numberofadmins","NUMBEROFADMINS":"numberofadmins","КОЛИЧЕСТВО_АДМИНИСТРАТОРОВ":"numberofadmins","БӨЛӨХХӨ_АХСААНА":"numberingroup","NUMBERINGROUP":"numberingroup","NUMINGROUP":"numberingroup","ЧИСЛО_В_ГРУППЕ":"numberingroup","УЛАРЫТЫЫ_АХСААНА":"numberofedits","NUMBEROFEDITS":"numberofedits","КОЛИЧЕСТВО_ПРАВОК":"numberofedits","АНААН_ЭТИЛЛИБЭТЭҔИНЭ_НАРДААҺЫН":"defaultsort","НААРДААҺЫН_КҮЛҮҮҺЭ":"defaultsort","DEFAULTSORT":"defaultsort",
"DEFAULTSORTKEY":"defaultsort","DEFAULTCATEGORYSORT":"defaultsort","СОРТИРОВКА_ПО_УМОЛЧАНИЮ":"defaultsort","КЛЮЧ_СОРТИРОВКИ":"defaultsort","КАТЕГОРИЯ_СИРЭЙИН_АХСААНА":"pagesincategory","PAGESINCATEGORY":"pagesincategory","PAGESINCAT":"pagesincategory","СТРАНИЦ_В_КАТЕГОРИИ":"pagesincategory","СИРЭЙ_КЭЭМЭЙЭ":"pagesize","PAGESIZE":"pagesize","РАЗМЕР_СТРАНИЦЫ":"pagesize","КӨМҮСКЭЛ_ТАҺЫМА":"protectionlevel","PROTECTIONLEVEL":"protectionlevel","УРОВЕНЬ_ЗАЩИТЫ":"protectionlevel","PROTECTIONEXPIRY":"protectionexpiry","ААТ_ДАЛА_2":"namespacee","NAMESPACEE":"namespacee","ПРОСТРАНСТВО_ИМЁН_2":"namespacee","ААТ_ДАЛЫН_НҮӨМЭРЭ":"namespacenumber","NAMESPACENUMBER":"namespacenumber","НОМЕР_ПРОСТРАНСТВА_ИМЁН":"namespacenumber","ЫРЫТЫЫ_ДАЛА":"talkspace","TALKSPACE":"talkspace",
"ПРОСТРАНСТВО_ОБСУЖДЕНИЙ":"talkspace","ЫРЫТЫЫ_ДАЛА_2":"talkspacee","TALKSPACEE":"talkspacee","ПРОСТРАНСТВО_ОБСУЖДЕНИЙ_2":"talkspacee","ЫСТАТЫЙА_ДАЛА":"subjectspace","SUBJECTSPACE":"subjectspace","ARTICLESPACE":"subjectspace","ПРОСТРАНСТВО_СТАТЕЙ":"subjectspace","ЫСТАТЫЙА_ДАЛА_2":"subjectspacee","SUBJECTSPACEE":"subjectspacee","ARTICLESPACEE":"subjectspacee","ПРОСТРАНСТВО_СТАТЕЙ_2":"subjectspacee","СИРЭЙ_ААТА":"pagename","PAGENAME":"pagename","НАЗВАНИЕ_СТРАНИЦЫ":"pagename","СИРЭЙ_ААТА_2":"pagenamee","PAGENAMEE":"pagenamee","НАЗВАНИЕ_СТРАНИЦЫ_2":"pagenamee","СИРЭЙ_ТОЛОРУ_ААТА":"fullpagename","FULLPAGENAME":"fullpagename","ПОЛНОЕ_НАЗВАНИЕ_СТРАНИЦЫ":"fullpagename","СИРЭЙ_ТОЛОРУ_ААТА_2":"fullpagenamee","FULLPAGENAMEE":"fullpagenamee",
"ПОЛНОЕ_НАЗВАНИЕ_СТРАНИЦЫ_2":"fullpagenamee","ROOTPAGENAME":"rootpagename","ROOTPAGENAMEE":"rootpagenamee","СИРЭЙ_ААТЫН_ТӨРДӨ":"basepagename","BASEPAGENAME":"basepagename","ОСНОВА_НАЗВАНИЯ_СТРАНИЦЫ":"basepagename","СИРЭЙ_ААТЫН_ТӨРДӨ_2":"basepagenamee","BASEPAGENAMEE":"basepagenamee","ОСНОВА_НАЗВАНИЯ_СТРАНИЦЫ_2":"basepagenamee","ИҺИНЭЭҔИ_СИРЭЙ_ААТА":"subpagename","SUBPAGENAME":"subpagename","НАЗВАНИЕ_ПОДСТРАНИЦЫ":"subpagename","ИҺИНЭЭҔИ_СИРЭЙ_ААТА_2":"subpagenamee","SUBPAGENAMEE":"subpagenamee","НАЗВАНИЕ_ПОДСТРАНИЦЫ_2":"subpagenamee","ЫРЫТАР_СИРЭЙ_ААТА":"talkpagename","TALKPAGENAME":"talkpagename","НАЗВАНИЕ_СТРАНИЦЫ_ОБСУЖДЕНИЯ":"talkpagename","ЫРЫТАР_СИРЭЙ_ААТА_2":"talkpagenamee","TALKPAGENAMEE":"talkpagenamee",
"НАЗВАНИЕ_СТРАНИЦЫ_ОБСУЖДЕНИЯ_2":"talkpagenamee","ЫСТАТЫЙА_СИРЭЙИН_ААТА":"subjectpagename","SUBJECTPAGENAME":"subjectpagename","ARTICLEPAGENAME":"subjectpagename","НАЗВАНИЕ_СТРАНИЦЫ_СТАТЬИ":"subjectpagename","ЫСТАТЫЙА_СИРЭЙИН_ААТА_2":"subjectpagenamee","SUBJECTPAGENAMEE":"subjectpagenamee","ARTICLEPAGENAMEE":"subjectpagenamee","НАЗВАНИЕ_СТРАНИЦЫ_СТАТЬИ_2":"subjectpagenamee","ТОРУМ_НҮӨМЭРЭ":"revisionday","REVISIONID":"revisionid","ИД_ВЕРСИИ":"revisionid","REVISIONDAY":"revisionday","ДЕНЬ_ВЕРСИИ":"revisionday","ТОРУМ_НҮӨМЭРЭ_2":"revisionday2","REVISIONDAY2":"revisionday2","ДЕНЬ_ВЕРСИИ_2":"revisionday2","ТОРУМ_ЫЙА":"revisionmonth","REVISIONMONTH":"revisionmonth","МЕСЯЦ_ВЕРСИИ":"revisionmonth","ТОРУМ_ЫЙА_1":"revisionmonth1","REVISIONMONTH1":"revisionmonth1","МЕСЯЦ_ВЕРСИИ_1":"revisionmonth1",
"ТОРУМ_СЫЛА":"revisionyear","REVISIONYEAR":"revisionyear","ГОД_ВЕРСИИ":"revisionyear","ТОРУМ_КЭМИН_БЭЛИЭТЭ":"revisiontimestamp","REVISIONTIMESTAMP":"revisiontimestamp","ОТМЕТКА_ВРЕМЕНИ_ВЕРСИИ":"revisiontimestamp","КЫТТААЧЧЫ_ТОРУМА":"revisionuser","REVISIONUSER":"revisionuser","ВЕРСИЯ_УЧАСТНИКА":"revisionuser","CASCADINGSOURCES":"cascadingsources","ААТ_ДАЛА":"namespace","NAMESPACE":"namespace","ПРОСТРАНСТВО_ИМЁН":"namespace","ААТЫН_КӨРДӨР":"displaytitle","DISPLAYTITLE":"displaytitle","ПОКАЗАТЬ_ЗАГОЛОВОК":"displaytitle","!":"!","БУ_ЫЙ":"currentmonth","БУ_ЫЙ_2":"currentmonth","CURRENTMONTH":"currentmonth","CURRENTMONTH2":"currentmonth","ТЕКУЩИЙ_МЕСЯЦ":"currentmonth","ТЕКУЩИЙ_МЕСЯЦ_2":"currentmonth","БУ_ЫЙ_1":"currentmonth1","CURRENTMONTH1":"currentmonth1","ТЕКУЩИЙ_МЕСЯЦ_1":"currentmonth1",
"БУ_ЫЙ_ААТА":"currentmonthname","CURRENTMONTHNAME":"currentmonthname","НАЗВАНИЕ_ТЕКУЩЕГО_МЕСЯЦА":"currentmonthname","БУ_ЫЙ_ААТА_АРТҺК":"currentmonthnamegen","CURRENTMONTHNAMEGEN":"currentmonthnamegen","НАЗВАНИЕ_ТЕКУЩЕГО_МЕСЯЦА_РОД":"currentmonthnamegen","БУ_ЫЙ_ААТА_АББР":"currentmonthabbrev","CURRENTMONTHABBREV":"currentmonthabbrev","НАЗВАНИЕ_ТЕКУЩЕГО_МЕСЯЦА_АБР":"currentmonthabbrev","БУ_КҮН":"currentday","CURRENTDAY":"currentday","ТЕКУЩИЙ_ДЕНЬ":"currentday","БУ_КҮН_2":"currentday2","CURRENTDAY2":"currentday2","ТЕКУЩИЙ_ДЕНЬ_2":"currentday2","БУ_КҮН_ААТА":"currentdayname","CURRENTDAYNAME":"currentdayname","НАЗВАНИЕ_ТЕКУЩЕГО_ДНЯ":"currentdayname","БУ_СЫЛ":"currentyear","CURRENTYEAR":"currentyear","ТЕКУЩИЙ_ГОД":"currentyear","БУ_КЭМ":"currenttime","CURRENTTIME":"currenttime","ТЕКУЩЕЕ_ВРЕМЯ":
"currenttime","БУ_ЧААС":"currenthour","CURRENTHOUR":"currenthour","ТЕКУЩИЙ_ЧАС":"currenthour","ОЛОХТООХ_ЫЙ":"localmonth","ОЛОХТООХ_ЫЙ_2":"localmonth","LOCALMONTH":"localmonth","LOCALMONTH2":"localmonth","МЕСТНЫЙ_МЕСЯЦ":"localmonth","МЕСТНЫЙ_МЕСЯЦ_2":"localmonth","ОЛОХТООХ_ЫЙ_1":"localmonth1","LOCALMONTH1":"localmonth1","МЕСТНЫЙ_МЕСЯЦ_1":"localmonth1","ОЛОХТООХ_ЫЙ_ААТА":"localmonthname","LOCALMONTHNAME":"localmonthname","НАЗВАНИЕ_МЕСТНОГО_МЕСЯЦА":"localmonthname","ОЛОХТООХ_ЫЙ_ААТА_АРТҺК":"localmonthnamegen","LOCALMONTHNAMEGEN":"localmonthnamegen","НАЗВАНИЕ_МЕСТНОГО_МЕСЯЦА_РОД":"localmonthnamegen","ОЛОХТООХ_ЫЙ_ААТА_АББР":"localmonthabbrev","LOCALMONTHABBREV":"localmonthabbrev","НАЗВАНИЕ_МЕСТНОГО_МЕСЯЦА_АБР":"localmonthabbrev","ОЛОХТООХ_КҮН":"localday","LOCALDAY":"localday",
"МЕСТНЫЙ_ДЕНЬ":"localday","ОЛОХТООХ_КҮН_2":"localday2","LOCALDAY2":"localday2","МЕСТНЫЙ_ДЕНЬ_2":"localday2","ОЛОХТООХ_КҮН_ААТА":"localdayname","LOCALDAYNAME":"localdayname","НАЗВАНИЕ_МЕСТНОГО_ДНЯ":"localdayname","ОЛОХТООХ_СЫЛ":"localyear","LOCALYEAR":"localyear","МЕСТНЫЙ_ГОД":"localyear","ОЛОХТООХ_КЭМ":"localtime","LOCALTIME":"localtime","МЕСТНОЕ_ВРЕМЯ":"localtime","ОЛОХТООХ_ЧААС":"localhour","LOCALHOUR":"localhour","МЕСТНЫЙ_ЧАС":"localhour","СИТИМ-СИР_ААТА":"sitename","SITENAME":"sitename","НАЗВАНИЕ_САЙТА":"sitename","БУ_НЭДИЭЛЭ":"currentweek","CURRENTWEEK":"currentweek","ТЕКУЩАЯ_НЕДЕЛЯ":"currentweek","НЭДИЭЛЭ_БУ_КҮНЭ":"currentdow","CURRENTDOW":"currentdow","ТЕКУЩИЙ_ДЕНЬ_НЕДЕЛИ":"currentdow","ОЛОХТООХ_НЭДИЭЛЭ":"localweek","LOCALWEEK":"localweek",
"МЕСТНАЯ_НЕДЕЛЯ":"localweek","ОЛОХТООХ_НЭДИЭЛЭ_КҮНЭ":"localdow","LOCALDOW":"localdow","МЕСТНЫЙ_ДЕНЬ_НЕДЕЛИ":"localdow","REVISIONSIZE":"revisionsize","БИЛИҤҤИ_ТОРУМ":"currentversion","CURRENTVERSION":"currentversion","ТЕКУЩАЯ_ВЕРСИЯ":"currentversion","БИЛИҤҤИ_КЭМ_БЭЛИЭТЭ":"currenttimestamp","CURRENTTIMESTAMP":"currenttimestamp","ОТМЕТКА_ТЕКУЩЕГО_ВРЕМЕНИ":"currenttimestamp","ОЛОХТООХ_КЭМ_БЭЛИЭТЭ":"localtimestamp","LOCALTIMESTAMP":"localtimestamp","ОТМЕТКА_МЕСТНОГО_ВРЕМЕНИ":"localtimestamp","СУРУК-БИЧИК_ХАЙЫСХАТА":"directionmark","DIRECTIONMARK":"directionmark","DIRMARK":"directionmark","НАПРАВЛЕНИЕ_ПИСЬМА":"directionmark","ИҺИНЭЭҔИТИН_ТЫЛА":"contentlanguage","CONTENTLANGUAGE":"contentlanguage","CONTENTLANG":"contentlanguage","ЯЗЫК_СОДЕРЖАНИЯ":"contentlanguage",
"PAGELANGUAGE":"pagelanguage"}],"urlProtocols":"bitcoin\\:|ftp\\:\\/\\/|ftps\\:\\/\\/|geo\\:|git\\:\\/\\/|gopher\\:\\/\\/|http\\:\\/\\/|https\\:\\/\\/|irc\\:\\/\\/|ircs\\:\\/\\/|magnet\\:|mailto\\:|mms\\:\\/\\/|news\\:|nntp\\:\\/\\/|redis\\:\\/\\/|sftp\\:\\/\\/|sip\\:|sips\\:|sms\\:|ssh\\:\\/\\/|svn\\:\\/\\/|tel\\:|telnet\\:\\/\\/|urn\\:|worldwind\\:\\/\\/|xmpp\\:|\\/\\/","linkTrailCharacters":"/^([a-zабвгҕдеёжзийклмнҥоөпрсһтуүфхцчшщъыьэюя]+)(.*)$/sDu"}}