{"extCodeMirrorConfig":{"pluginModules":[],"tagModes":{"ref":"text/mediawiki","pre":"mw-tag-pre","nowiki":"mw-tag-nowiki"},"tags":{"pre":true,"nowiki":true,"gallery":true,"indicator":true,"timeline":true,"hiero":true,"charinsert":true,"ref":true,"references":true,"inputbox":true,"imagemap":true,"source":true,"syntaxhighlight":true,"poem":true,"categorytree":true,"section":true,"score":true,"templatestyles":true,"templatedata":true,"math":true,"ce":true,"chem":true,"graph":true,"maplink":true,"mapframe":true},"doubleUnderscore":[{"__بی‌نيولک__":"notoc","__notoc__":"notoc","__بی‌نندارتونه__":"nogallery","__nogallery__":"nogallery","__نيوليکداره__":"forcetoc","__forcetoc__":"forcetoc","__نيوليک__":"toc","__toc__":"toc","__بی‌برخې__":"noeditsection","__noeditsection__":"noeditsection","__notitleconvert__":"notitleconvert","__notc__":
"notitleconvert","__nocontentconvert__":"nocontentconvert","__nocc__":"nocontentconvert"},{"__NEWSECTIONLINK__":"newsectionlink","__NONEWSECTIONLINK__":"nonewsectionlink","__پټه_وېشنيزه__":"hiddencat","__HIDDENCAT__":"hiddencat","__EXPECTUNUSEDCATEGORY__":"expectunusedcategory","__ليکلړ__":"index","__INDEX__":"index","__بې_ليکلړ__":"noindex","__NOINDEX__":"noindex","__STATICREDIRECT__":"staticredirect","__NOGLOBAL__":"noglobal","__DISAMBIG__":"disambiguation"}],"functionSynonyms":[{"ns":"ns","nse":"nse","urlencode":"urlencode","lcfirst":"lcfirst","ucfirst":"ucfirst","lc":"lc","uc":"uc","localurl":"localurl","localurle":"localurle","fullurl":"fullurl","fullurle":"fullurle","canonicalurl":"canonicalurl","canonicalurle":"canonicalurle","formatnum":"formatnum","ګرامر":"grammar","grammar":"grammar","gender":"gender","جمع":"plural","plural":"plural","bidi":"bidi","#ژبه":"language","#language":"language","padleft":"padleft","padright":"padright","anchorencode"
:"anchorencode","filepath":"filepath","pageid":"pageid","int":"int","#ځانګړی":"special","#special":"special","#speciale":"speciale","#tag":"tag","#formatdate":"formatdate","#dateformat":"formatdate","noexternallanglinks":"noexternallanglinks","#property":"property","#statements":"statements","#که":"if","#if":"if","#ifeq":"ifeq","#switch":"switch","#ifexist":"ifexist","#ifexpr":"ifexpr","#iferror":"iferror","#وخت":"time","#time":"time","#timel":"timel","#expr":"expr","#rel2abs":"rel2abs","#titleparts":"titleparts","#categorytree":"categorytree","#lst":"lst","#section":"lst","#lstx":"lstx","#section-x":"lstx","#lsth":"lsth","#section-h":"lsth","#target":"target","#بابېل":"babel","#babel":"babel","#coordinates":"coordinates","#invoke":"invoke","#related":"related","articlepath":"articlepath","پالنګر":"server","server":"server","دپالنګر_نوم":"servername","servername":"servername","scriptpath":"scriptpath","stylepath":"stylepath","wbreponame":"wbreponame",
"numberofwikis":"numberofwikis"},{"دمخونوشمېر":"numberofpages","NUMBEROFPAGES":"numberofpages","دکارونکوشمېر":"numberofusers","NUMBEROFUSERS":"numberofusers","NUMBEROFACTIVEUSERS":"numberofactiveusers","دليکنوشمېر":"numberofarticles","NUMBEROFARTICLES":"numberofarticles","ددوتنوشمېر":"numberoffiles","NUMBEROFFILES":"numberoffiles","NUMBEROFADMINS":"numberofadmins","NUMBERINGROUP":"numberingroup","NUMINGROUP":"numberingroup","NUMBEROFEDITS":"numberofedits","DEFAULTSORT":"defaultsort","DEFAULTSORTKEY":"defaultsort","DEFAULTCATEGORYSORT":"defaultsort","PAGESINCATEGORY":"pagesincategory","PAGESINCAT":"pagesincategory","مخکچه":"pagesize","PAGESIZE":"pagesize","ژغورکچه":"protectionlevel","PROTECTIONLEVEL":"protectionlevel","PROTECTIONEXPIRY":"protectionexpiry","د_نوم_تشيال_نښه":"namespacee","NAMESPACEE":"namespacee","NAMESPACENUMBER":"namespacenumber","دخبرواترو_تشيال":"talkspace","TALKSPACE":"talkspace",
"دخبرواترو_تشيال_نښه":"talkspacee","TALKSPACEE":"talkspacee","دسکالوتشيال":"subjectspace","دليکنې_تشيال":"subjectspace","SUBJECTSPACE":"subjectspace","ARTICLESPACE":"subjectspace","دسکالوتشيال_نښه":"subjectspacee","دليکنې_تشيال_نښه":"subjectspacee","SUBJECTSPACEE":"subjectspacee","ARTICLESPACEE":"subjectspacee","دمخ_نوم":"pagename","PAGENAME":"pagename","دمخ_نښه":"pagenamee","PAGENAMEE":"pagenamee","دمخ_بشپړنوم":"fullpagename","FULLPAGENAME":"fullpagename","دمخ_بشپړنوم_نښه":"fullpagenamee","FULLPAGENAMEE":"fullpagenamee","ROOTPAGENAME":"rootpagename","ROOTPAGENAMEE":"rootpagenamee","BASEPAGENAME":"basepagename","BASEPAGENAMEE":"basepagenamee","SUBPAGENAME":"subpagename","SUBPAGENAMEE":"subpagenamee","TALKPAGENAME":"talkpagename","TALKPAGENAMEE":"talkpagenamee","SUBJECTPAGENAME":"subjectpagename","ARTICLEPAGENAME":"subjectpagename","SUBJECTPAGENAMEE":"subjectpagenamee",
"ARTICLEPAGENAMEE":"subjectpagenamee","REVISIONID":"revisionid","REVISIONDAY":"revisionday","REVISIONDAY2":"revisionday2","REVISIONMONTH":"revisionmonth","REVISIONMONTH1":"revisionmonth1","REVISIONYEAR":"revisionyear","REVISIONTIMESTAMP":"revisiontimestamp","REVISIONUSER":"revisionuser","CASCADINGSOURCES":"cascadingsources","نوم_تشيال":"namespace","NAMESPACE":"namespace","DISPLAYTITLE":"displaytitle","!":"!","روانه_مياشت":"currentmonth","CURRENTMONTH":"currentmonth","CURRENTMONTH2":"currentmonth","CURRENTMONTH1":"currentmonth1","دروانې_مياشت_نوم":"currentmonthname","CURRENTMONTHNAME":"currentmonthname","CURRENTMONTHNAMEGEN":"currentmonthnamegen","دروانې_مياشت_لنډون":"currentmonthabbrev","CURRENTMONTHABBREV":"currentmonthabbrev","نن":"currentday","CURRENTDAY":"currentday","نن۲":"currentday2","CURRENTDAY2":"currentday2","دننۍورځې_نوم":"currentdayname","CURRENTDAYNAME":"currentdayname","سږکال":"currentyear","CURRENTYEAR"
:"currentyear","داوخت":"currenttime","CURRENTTIME":"currenttime","دم_ګړۍ":"currenthour","CURRENTHOUR":"currenthour","سيمه_يزه_مياشت":"localmonth","LOCALMONTH":"localmonth","LOCALMONTH2":"localmonth","LOCALMONTH1":"localmonth1","دسيمه_يزې_مياشت_نوم":"localmonthname","LOCALMONTHNAME":"localmonthname","LOCALMONTHNAMEGEN":"localmonthnamegen","دسيمه_يزې_مياشت_لنډون":"localmonthabbrev","LOCALMONTHABBREV":"localmonthabbrev","سيمه_يزه_ورځ":"localday","LOCALDAY":"localday","سيمه_يزه_ورځ۲":"localday2","LOCALDAY2":"localday2","دسيمه_يزې_ورځ_نوم":"localdayname","LOCALDAYNAME":"localdayname","سيمه_يزکال":"localyear","LOCALYEAR":"localyear","سيمه_يزوخت":"localtime","LOCALTIME":"localtime","سيمه_يزه_ګړۍ":"localhour","LOCALHOUR":"localhour","دوېبځي_نوم":"sitename","SITENAME":"sitename","روانه_اوونۍ":"currentweek","CURRENTWEEK":"currentweek","داوونۍورځ":
"currentdow","CURRENTDOW":"currentdow","سيمه_يزه_اوونۍ":"localweek","LOCALWEEK":"localweek","LOCALDOW":"localdow","REVISIONSIZE":"revisionsize","CURRENTVERSION":"currentversion","CURRENTTIMESTAMP":"currenttimestamp","LOCALTIMESTAMP":"localtimestamp","DIRECTIONMARK":"directionmark","DIRMARK":"directionmark","CONTENTLANGUAGE":"contentlanguage","CONTENTLANG":"contentlanguage","PAGELANGUAGE":"pagelanguage"}],"urlProtocols":"bitcoin\\:|ftp\\:\\/\\/|ftps\\:\\/\\/|geo\\:|git\\:\\/\\/|gopher\\:\\/\\/|http\\:\\/\\/|https\\:\\/\\/|irc\\:\\/\\/|ircs\\:\\/\\/|magnet\\:|mailto\\:|mms\\:\\/\\/|news\\:|nntp\\:\\/\\/|redis\\:\\/\\/|sftp\\:\\/\\/|sip\\:|sips\\:|sms\\:|ssh\\:\\/\\/|svn\\:\\/\\/|tel\\:|telnet\\:\\/\\/|urn\\:|worldwind\\:\\/\\/|xmpp\\:|\\/\\/","linkTrailCharacters":"/^([a-z]+)(.*)$/sD"}}