{"extCodeMirrorConfig":{"pluginModules":[],"tagModes":{"ref":"text/mediawiki","pre":"mw-tag-pre","nowiki":"mw-tag-nowiki"},"tags":{"pre":true,"nowiki":true,"gallery":true,"indicator":true,"timeline":true,"hiero":true,"charinsert":true,"ref":true,"references":true,"inputbox":true,"imagemap":true,"source":true,"syntaxhighlight":true,"poem":true,"categorytree":true,"section":true,"score":true,"templatestyles":true,"templatedata":true,"math":true,"ce":true,"chem":true,"graph":true,"maplink":true,"mapframe":true},"doubleUnderscore":[{"__bezobsahu__":"notoc","__notoc__":"notoc","__bezgalerie__":"nogallery","__nogallery__":"nogallery","__bezgalérie__":"nogallery","__vždyobsah__":"forcetoc","__forcetoc__":"forcetoc","__vynútiťobsah__":"forcetoc","__obsah__":"toc","__toc__":"toc","__bezeditovatčást__":"noeditsection","__noeditsection__":"noeditsection","__neupravovaťsekcie__":"noeditsection"
,"__bezkonverzenadpisu__":"notitleconvert","__notitleconvert__":"notitleconvert","__notc__":"notitleconvert","__bezkonverzeobsahu__":"nocontentconvert","__nocontentconvert__":"nocontentconvert","__nocc__":"nocontentconvert"},{"__LINKPŘIDATKOMENTÁŘ__":"newsectionlink","__NEWSECTIONLINK__":"newsectionlink","__BEZLINKUPŘIDATKOMENTÁŘ__":"nonewsectionlink","__NONEWSECTIONLINK__":"nonewsectionlink","__SKRÝTKAT__":"hiddencat","__HIDDENCAT__":"hiddencat","__SKRYTÁKATEGÓRIA__":"hiddencat","__SKRYTÁKAT__":"hiddencat","__EXPECTUNUSEDCATEGORY__":"expectunusedcategory","__INDEXOVAT__":"index","__INDEX__":"index","__NEINDEXOVAT__":"noindex","__NOINDEX__":"noindex","__STATICKÉPŘESMĚROVÁNÍ__":"staticredirect","__STATICREDIRECT__":"staticredirect","__NOGLOBAL__":"noglobal","__DISAMBIG__":"disambiguation"}],"functionSynonyms":[{"jmennýprostor":"ns","ns":"ns","mp":"ns","jmennýprostore":"nse","nse":"nse","enkódovaturl":"urlencode","urlencode":"urlencode","prvnímalé":"lcfirst","lcfirst"
:"lcfirst","prvnívelké":"ucfirst","ucfirst":"ucfirst","malá":"lc","lc":"lc","velká":"uc","uc":"uc","místníurl":"localurl","localurl":"localurl","místníurle":"localurle","localurle":"localurle","plnéurl":"fullurl","fullurl":"fullurl","plnéurle":"fullurle","fullurle":"fullurle","kanonickéurl":"canonicalurl","canonicalurl":"canonicalurl","kanonickéurle":"canonicalurle","canonicalurle":"canonicalurle","formátujčíslo":"formatnum","formatnum":"formatnum","skloňuj":"grammar","grammar":"grammar","gramatika":"grammar","pohlaví":"gender","gender":"gender","plurál":"plural","plural":"plural","obasměry":"bidi","bidi":"bidi","#jazyk":"language","#language":"language","zarovnatvlevo":"padleft","padleft":"padleft","zarovnatvpravo":"padright","padright":"padright","enkódovatnadpis":"anchorencode","anchorencode":"anchorencode","cestaksouboru":"filepath","filepath":"filepath","cestaksúboru":"filepath","idstránky":"pageid","pageid":"pageid","hlášení":"int","int":"int",
"#speciální":"special","#special":"special","#speciale":"speciale","#značka":"tag","#tag":"tag","#formátujdatum":"formatdate","#formatdate":"formatdate","#dateformat":"formatdate","noexternallanglinks":"noexternallanglinks","#vlastnost":"property","#property":"property","#statements":"statements","#když":"if","#if":"if","#ifeq":"ifeq","#switch":"switch","#kdyžexist":"ifexist","#ifexist":"ifexist","#ifexpr":"ifexpr","#iferror":"iferror","#čas":"time","#time":"time","#timel":"timel","#výraz":"expr","#expr":"expr","#rel2abs":"rel2abs","#titleparts":"titleparts","#categorytree":"categorytree","#lst":"lst","#section":"lst","#lstx":"lstx","#section-x":"lstx","#lsth":"lsth","#section-h":"lsth","#cíl":"target","#target":"target","#babylon":"babel","#babel":"babel","#coordinates":"coordinates","#invoke":"invoke","#related":"related","cestakčlánku":"articlepath","articlepath":"articlepath","server":"server","názevserveru":"servername","servername":"servername","názovservera":
"servername","cestakeskriptům":"scriptpath","scriptpath":"scriptpath","cestakuskriptu":"scriptpath","cestakestylům":"stylepath","stylepath":"stylepath","wbreponame":"wbreponame","numberofwikis":"numberofwikis"},{"POČETSTRAN":"numberofpages","NUMBEROFPAGES":"numberofpages","POČETSTRÁNOK":"numberofpages","POČETUŽIVATELŮ":"numberofusers","NUMBEROFUSERS":"numberofusers","POČETPOUŽÍVATEĽOV":"numberofusers","POČETAKTIVNÍCHUŽIVATELŮ":"numberofactiveusers","NUMBEROFACTIVEUSERS":"numberofactiveusers","POČETČLÁNKŮ":"numberofarticles","NUMBEROFARTICLES":"numberofarticles","POČETČLÁNKOV":"numberofarticles","POČETSOUBORŮ":"numberoffiles","NUMBEROFFILES":"numberoffiles","POČETSÚBOROV":"numberoffiles","POČETSPRÁVCŮ":"numberofadmins","NUMBEROFADMINS":"numberofadmins","POČETSPRÁVCOV":"numberofadmins","POČETVESKUPINĚ":"numberingroup","NUMBERINGROUP":"numberingroup","NUMINGROUP":"numberingroup","POČETEDITACÍ":"numberofedits","NUMBEROFEDITS":"numberofedits",
"POČETÚPRAV":"numberofedits","KLÍČŘAZENÍ":"defaultsort","DEFAULTSORT":"defaultsort","DEFAULTSORTKEY":"defaultsort","DEFAULTCATEGORYSORT":"defaultsort","STRÁNEKVKATEGORII":"pagesincategory","STRÁNEKVKAT":"pagesincategory","PAGESINCATEGORY":"pagesincategory","PAGESINCAT":"pagesincategory","STRÁNOKVKATEGÓRII":"pagesincategory","STRÁNOKVKAT":"pagesincategory","VELIKOSTSTRÁNKY":"pagesize","PAGESIZE":"pagesize","VEĽKOSŤSTRÁNKY":"pagesize","ÚROVEŇZAMČENÍ":"protectionlevel","PROTECTIONLEVEL":"protectionlevel","VYPRŠENÍZAMČENÍ":"protectionexpiry","PROTECTIONEXPIRY":"protectionexpiry","JMENNÝPROSTORE":"namespacee","NAMESPACEE":"namespacee","MENNÝPRIESTORE":"namespacee","ČÍSLOJMENNÉHOPROSTORU":"namespacenumber","NAMESPACENUMBER":"namespacenumber","DISKUSNÍPROSTOR":"talkspace","TALKSPACE":"talkspace","DISKUSNÝPRIESTOR":"talkspace","DISKUSNÍPROSTORE":"talkspacee","TALKSPACEE":"talkspacee","DISKUSNÝPRIESTORE":"talkspacee","ČLÁNEKPROSTOR":"subjectspace",
"SUBJECTSPACE":"subjectspace","ARTICLESPACE":"subjectspace","PRIESTORČLÁNKOV":"subjectspace","ČLÁNEKPROSTORE":"subjectspacee","SUBJECTSPACEE":"subjectspacee","ARTICLESPACEE":"subjectspacee","PRIESTORČLÁNKOVE":"subjectspacee","NÁZEVSTRANY":"pagename","PAGENAME":"pagename","NÁZOVSTRÁNKY":"pagename","NÁZEVSTRANYE":"pagenamee","PAGENAMEE":"pagenamee","NÁZOVSTRÁNKYE":"pagenamee","PLNÝNÁZEVSTRANY":"fullpagename","FULLPAGENAME":"fullpagename","PLNÝNÁZOVSTRÁNKY":"fullpagename","PLNÝNÁZEVSTRANYE":"fullpagenamee","FULLPAGENAMEE":"fullpagenamee","PLNÝNÁZOVSTRÁNKYE":"fullpagenamee","NÁZEVKOŘENOVÉSTRANY":"rootpagename","ROOTPAGENAME":"rootpagename","NÁZEVKOŘENOVÉSTRANYE":"rootpagenamee","ROOTPAGENAMEE":"rootpagenamee","NÁZEVNADSTRANY":"basepagename","BASEPAGENAME":"basepagename","NÁZOVZÁKLADNEJSTRÁNKY":"basepagename","NÁZEVNADSTRANYE":"basepagenamee","BASEPAGENAMEE":"basepagenamee","NÁZOVZÁKLADNEJSTRÁNKYE":"basepagenamee","NÁZEVPODSTRANY":"subpagename",
"SUBPAGENAME":"subpagename","NÁZOVPODSTRÁNKY":"subpagename","NÁZEVPODSTRANYE":"subpagenamee","SUBPAGENAMEE":"subpagenamee","NÁZOVPODSTRÁNKYE":"subpagenamee","NÁZEVDISKUSE":"talkpagename","TALKPAGENAME":"talkpagename","NÁZOVDISKUSNEJSTRÁNKY":"talkpagename","NÁZEVDISKUSEE":"talkpagenamee","TALKPAGENAMEE":"talkpagenamee","NÁZOVDISKUSNEJSTRÁNKYE":"talkpagenamee","NÁZEVČLÁNKU":"subjectpagename","SUBJECTPAGENAME":"subjectpagename","ARTICLEPAGENAME":"subjectpagename","NÁZOVČLÁNKU":"subjectpagename","NÁZEVČLÁNKUE":"subjectpagenamee","SUBJECTPAGENAMEE":"subjectpagenamee","ARTICLEPAGENAMEE":"subjectpagenamee","NÁZOVČLÁNKUE":"subjectpagenamee","IDREVIZE":"revisionid","REVISIONID":"revisionid","DENREVIZE":"revisionday","REVISIONDAY":"revisionday","DENREVIZE2":"revisionday2","REVISIONDAY2":"revisionday2","MĚSÍCREVIZE":"revisionmonth","REVISIONMONTH":"revisionmonth","MĚSÍCREVIZE1":"revisionmonth1","REVISIONMONTH1":"revisionmonth1","ROKREVIZE":"revisionyear","REVISIONYEAR":
"revisionyear","KÓDČASUREVIZE":"revisiontimestamp","REVISIONTIMESTAMP":"revisiontimestamp","AUTORREVIZE":"revisionuser","REVISIONUSER":"revisionuser","CASCADINGSOURCES":"cascadingsources","JMENNÝPROSTOR":"namespace","NAMESPACE":"namespace","MENNÝPRIESTOR":"namespace","ZOBRAZOVANÝNADPIS":"displaytitle","DISPLAYTITLE":"displaytitle","!":"!","AKTUÁLNÍMĚSÍC":"currentmonth","AKTUÁLNÍMĚSÍC2":"currentmonth","CURRENTMONTH":"currentmonth","CURRENTMONTH2":"currentmonth","AKTUÁLNYMESIAC":"currentmonth","AKTUÁLNÍMĚSÍC1":"currentmonth1","CURRENTMONTH1":"currentmonth1","AKTUÁLNÍMĚSÍCJMÉNO":"currentmonthname","CURRENTMONTHNAME":"currentmonthname","NÁZOVAKTUÁLNEHOMESIACA":"currentmonthname","AKTUÁLNÍMĚSÍCGEN":"currentmonthnamegen","CURRENTMONTHNAMEGEN":"currentmonthnamegen","NÁZOVAKTUÁLNEHOMESIACAGEN":"currentmonthnamegen","AKTUÁLNÍMĚSÍCZKR":"currentmonthabbrev","CURRENTMONTHABBREV":"currentmonthabbrev","NÁZOVAKTUÁLNEHOMESIACASKRATKA":"currentmonthabbrev",
"AKTUÁLNÍDEN":"currentday","CURRENTDAY":"currentday","AKTUÁLNYDEŇ":"currentday","AKTUÁLNÍDEN2":"currentday2","CURRENTDAY2":"currentday2","AKTUÁLNYDEŇ2":"currentday2","AKTUÁLNÍDENJMÉNO":"currentdayname","CURRENTDAYNAME":"currentdayname","NÁZOVAKTUÁLNEHODŇA":"currentdayname","AKTUÁLNÍROK":"currentyear","CURRENTYEAR":"currentyear","AKTUÁLNYROK":"currentyear","AKTUÁLNÍČAS":"currenttime","CURRENTTIME":"currenttime","AKTUÁLNYČAS":"currenttime","AKTUÁLNÍHODINA":"currenthour","CURRENTHOUR":"currenthour","AKTUÁLNAHODINA":"currenthour","MÍSTNÍMĚSÍC":"localmonth","MÍSTNÍMĚSÍC2":"localmonth","LOCALMONTH":"localmonth","LOCALMONTH2":"localmonth","MÍSTNÍMĚSÍC1":"localmonth1","LOCALMONTH1":"localmonth1","MÍSTNÍMĚSÍCJMÉNO":"localmonthname","LOCALMONTHNAME":"localmonthname","MÍSTNÍMĚSÍCGEN":"localmonthnamegen","LOCALMONTHNAMEGEN":"localmonthnamegen","MÍSTNÍMĚSÍCZKR":"localmonthabbrev","LOCALMONTHABBREV":"localmonthabbrev","MÍSTNÍDEN":"localday",
"LOCALDAY":"localday","MÍSTNÍDEN2":"localday2","LOCALDAY2":"localday2","MÍSTNÍDENJMÉNO":"localdayname","LOCALDAYNAME":"localdayname","MÍSTNÍROK":"localyear","LOCALYEAR":"localyear","MÍSTNÍČAS":"localtime","LOCALTIME":"localtime","MÍSTNÍHODINA":"localhour","LOCALHOUR":"localhour","NÁZEVWEBU":"sitename","SITENAME":"sitename","NÁZOVLOKALITY":"sitename","AKTUÁLNÍTÝDEN":"currentweek","CURRENTWEEK":"currentweek","AKTUÁLNYTÝŽDEŇ":"currentweek","AKTUÁLNÍDENTÝDNE":"currentdow","CURRENTDOW":"currentdow","MÍSTNÍTÝDEN":"localweek","LOCALWEEK":"localweek","MÍSTNÍDENTÝDNE":"localdow","LOCALDOW":"localdow","VELIKOSTREVIZE":"revisionsize","REVISIONSIZE":"revisionsize","VERZESOFTWARE":"currentversion","CURRENTVERSION":"currentversion","AKTUÁLNAVERZIA":"currentversion","AKTUÁLNÍKÓDČASU":"currenttimestamp","CURRENTTIMESTAMP":"currenttimestamp","MÍSTNÍKÓDČASU":"localtimestamp","LOCALTIMESTAMP":"localtimestamp","ZNAKSMĚRU":"directionmark","DIRECTIONMARK":
"directionmark","DIRMARK":"directionmark","JAZYKOBSAHU":"contentlanguage","CONTENTLANGUAGE":"contentlanguage","CONTENTLANG":"contentlanguage","JAZYKSTRÁNKY":"pagelanguage","PAGELANGUAGE":"pagelanguage"}],"urlProtocols":"bitcoin\\:|ftp\\:\\/\\/|ftps\\:\\/\\/|geo\\:|git\\:\\/\\/|gopher\\:\\/\\/|http\\:\\/\\/|https\\:\\/\\/|irc\\:\\/\\/|ircs\\:\\/\\/|magnet\\:|mailto\\:|mms\\:\\/\\/|news\\:|nntp\\:\\/\\/|redis\\:\\/\\/|sftp\\:\\/\\/|sip\\:|sips\\:|sms\\:|ssh\\:\\/\\/|svn\\:\\/\\/|tel\\:|telnet\\:\\/\\/|urn\\:|worldwind\\:\\/\\/|xmpp\\:|\\/\\/","linkTrailCharacters":"/^([a-záčďéěíňóřšťúůýž]+)(.*)$/sDu"}}