{"extCodeMirrorConfig":{"pluginModules":[],"tagModes":{"ref":"text/mediawiki","pre":"mw-tag-pre","nowiki":"mw-tag-nowiki"},"tags":{"pre":true,"nowiki":true,"gallery":true,"indicator":true,"timeline":true,"hiero":true,"charinsert":true,"ref":true,"references":true,"inputbox":true,"imagemap":true,"source":true,"syntaxhighlight":true,"poem":true,"categorytree":true,"section":true,"score":true,"templatestyles":true,"templatedata":true,"math":true,"ce":true,"chem":true,"graph":true,"maplink":true,"mapframe":true},"doubleUnderscore":[{"__bezobsahu__":"notoc","__notoc__":"notoc","__bezgalérie__":"nogallery","__nogallery__":"nogallery","__bezgalerie__":"nogallery","__vynútiťobsah__":"forcetoc","__forcetoc__":"forcetoc","__vždyobsah__":"forcetoc","__obsah__":"toc","__toc__":"toc","__neupravovaťsekcie__":"noeditsection","__noeditsection__":"noeditsection","__bezeditovatčást__":"noeditsection"
,"__bezkonverzenadpisu__":"notitleconvert","__notitleconvert__":"notitleconvert","__notc__":"notitleconvert","__bezkonverzeobsahu__":"nocontentconvert","__nocontentconvert__":"nocontentconvert","__nocc__":"nocontentconvert"},{"__LINKPŘIDATKOMENTÁŘ__":"newsectionlink","__NEWSECTIONLINK__":"newsectionlink","__BEZLINKUPŘIDATKOMENTÁŘ__":"nonewsectionlink","__NONEWSECTIONLINK__":"nonewsectionlink","__SKRYTÁKATEGÓRIA__":"hiddencat","__SKRYTÁKAT__":"hiddencat","__HIDDENCAT__":"hiddencat","__SKRÝTKAT__":"hiddencat","__EXPECTUNUSEDCATEGORY__":"expectunusedcategory","__INDEXOVAT__":"index","__INDEX__":"index","__NEINDEXOVAT__":"noindex","__NOINDEX__":"noindex","__STATICKÉPŘESMĚROVÁNÍ__":"staticredirect","__STATICREDIRECT__":"staticredirect","__NOGLOBAL__":"noglobal","__DISAMBIG__":"disambiguation"}],"functionSynonyms":[{"mp":"ns","ns":"ns","jmennýprostor":"ns","jmennýprostore":"nse","nse":"nse","enkódovaturl":"urlencode","urlencode":"urlencode","prvnímalé":"lcfirst","lcfirst"
:"lcfirst","prvnívelké":"ucfirst","ucfirst":"ucfirst","malá":"lc","lc":"lc","velká":"uc","uc":"uc","místníurl":"localurl","localurl":"localurl","místníurle":"localurle","localurle":"localurle","plnéurl":"fullurl","fullurl":"fullurl","plnéurle":"fullurle","fullurle":"fullurle","kanonickéurl":"canonicalurl","canonicalurl":"canonicalurl","kanonickéurle":"canonicalurle","canonicalurle":"canonicalurle","formátujčíslo":"formatnum","formatnum":"formatnum","gramatika":"grammar","grammar":"grammar","skloňuj":"grammar","pohlaví":"gender","gender":"gender","plurál":"plural","plural":"plural","obasměry":"bidi","bidi":"bidi","#jazyk":"language","#language":"language","zarovnatvlevo":"padleft","padleft":"padleft","zarovnatvpravo":"padright","padright":"padright","enkódovatnadpis":"anchorencode","anchorencode":"anchorencode","cestaksúboru":"filepath","filepath":"filepath","cestaksouboru":"filepath","idstránky":"pageid","pageid":"pageid","hlášení":"int","int":"int",
"#speciální":"special","#special":"special","#speciale":"speciale","#značka":"tag","#tag":"tag","#formátujdatum":"formatdate","#formatdate":"formatdate","#dateformat":"formatdate","noexternallanglinks":"noexternallanglinks","#vlastnost":"property","#property":"property","#statements":"statements","#když":"if","#if":"if","#ifeq":"ifeq","#switch":"switch","#kdyžexist":"ifexist","#ifexist":"ifexist","#ifexpr":"ifexpr","#iferror":"iferror","#čas":"time","#time":"time","#timel":"timel","#výraz":"expr","#expr":"expr","#rel2abs":"rel2abs","#titleparts":"titleparts","#categorytree":"categorytree","#lst":"lst","#section":"lst","#lstx":"lstx","#section-x":"lstx","#lsth":"lsth","#section-h":"lsth","#cíl":"target","#target":"target","#babylon":"babel","#babel":"babel","#coordinates":"coordinates","#invoke":"invoke","#related":"related","cestakčlánku":"articlepath","articlepath":"articlepath","server":"server","názovservera":"servername","servername":"servername","názevserveru":
"servername","cestakuskriptu":"scriptpath","scriptpath":"scriptpath","cestakeskriptům":"scriptpath","cestakestylům":"stylepath","stylepath":"stylepath","wbreponame":"wbreponame","numberofwikis":"numberofwikis"},{"POČETSTRÁNOK":"numberofpages","NUMBEROFPAGES":"numberofpages","POČETSTRAN":"numberofpages","POČETPOUŽÍVATEĽOV":"numberofusers","NUMBEROFUSERS":"numberofusers","POČETUŽIVATELŮ":"numberofusers","POČETAKTIVNÍCHUŽIVATELŮ":"numberofactiveusers","NUMBEROFACTIVEUSERS":"numberofactiveusers","POČETČLÁNKOV":"numberofarticles","NUMBEROFARTICLES":"numberofarticles","POČETČLÁNKŮ":"numberofarticles","POČETSÚBOROV":"numberoffiles","NUMBEROFFILES":"numberoffiles","POČETSOUBORŮ":"numberoffiles","POČETSPRÁVCOV":"numberofadmins","NUMBEROFADMINS":"numberofadmins","POČETSPRÁVCŮ":"numberofadmins","POČETVESKUPINĚ":"numberingroup","NUMBERINGROUP":"numberingroup","NUMINGROUP":"numberingroup","POČETÚPRAV":"numberofedits","NUMBEROFEDITS":"numberofedits",
"POČETEDITACÍ":"numberofedits","KLÍČŘAZENÍ":"defaultsort","DEFAULTSORT":"defaultsort","DEFAULTSORTKEY":"defaultsort","DEFAULTCATEGORYSORT":"defaultsort","STRÁNOKVKATEGÓRII":"pagesincategory","STRÁNOKVKAT":"pagesincategory","PAGESINCATEGORY":"pagesincategory","PAGESINCAT":"pagesincategory","STRÁNEKVKATEGORII":"pagesincategory","STRÁNEKVKAT":"pagesincategory","VEĽKOSŤSTRÁNKY":"pagesize","PAGESIZE":"pagesize","VELIKOSTSTRÁNKY":"pagesize","ÚROVEŇZAMČENÍ":"protectionlevel","PROTECTIONLEVEL":"protectionlevel","VYPRŠENÍZAMČENÍ":"protectionexpiry","PROTECTIONEXPIRY":"protectionexpiry","MENNÝPRIESTORE":"namespacee","NAMESPACEE":"namespacee","JMENNÝPROSTORE":"namespacee","ČÍSLOJMENNÉHOPROSTORU":"namespacenumber","NAMESPACENUMBER":"namespacenumber","DISKUSNÝPRIESTOR":"talkspace","TALKSPACE":"talkspace","DISKUSNÍPROSTOR":"talkspace","DISKUSNÝPRIESTORE":"talkspacee","TALKSPACEE":"talkspacee","DISKUSNÍPROSTORE":"talkspacee","PRIESTORČLÁNKOV":"subjectspace",
"SUBJECTSPACE":"subjectspace","ARTICLESPACE":"subjectspace","ČLÁNEKPROSTOR":"subjectspace","PRIESTORČLÁNKOVE":"subjectspacee","SUBJECTSPACEE":"subjectspacee","ARTICLESPACEE":"subjectspacee","ČLÁNEKPROSTORE":"subjectspacee","NÁZOVSTRÁNKY":"pagename","PAGENAME":"pagename","NÁZEVSTRANY":"pagename","NÁZOVSTRÁNKYE":"pagenamee","PAGENAMEE":"pagenamee","NÁZEVSTRANYE":"pagenamee","PLNÝNÁZOVSTRÁNKY":"fullpagename","FULLPAGENAME":"fullpagename","PLNÝNÁZEVSTRANY":"fullpagename","PLNÝNÁZOVSTRÁNKYE":"fullpagenamee","FULLPAGENAMEE":"fullpagenamee","PLNÝNÁZEVSTRANYE":"fullpagenamee","NÁZEVKOŘENOVÉSTRANY":"rootpagename","ROOTPAGENAME":"rootpagename","NÁZEVKOŘENOVÉSTRANYE":"rootpagenamee","ROOTPAGENAMEE":"rootpagenamee","NÁZOVZÁKLADNEJSTRÁNKY":"basepagename","BASEPAGENAME":"basepagename","NÁZEVNADSTRANY":"basepagename","NÁZOVZÁKLADNEJSTRÁNKYE":"basepagenamee","BASEPAGENAMEE":"basepagenamee","NÁZEVNADSTRANYE":"basepagenamee","NÁZOVPODSTRÁNKY":"subpagename",
"SUBPAGENAME":"subpagename","NÁZEVPODSTRANY":"subpagename","NÁZOVPODSTRÁNKYE":"subpagenamee","SUBPAGENAMEE":"subpagenamee","NÁZEVPODSTRANYE":"subpagenamee","NÁZOVDISKUSNEJSTRÁNKY":"talkpagename","TALKPAGENAME":"talkpagename","NÁZEVDISKUSE":"talkpagename","NÁZOVDISKUSNEJSTRÁNKYE":"talkpagenamee","TALKPAGENAMEE":"talkpagenamee","NÁZEVDISKUSEE":"talkpagenamee","NÁZOVČLÁNKU":"subjectpagename","SUBJECTPAGENAME":"subjectpagename","ARTICLEPAGENAME":"subjectpagename","NÁZEVČLÁNKU":"subjectpagename","NÁZOVČLÁNKUE":"subjectpagenamee","SUBJECTPAGENAMEE":"subjectpagenamee","ARTICLEPAGENAMEE":"subjectpagenamee","NÁZEVČLÁNKUE":"subjectpagenamee","IDREVIZE":"revisionid","REVISIONID":"revisionid","DENREVIZE":"revisionday","REVISIONDAY":"revisionday","DENREVIZE2":"revisionday2","REVISIONDAY2":"revisionday2","MĚSÍCREVIZE":"revisionmonth","REVISIONMONTH":"revisionmonth","MĚSÍCREVIZE1":"revisionmonth1","REVISIONMONTH1":"revisionmonth1","ROKREVIZE":"revisionyear","REVISIONYEAR":
"revisionyear","KÓDČASUREVIZE":"revisiontimestamp","REVISIONTIMESTAMP":"revisiontimestamp","AUTORREVIZE":"revisionuser","REVISIONUSER":"revisionuser","CASCADINGSOURCES":"cascadingsources","MENNÝPRIESTOR":"namespace","NAMESPACE":"namespace","JMENNÝPROSTOR":"namespace","ZOBRAZOVANÝNADPIS":"displaytitle","DISPLAYTITLE":"displaytitle","!":"!","AKTUÁLNYMESIAC":"currentmonth","CURRENTMONTH":"currentmonth","CURRENTMONTH2":"currentmonth","AKTUÁLNÍMĚSÍC":"currentmonth","AKTUÁLNÍMĚSÍC2":"currentmonth","AKTUÁLNÍMĚSÍC1":"currentmonth1","CURRENTMONTH1":"currentmonth1","NÁZOVAKTUÁLNEHOMESIACA":"currentmonthname","CURRENTMONTHNAME":"currentmonthname","AKTUÁLNÍMĚSÍCJMÉNO":"currentmonthname","NÁZOVAKTUÁLNEHOMESIACAGEN":"currentmonthnamegen","CURRENTMONTHNAMEGEN":"currentmonthnamegen","AKTUÁLNÍMĚSÍCGEN":"currentmonthnamegen","NÁZOVAKTUÁLNEHOMESIACASKRATKA":"currentmonthabbrev","CURRENTMONTHABBREV":"currentmonthabbrev","AKTUÁLNÍMĚSÍCZKR":"currentmonthabbrev",
"AKTUÁLNYDEŇ":"currentday","CURRENTDAY":"currentday","AKTUÁLNÍDEN":"currentday","AKTUÁLNYDEŇ2":"currentday2","CURRENTDAY2":"currentday2","AKTUÁLNÍDEN2":"currentday2","NÁZOVAKTUÁLNEHODŇA":"currentdayname","CURRENTDAYNAME":"currentdayname","AKTUÁLNÍDENJMÉNO":"currentdayname","AKTUÁLNYROK":"currentyear","CURRENTYEAR":"currentyear","AKTUÁLNÍROK":"currentyear","AKTUÁLNYČAS":"currenttime","CURRENTTIME":"currenttime","AKTUÁLNÍČAS":"currenttime","AKTUÁLNAHODINA":"currenthour","CURRENTHOUR":"currenthour","AKTUÁLNÍHODINA":"currenthour","MÍSTNÍMĚSÍC":"localmonth","MÍSTNÍMĚSÍC2":"localmonth","LOCALMONTH":"localmonth","LOCALMONTH2":"localmonth","MÍSTNÍMĚSÍC1":"localmonth1","LOCALMONTH1":"localmonth1","MÍSTNÍMĚSÍCJMÉNO":"localmonthname","LOCALMONTHNAME":"localmonthname","MÍSTNÍMĚSÍCGEN":"localmonthnamegen","LOCALMONTHNAMEGEN":"localmonthnamegen","MÍSTNÍMĚSÍCZKR":"localmonthabbrev","LOCALMONTHABBREV":"localmonthabbrev","MÍSTNÍDEN":"localday",
"LOCALDAY":"localday","MÍSTNÍDEN2":"localday2","LOCALDAY2":"localday2","MÍSTNÍDENJMÉNO":"localdayname","LOCALDAYNAME":"localdayname","MÍSTNÍROK":"localyear","LOCALYEAR":"localyear","MÍSTNÍČAS":"localtime","LOCALTIME":"localtime","MÍSTNÍHODINA":"localhour","LOCALHOUR":"localhour","NÁZOVLOKALITY":"sitename","SITENAME":"sitename","NÁZEVWEBU":"sitename","AKTUÁLNYTÝŽDEŇ":"currentweek","CURRENTWEEK":"currentweek","AKTUÁLNÍTÝDEN":"currentweek","AKTUÁLNÍDENTÝDNE":"currentdow","CURRENTDOW":"currentdow","MÍSTNÍTÝDEN":"localweek","LOCALWEEK":"localweek","MÍSTNÍDENTÝDNE":"localdow","LOCALDOW":"localdow","VELIKOSTREVIZE":"revisionsize","REVISIONSIZE":"revisionsize","AKTUÁLNAVERZIA":"currentversion","CURRENTVERSION":"currentversion","VERZESOFTWARE":"currentversion","AKTUÁLNÍKÓDČASU":"currenttimestamp","CURRENTTIMESTAMP":"currenttimestamp","MÍSTNÍKÓDČASU":"localtimestamp","LOCALTIMESTAMP":"localtimestamp","ZNAKSMĚRU":"directionmark","DIRECTIONMARK":
"directionmark","DIRMARK":"directionmark","JAZYKOBSAHU":"contentlanguage","CONTENTLANGUAGE":"contentlanguage","CONTENTLANG":"contentlanguage","JAZYKSTRÁNKY":"pagelanguage","PAGELANGUAGE":"pagelanguage"}],"urlProtocols":"bitcoin\\:|ftp\\:\\/\\/|ftps\\:\\/\\/|geo\\:|git\\:\\/\\/|gopher\\:\\/\\/|http\\:\\/\\/|https\\:\\/\\/|irc\\:\\/\\/|ircs\\:\\/\\/|magnet\\:|mailto\\:|mms\\:\\/\\/|news\\:|nntp\\:\\/\\/|redis\\:\\/\\/|sftp\\:\\/\\/|sip\\:|sips\\:|sms\\:|ssh\\:\\/\\/|svn\\:\\/\\/|tel\\:|telnet\\:\\/\\/|urn\\:|worldwind\\:\\/\\/|xmpp\\:|\\/\\/","linkTrailCharacters":"/^([a-záäčďéíľĺňóôŕšťúýž]+)(.*)$/sDu"}}