{"extCodeMirrorConfig":{"pluginModules":[],"tagModes":{"ref":"text/mediawiki","pre":"mw-tag-pre","nowiki":"mw-tag-nowiki"},"tags":{"pre":true,"nowiki":true,"gallery":true,"indicator":true,"timeline":true,"hiero":true,"charinsert":true,"ref":true,"references":true,"inputbox":true,"imagemap":true,"source":true,"syntaxhighlight":true,"poem":true,"categorytree":true,"section":true,"קטע":true,"score":true,"templatestyles":true,"templatedata":true,"math":true,"ce":true,"chem":true,"graph":true,"maplink":true,"mapframe":true},"doubleUnderscore":[{"__ללא_תוכן_עניינים__":"notoc","__ללא_תוכן__":"notoc","__notoc__":"notoc","__ללא_גלריה__":"nogallery","__nogallery__":"nogallery","__חייב_תוכן_עניינים__":"forcetoc","__חייב_תוכן__":"forcetoc","__forcetoc__":"forcetoc","__תוכן_עניינים__":"toc","__תוכן__":"toc","__toc__":"toc",
"__ללא_עריכה__":"noeditsection","__noeditsection__":"noeditsection","__ללא_המרת_כותרת__":"notitleconvert","__notitleconvert__":"notitleconvert","__notc__":"notitleconvert","__ללא_המרת_תוכן__":"nocontentconvert","__nocontentconvert__":"nocontentconvert","__nocc__":"nocontentconvert"},{"__יצירת_הערה__":"newsectionlink","__NEWSECTIONLINK__":"newsectionlink","__ללא_יצירת_הערה__":"nonewsectionlink","__NONEWSECTIONLINK__":"nonewsectionlink","__קטגוריה_מוסתרת__":"hiddencat","__HIDDENCAT__":"hiddencat","__EXPECTUNUSEDCATEGORY__":"expectunusedcategory","__לחיפוש__":"index","__INDEX__":"index","__לא_לחיפוש__":"noindex","__NOINDEX__":"noindex","__הפניה_קבועה__":"staticredirect","__STATICREDIRECT__":"staticredirect","__NOGLOBAL__":"noglobal","__פירושונים__":"disambiguation","__DISAMBIG__":"disambiguation"}],"functionSynonyms":[{"מרחב שם":"ns","ns":"ns","מרחב שם מקודד":"nse","nse":
"nse","נתיב מקודד":"urlencode","urlencode":"urlencode","אות ראשונה קטנה":"lcfirst","lcfirst":"lcfirst","אות ראשונה גדולה":"ucfirst","ucfirst":"ucfirst","אותיות קטנות":"lc","lc":"lc","אותיות גדולות":"uc","uc":"uc","כתובת יחסית":"localurl","localurl":"localurl","כתובת יחסית מקודד":"localurle","localurle":"localurle","כתובת מלאה":"fullurl","fullurl":"fullurl","כתובת מלאה מקודד":"fullurle","fullurle":"fullurle","כתובת קנונית":"canonicalurl","canonicalurl":"canonicalurl","כתובת קנונית מקודד":"canonicalurle","canonicalurle":"canonicalurle","עיצוב מספר":"formatnum","formatnum":"formatnum","דקדוק":"grammar","grammar":"grammar","מגדר":"gender","gender":"gender","רבים":"plural","plural":"plural","bidi":"bidi","#שפה":"language","#language":"language","ריפוד משמאל":"padleft","padleft":"padleft","ריפוד מימין":"padright",
"padright":"padright","עוגן מקודד":"anchorencode","anchorencode":"anchorencode","נתיב לקובץ":"filepath","filepath":"filepath","pageid":"pageid","הודעה":"int","int":"int","#מיוחד":"special","#special":"special","#speciale":"speciale","#תגית":"tag","#tag":"tag","#עיצוב תאריך":"formatdate","#formatdate":"formatdate","#dateformat":"formatdate","ללא_קישורי_שפה":"noexternallanglinks","noexternallanglinks":"noexternallanglinks","#מאפיין":"property","#property":"property","#קביעות":"statements","#statements":"statements","#תנאי":"if","#if":"if","#שווה":"ifeq","#ifeq":"ifeq","#בחר":"switch","#switch":"switch","#קיים":"ifexist","#ifexist":"ifexist","#חשב תנאי":"ifexpr","#ifexpr":"ifexpr","#תנאי שגיאה":"iferror","#iferror":"iferror","#זמן":"time","#time":"time","#זמןמ":"timel","#timel":"timel","#חשב":"expr","#expr":"expr","#יחסי למוחלט":"rel2abs","#rel2abs":"rel2abs",
"#חלק בכותרת":"titleparts","#titleparts":"titleparts","#עץ_קטגוריה":"categorytree","#categorytree":"categorytree","#lst":"lst","#section":"lst","#קטע":"lst","#lstx":"lstx","#section-x":"lstx","#בלי קטע":"lstx","#lsth":"lsth","#section-h":"lsth","#target":"target","#בבל":"babel","#babel":"babel","#coordinates":"coordinates","#invoke":"invoke","#related":"related","נתיב הדפים":"articlepath","articlepath":"articlepath","כתובת השרת":"server","שרת":"server","server":"server","שם השרת":"servername","servername":"servername","נתיב הקבצים":"scriptpath","scriptpath":"scriptpath","נתיב הסגנון":"stylepath","stylepath":"stylepath","שם_המאגר":"wbreponame","wbreponame":"wbreponame","numberofwikis":"numberofwikis"},{"מספר דפים כולל":"numberofpages","מספר דפים":"numberofpages","NUMBEROFPAGES":"numberofpages","מספר משתמשים":"numberofusers","NUMBEROFUSERS":"numberofusers",
"מספר משתמשים פעילים":"numberofactiveusers","NUMBEROFACTIVEUSERS":"numberofactiveusers","מספר ערכים":"numberofarticles","NUMBEROFARTICLES":"numberofarticles","מספר קבצים":"numberoffiles","NUMBEROFFILES":"numberoffiles","מספר מפעילים":"numberofadmins","NUMBEROFADMINS":"numberofadmins","מספר בקבוצה":"numberingroup","NUMBERINGROUP":"numberingroup","NUMINGROUP":"numberingroup","מספר עריכות":"numberofedits","NUMBEROFEDITS":"numberofedits","מיון רגיל":"defaultsort","DEFAULTSORT":"defaultsort","DEFAULTSORTKEY":"defaultsort","DEFAULTCATEGORYSORT":"defaultsort","דפים בקטגוריה":"pagesincategory","PAGESINCATEGORY":"pagesincategory","PAGESINCAT":"pagesincategory","גודל דף":"pagesize","PAGESIZE":"pagesize","רמת הגנה":"protectionlevel","PROTECTIONLEVEL":"protectionlevel","PROTECTIONEXPIRY":"protectionexpiry","מרחב השם מקודד":"namespacee","NAMESPACEE":"namespacee","מספר_מרחב_השם":
"namespacenumber","NAMESPACENUMBER":"namespacenumber","מרחב השיחה":"talkspace","TALKSPACE":"talkspace","מרחב השיחה מקודד":"talkspacee","TALKSPACEE":"talkspacee","מרחב הנושא":"subjectspace","מרחב הערכים":"subjectspace","SUBJECTSPACE":"subjectspace","ARTICLESPACE":"subjectspace","מרחב הנושא מקודד":"subjectspacee","מרחב הערכים מקודד":"subjectspacee","SUBJECTSPACEE":"subjectspacee","ARTICLESPACEE":"subjectspacee","שם הדף":"pagename","PAGENAME":"pagename","שם הדף מקודד":"pagenamee","PAGENAMEE":"pagenamee","שם הדף המלא":"fullpagename","FULLPAGENAME":"fullpagename","שם הדף המלא מקודד":"fullpagenamee","FULLPAGENAMEE":"fullpagenamee","ROOTPAGENAME":"rootpagename","ROOTPAGENAMEE":"rootpagenamee","שם דף הבסיס":"basepagename","BASEPAGENAME":"basepagename","שם דף הבסיס מקודד":"basepagenamee","BASEPAGENAMEE":"basepagenamee","שם דף המשנה":"subpagename",
"SUBPAGENAME":"subpagename","שם דף המשנה מקודד":"subpagenamee","SUBPAGENAMEE":"subpagenamee","שם דף השיחה":"talkpagename","TALKPAGENAME":"talkpagename","שם דף השיחה מקודד":"talkpagenamee","TALKPAGENAMEE":"talkpagenamee","שם דף הנושא":"subjectpagename","שם הערך":"subjectpagename","SUBJECTPAGENAME":"subjectpagename","ARTICLEPAGENAME":"subjectpagename","שם דף הנושא מקודד":"subjectpagenamee","שם הערך מקודד":"subjectpagenamee","SUBJECTPAGENAMEE":"subjectpagenamee","ARTICLEPAGENAMEE":"subjectpagenamee","מזהה גרסה":"revisionid","REVISIONID":"revisionid","יום גרסה":"revisionday","REVISIONDAY":"revisionday","יום גרסה 2":"revisionday2","REVISIONDAY2":"revisionday2","חודש גרסה":"revisionmonth","REVISIONMONTH":"revisionmonth","חודש גרסה 1":"revisionmonth1","REVISIONMONTH1":"revisionmonth1","שנת גרסה":"revisionyear","REVISIONYEAR":"revisionyear","זמן גרסה":
"revisiontimestamp","REVISIONTIMESTAMP":"revisiontimestamp","כותב גרסה":"revisionuser","REVISIONUSER":"revisionuser","CASCADINGSOURCES":"cascadingsources","מרחב השם":"namespace","NAMESPACE":"namespace","כותרת תצוגה":"displaytitle","DISPLAYTITLE":"displaytitle","!":"!","חודש נוכחי":"currentmonth","חודש נוכחי 2":"currentmonth","CURRENTMONTH":"currentmonth","CURRENTMONTH2":"currentmonth","חודש נוכחי 1":"currentmonth1","CURRENTMONTH1":"currentmonth1","שם חודש נוכחי":"currentmonthname","CURRENTMONTHNAME":"currentmonthname","שם חודש נוכחי קניין":"currentmonthnamegen","CURRENTMONTHNAMEGEN":"currentmonthnamegen","קיצור חודש נוכחי":"currentmonthabbrev","CURRENTMONTHABBREV":"currentmonthabbrev","יום נוכחי":"currentday","CURRENTDAY":"currentday","יום נוכחי 2":"currentday2","CURRENTDAY2":"currentday2","שם יום נוכחי":"currentdayname","CURRENTDAYNAME":"currentdayname",
"שנה נוכחית":"currentyear","CURRENTYEAR":"currentyear","שעה נוכחית":"currenttime","CURRENTTIME":"currenttime","שעות נוכחיות":"currenthour","CURRENTHOUR":"currenthour","חודש מקומי":"localmonth","חודש מקומי 2":"localmonth","LOCALMONTH":"localmonth","LOCALMONTH2":"localmonth","חודש מקומי 1":"localmonth1","LOCALMONTH1":"localmonth1","שם חודש מקומי":"localmonthname","LOCALMONTHNAME":"localmonthname","שם חודש מקומי קניין":"localmonthnamegen","LOCALMONTHNAMEGEN":"localmonthnamegen","קיצור חודש מקומי":"localmonthabbrev","LOCALMONTHABBREV":"localmonthabbrev","יום מקומי":"localday","LOCALDAY":"localday","יום מקומי 2":"localday2","LOCALDAY2":"localday2","שם יום מקומי":"localdayname","LOCALDAYNAME":"localdayname","שנה מקומית":"localyear","LOCALYEAR":"localyear","שעה מקומית":"localtime","LOCALTIME":"localtime","שעות מקומיות":"localhour","LOCALHOUR":
"localhour","שם האתר":"sitename","SITENAME":"sitename","שבוע נוכחי":"currentweek","CURRENTWEEK":"currentweek","מספר יום נוכחי":"currentdow","CURRENTDOW":"currentdow","שבוע מקומי":"localweek","LOCALWEEK":"localweek","מספר יום מקומי":"localdow","LOCALDOW":"localdow","REVISIONSIZE":"revisionsize","גרסה נוכחית":"currentversion","CURRENTVERSION":"currentversion","זמן נוכחי":"currenttimestamp","CURRENTTIMESTAMP":"currenttimestamp","זמן מקומי":"localtimestamp","LOCALTIMESTAMP":"localtimestamp","סימן כיווניות":"directionmark","DIRECTIONMARK":"directionmark","DIRMARK":"directionmark","שפת תוכן":"contentlanguage","CONTENTLANGUAGE":"contentlanguage","CONTENTLANG":"contentlanguage","PAGELANGUAGE":"pagelanguage"}],"urlProtocols":
"bitcoin\\:|ftp\\:\\/\\/|ftps\\:\\/\\/|geo\\:|git\\:\\/\\/|gopher\\:\\/\\/|http\\:\\/\\/|https\\:\\/\\/|irc\\:\\/\\/|ircs\\:\\/\\/|magnet\\:|mailto\\:|mms\\:\\/\\/|news\\:|nntp\\:\\/\\/|redis\\:\\/\\/|sftp\\:\\/\\/|sip\\:|sips\\:|sms\\:|ssh\\:\\/\\/|svn\\:\\/\\/|tel\\:|telnet\\:\\/\\/|urn\\:|worldwind\\:\\/\\/|xmpp\\:|\\/\\/","linkTrailCharacters":"/^([a-zא-ת]+)(.*)$/sDu"}}