{"extCodeMirrorConfig":{"pluginModules":[],"tagModes":{"ref":"text/mediawiki","pre":"mw-tag-pre","nowiki":"mw-tag-nowiki"},"tags":{"pre":true,"nowiki":true,"gallery":true,"indicator":true,"timeline":true,"hiero":true,"charinsert":true,"ref":true,"references":true,"inputbox":true,"imagemap":true,"source":true,"syntaxhighlight":true,"poem":true,"categorytree":true,"section":true,"score":true,"templatestyles":true,"templatedata":true,"math":true,"ce":true,"chem":true,"graph":true,"maplink":true,"mapframe":true},"doubleUnderscore":[{"__ebdawerrej__":"notoc","__notoc__":"notoc","__ebdagallerija__":"nogallery","__nogallery__":"nogallery","__sforzawerrej__":"forcetoc","__forcetoc__":"forcetoc","__werrej__":"toc","__toc__":"toc","__ebdasezzjonimodifika__":"noeditsection","__noeditsection__":"noeditsection","__ebdakonverturtitlu__":"notitleconvert","__ebdakt__":"notitleconvert","__notitleconvert__"
:"notitleconvert","__notc__":"notitleconvert","__ebdakonverturkontenut__":"nocontentconvert","__ebdakk__":"nocontentconvert","__nocontentconvert__":"nocontentconvert","__nocc__":"nocontentconvert"},{"__ĦOLQASEZZJONIĠDIDA__":"newsectionlink","__NEWSECTIONLINK__":"newsectionlink","__EBDAĦOLQASEZZJONIĠDIDA__":"nonewsectionlink","__NONEWSECTIONLINK__":"nonewsectionlink","__KATMOĦBIJA__":"hiddencat","__HIDDENCAT__":"hiddencat","__EXPECTUNUSEDCATEGORY__":"expectunusedcategory","__INDIĊI__":"index","__INDEX__":"index","__EBDAINDIĊI__":"noindex","__NOINDEX__":"noindex","__RIINDIRIZZSTATIKU__":"staticredirect","__STATICREDIRECT__":"staticredirect","__NOGLOBAL__":"noglobal","__DISAMBIG__":"disambiguation"}],"functionSynonyms":[{"is":"ns","ns":"ns","nse":"nse","urlkodiċi":"urlencode","urlencode":"urlencode","ibdakż":"lcfirst","lcfirst":"lcfirst","ibdakk":"ucfirst","ucfirst":"ucfirst","kż":"lc","lc":"lc","kk":"uc","uc":"uc","urllokali":"localurl","localurl":"localurl","urllokalie":
"localurle","localurle":"localurle","urlsħiħa":"fullurl","fullurl":"fullurl","urlsħiħae":"fullurle","fullurle":"fullurle","canonicalurl":"canonicalurl","canonicalurle":"canonicalurle","formatnum":"formatnum","grammatika":"grammar","grammar":"grammar","sess":"gender","gender":"gender","plural":"plural","bidi":"bidi","#lingwa":"language","#language":"language","padxellug":"padleft","padleft":"padleft","padlemin":"padright","padright":"padright","ankrakodiċi":"anchorencode","anchorencode":"anchorencode","destinazzjonital-fajl":"filepath","filepath":"filepath","pageid":"pageid","int":"int","#speċjali":"special","#special":"special","#speciale":"speciale","#tabella":"tag","#tag":"tag","#formatdata":"formatdate","#dataformat":"formatdate","#formatdate":"formatdate","#dateformat":"formatdate","noexternallanglinks":"noexternallanglinks","#property":"property","#statements":"statements","#if":"if","#ifeq":"ifeq","#switch":"switch","#ifexist":"ifexist","#ifexpr":"ifexpr","#iferror":
"iferror","#time":"time","#timel":"timel","#expr":"expr","#rel2abs":"rel2abs","#titleparts":"titleparts","#categorytree":"categorytree","#lst":"lst","#section":"lst","#lstx":"lstx","#section-x":"lstx","#lsth":"lsth","#section-h":"lsth","#target":"target","#babel":"babel","#coordinates":"coordinates","#invoke":"invoke","#related":"related","articlepath":"articlepath","server":"server","isemtas-server":"servername","servername":"servername","destinazzjonita'skritt":"scriptpath","scriptpath":"scriptpath","stylepath":"stylepath","wbreponame":"wbreponame","numberofwikis":"numberofwikis"},{"NUMRUTA'PAĠNI":"numberofpages","NUMBEROFPAGES":"numberofpages","NUMRUTA'UTENTI":"numberofusers","NUMBEROFUSERS":"numberofusers","NUMRUTA'UTENTIATTIVI":"numberofactiveusers","NUMBEROFACTIVEUSERS":"numberofactiveusers","NUMRUTA'ARTIKLI":"numberofarticles","NUMBEROFARTICLES":"numberofarticles","NUMRUTA'FAJLS":"numberoffiles","NUMBEROFFILES":"numberoffiles","NUMRUTA'AMMIN":"numberofadmins","NUMBEROFADMINS":
"numberofadmins","NUMRUFIL-GRUPP":"numberingroup","NUMFIL-GRUPP":"numberingroup","NUMBERINGROUP":"numberingroup","NUMINGROUP":"numberingroup","NUMBRUTA'MODIFIKI":"numberofedits","NUMBEROFEDITS":"numberofedits","DEFAULTSORTJA":"defaultsort","DEFAULTSORTJAĊAVETTA":"defaultsort","DEFAULTKATEGORIJISORTJA":"defaultsort","DEFAULTSORT":"defaultsort","DEFAULTSORTKEY":"defaultsort","DEFAULTCATEGORYSORT":"defaultsort","PAĠNIFIL-KATEGORIJA":"pagesincategory","PAĠNIFILK":"pagesincategory","PAGESINCATEGORY":"pagesincategory","PAGESINCAT":"pagesincategory","DAQSTAL-PAĠNI":"pagesize","PAGESIZE":"pagesize","LIVELLITA'PROTEZZJONI":"protectionlevel","PROTECTIONLEVEL":"protectionlevel","PROTECTIONEXPIRY":"protectionexpiry","SPAZJUTAL-ISEME":"namespacee","NAMESPACEE":"namespacee","NAMESPACENUMBER":"namespacenumber","SPAZJUTA'DISKUSSJONI":"talkspace","TALKSPACE":"talkspace","SPAZJUTA'DISKUSSJONIE":"talkspacee","TALKSPACEE":"talkspacee","SPAZJUTAS-SUĠĠETT":"subjectspace","SPAZJUTAL-ARTIKLU":
"subjectspace","SUBJECTSPACE":"subjectspace","ARTICLESPACE":"subjectspace","SUBJECTSPACEE":"subjectspacee","ARTICLESPACEE":"subjectspacee","ISEMTAL-PAĠNA":"pagename","PAGENAME":"pagename","ISEMTAL-PAĠNAE":"pagenamee","PAGENAMEE":"pagenamee","ISEMSĦIĦTAL-PAĠNA":"fullpagename","FULLPAGENAME":"fullpagename","ISEMTAL-PAĠNASĦIĦAE":"fullpagenamee","FULLPAGENAMEE":"fullpagenamee","ROOTPAGENAME":"rootpagename","ROOTPAGENAMEE":"rootpagenamee","ISEMBAŻIKUTAL-PAĠNA":"basepagename","BASEPAGENAME":"basepagename","ISEMTAL-PAĠNATAL-BAŻIE":"basepagenamee","BASEPAGENAMEE":"basepagenamee","ISEMTAS-SOTTOPAĠNA":"subpagename","SUBPAGENAME":"subpagename","ISEMTAS-SUBPAĠNAE":"subpagenamee","SUBPAGENAMEE":"subpagenamee","ISEMPAĠNATA'DISKUSSJONI":"talkpagename","TALKPAGENAME":"talkpagename","ISEMTAL-PAĠNATAD-DISKUSSJONIE":"talkpagenamee","TALKPAGENAMEE":"talkpagenamee","ISEMTAS-SUĠĠETTTAL-PAĠNA":"subjectpagename","ISEMTAL-ARTIKLUTAL-PAĠNA":"subjectpagename","SUBJECTPAGENAME":
"subjectpagename","ARTICLEPAGENAME":"subjectpagename","ISEMTAS-SUĠĠETTTAL-PAĠNAE":"subjectpagenamee","ISEMTAL-ARTIKLUTAL-PAĠNAE":"subjectpagenamee","SUBJECTPAGENAMEE":"subjectpagenamee","ARTICLEPAGENAMEE":"subjectpagenamee","IDTAR-REVIŻJONI":"revisionid","REVISIONID":"revisionid","ĠURNATATAR-REVIŻJONI":"revisionday","REVISIONDAY":"revisionday","ĠURNATATAR-REVIŻJONI2":"revisionday2","REVISIONDAY2":"revisionday2","XAHARTAR-REVIŻJONI":"revisionmonth","REVISIONMONTH":"revisionmonth","REVISIONMONTH1":"revisionmonth1","SENATAR-REVIŻJONI":"revisionyear","REVISIONYEAR":"revisionyear","TIMBRUTAR-REVIŻJONI":"revisiontimestamp","REVISIONTIMESTAMP":"revisiontimestamp","REVISIONUSER":"revisionuser","CASCADINGSOURCES":"cascadingsources","SPAZJUTAL-ISEM":"namespace","NAMESPACE":"namespace","URITITLU":"displaytitle","DISPLAYTITLE":"displaytitle","!":"!","XAHARKURRENTI":"currentmonth","CURRENTMONTH":"currentmonth","CURRENTMONTH2":"currentmonth","CURRENTMONTH1":"currentmonth1",
"ISEMXAHARKURRENTI":"currentmonthname","CURRENTMONTHNAME":"currentmonthname","ĠENISEMXAHARKURRENTI":"currentmonthnamegen","CURRENTMONTHNAMEGEN":"currentmonthnamegen","ABBREVXAHARKURRENTI":"currentmonthabbrev","CURRENTMONTHABBREV":"currentmonthabbrev","ĠURNATAKURRENTI":"currentday","CURRENTDAY":"currentday","ĠURNATAKURRENTI2":"currentday2","CURRENTDAY2":"currentday2","ISEMĠURNATAKURRENTI":"currentdayname","CURRENTDAYNAME":"currentdayname","SENAKURRENTI":"currentyear","CURRENTYEAR":"currentyear","ĦINKURRENTI":"currenttime","CURRENTTIME":"currenttime","SIEGĦAKURRENTI":"currenthour","CURRENTHOUR":"currenthour","XAHARLOKALI":"localmonth","XAHARLOKALI2":"localmonth","LOCALMONTH":"localmonth","LOCALMONTH2":"localmonth","XAHARLOKALI1":"localmonth1","LOCALMONTH1":"localmonth1","ISEMXAHARLOKALI":"localmonthname","LOCALMONTHNAME":"localmonthname","ĠENISEMXAHARLOKALI":"localmonthnamegen","LOCALMONTHNAMEGEN":"localmonthnamegen","ABBREVXAHARLOKALI":"localmonthabbrev","LOCALMONTHABBREV":
"localmonthabbrev","ĠURNATALOKALI":"localday","LOCALDAY":"localday","ĠURNATALOKALI2":"localday2","LOCALDAY2":"localday2","ISEMTAL-ĠURNATALOKALI":"localdayname","LOCALDAYNAME":"localdayname","SENALOKALI":"localyear","LOCALYEAR":"localyear","ĦINLOKALI":"localtime","LOCALTIME":"localtime","SIEGĦALOKALI":"localhour","LOCALHOUR":"localhour","ISEMTAS-SIT":"sitename","SITENAME":"sitename","ĠIMGĦAKURRENTI":"currentweek","CURRENTWEEK":"currentweek","ĠTĠKURRENTI":"currentdow","CURRENTDOW":"currentdow","ĠIMGĦALOKALI":"localweek","LOCALWEEK":"localweek","ĠTĠLOKALI":"localdow","LOCALDOW":"localdow","REVISIONSIZE":"revisionsize","VERŻJONIKURRENTI":"currentversion","CURRENTVERSION":"currentversion","TIMBRUTAL-ĦINKURRENTI":"currenttimestamp","CURRENTTIMESTAMP":"currenttimestamp","TIMBRUTAL-ĦINLOKALI":"localtimestamp","LOCALTIMESTAMP":"localtimestamp","MARKATAD-DIREZZJONI":"directionmark","MARKADIRE":"directionmark","DIRECTIONMARK":"directionmark","DIRMARK":"directionmark",
"LINGWATAL-KONTENUT":"contentlanguage","LINGKONTENUT":"contentlanguage","CONTENTLANGUAGE":"contentlanguage","CONTENTLANG":"contentlanguage","PAGELANGUAGE":"pagelanguage"}],"urlProtocols":"bitcoin\\:|ftp\\:\\/\\/|ftps\\:\\/\\/|geo\\:|git\\:\\/\\/|gopher\\:\\/\\/|http\\:\\/\\/|https\\:\\/\\/|irc\\:\\/\\/|ircs\\:\\/\\/|magnet\\:|mailto\\:|mms\\:\\/\\/|news\\:|nntp\\:\\/\\/|redis\\:\\/\\/|sftp\\:\\/\\/|sip\\:|sips\\:|sms\\:|ssh\\:\\/\\/|svn\\:\\/\\/|tel\\:|telnet\\:\\/\\/|urn\\:|worldwind\\:\\/\\/|xmpp\\:|\\/\\/","linkTrailCharacters":"/^([a-z]+)(.*)$/sD"}}