{"extCodeMirrorConfig":{"pluginModules":[],"tagModes":{"ref":"text/mediawiki","pre":"mw-tag-pre","nowiki":"mw-tag-nowiki"},"tags":{"pre":true,"nowiki":true,"gallery":true,"indicator":true,"timeline":true,"hiero":true,"charinsert":true,"ref":true,"references":true,"inputbox":true,"imagemap":true,"source":true,"syntaxhighlight":true,"poem":true,"categorytree":true,"section":true,"score":true,"templatestyles":true,"templatedata":true,"math":true,"ce":true,"chem":true,"graph":true,"maplink":true,"mapframe":true},"doubleUnderscore":[{"__notoc__":"notoc","__nogallery__":"nogallery","__forcetoc__":"forcetoc","__toc__":"toc","__noeditsection__":"noeditsection","__notitleconvert__":"notitleconvert","__notc__":"notitleconvert","__nocontentconvert__":"nocontentconvert","__nocc__":"nocontentconvert"},{"__NEWSECTIONLINK__":"newsectionlink","__NONEWSECTIONLINK__":"nonewsectionlink","__HIDDENCAT__":
"hiddencat","__EXPECTUNUSEDCATEGORY__":"expectunusedcategory","__INDEX__":"index","__NOINDEX__":"noindex","__STATICREDIRECT__":"staticredirect","__NOGLOBAL__":"noglobal","__DISAMBIG__":"disambiguation"}],"functionSynonyms":[{"rn":"ns","ns":"ns","rne":"nse","nse":"nse","urlencode":"urlencode","lcfirst":"lcfirst","ucfirst":"ucfirst","lc":"lc","uc":"uc","localurl":"localurl","localurle":"localurle","fullurl":"fullurl","fullurle":"fullurle","canonicalurl":"canonicalurl","canonicalurle":"canonicalurle","formatnum":"formatnum","grammar":"grammar","jantina":"gender","gender":"gender","plural":"plural","bidi":"bidi","#language":"language","padleft":"padleft","padright":"padright","anchorencode":"anchorencode","filepath":"filepath","pageid":"pageid","int":"int","#special":"special","#speciale":"speciale","#tag":"tag","#formatdate":"formatdate","#dateformat":"formatdate","noexternallanglinks":"noexternallanglinks","#property":"property","#statements":"statements","#if":"if","#ifeq":"ifeq",
"#switch":"switch","#ifexist":"ifexist","#ifexpr":"ifexpr","#iferror":"iferror","#time":"time","#timel":"timel","#expr":"expr","#rel2abs":"rel2abs","#titleparts":"titleparts","#categorytree":"categorytree","#lst":"lst","#section":"lst","#lstx":"lstx","#section-x":"lstx","#lsth":"lsth","#section-h":"lsth","#target":"target","#babel":"babel","#coordinates":"coordinates","#invoke":"invoke","#related":"related","articlepath":"articlepath","server":"server","servername":"servername","scriptpath":"scriptpath","stylepath":"stylepath","wbreponame":"wbreponame","numberofwikis":"numberofwikis"},{"NUMBEROFPAGES":"numberofpages","NUMBEROFUSERS":"numberofusers","NUMBEROFACTIVEUSERS":"numberofactiveusers","NUMBEROFARTICLES":"numberofarticles","NUMBEROFFILES":"numberoffiles","NUMBEROFADMINS":"numberofadmins","NUMBERINGROUP":"numberingroup","NUMINGROUP":"numberingroup","NUMBEROFEDITS":"numberofedits","DEFAULTSORT":"defaultsort","DEFAULTSORTKEY":"defaultsort","DEFAULTCATEGORYSORT":"defaultsort",
"PAGESINCATEGORY":"pagesincategory","PAGESINCAT":"pagesincategory","PAGESIZE":"pagesize","PROTECTIONLEVEL":"protectionlevel","PROTECTIONEXPIRY":"protectionexpiry","RUANGNAMAE":"namespacee","NAMESPACEE":"namespacee","NOMBORRUANGNAMA":"namespacenumber","NAMESPACENUMBER":"namespacenumber","RUANGBINCANG":"talkspace","TALKSPACE":"talkspace","RUANGBINCANGE":"talkspacee","TALKSPACEE":"talkspacee","SUBJECTSPACE":"subjectspace","ARTICLESPACE":"subjectspace","SUBJECTSPACEE":"subjectspacee","ARTICLESPACEE":"subjectspacee","NAMALAMAN":"pagename","PAGENAME":"pagename","NAMALAMANE":"pagenamee","PAGENAMEE":"pagenamee","NAMALAMANPENUH":"fullpagename","FULLPAGENAME":"fullpagename","NAMALAMANPENUHE":"fullpagenamee","FULLPAGENAMEE":"fullpagenamee","ROOTPAGENAME":"rootpagename","ROOTPAGENAMEE":"rootpagenamee","BASEPAGENAME":"basepagename","BASEPAGENAMEE":"basepagenamee","SUBPAGENAME":"subpagename","SUBPAGENAMEE":"subpagenamee","TALKPAGENAME":"talkpagename","TALKPAGENAMEE":"talkpagenamee","SUBJECTPAGENAME"
:"subjectpagename","ARTICLEPAGENAME":"subjectpagename","SUBJECTPAGENAMEE":"subjectpagenamee","ARTICLEPAGENAMEE":"subjectpagenamee","REVISIONID":"revisionid","REVISIONDAY":"revisionday","REVISIONDAY2":"revisionday2","REVISIONMONTH":"revisionmonth","REVISIONMONTH1":"revisionmonth1","REVISIONYEAR":"revisionyear","REVISIONTIMESTAMP":"revisiontimestamp","REVISIONUSER":"revisionuser","CASCADINGSOURCES":"cascadingsources","RUANGNAMA":"namespace","NAMESPACE":"namespace","DISPLAYTITLE":"displaytitle","!":"!","BULANSEMASA":"currentmonth","BULANSEMASA2":"currentmonth","CURRENTMONTH":"currentmonth","CURRENTMONTH2":"currentmonth","BULANSEMASA1":"currentmonth1","CURRENTMONTH1":"currentmonth1","NAMABULANSEMASA":"currentmonthname","CURRENTMONTHNAME":"currentmonthname","NAMABULANSEMASAGEN":"currentmonthnamegen","CURRENTMONTHNAMEGEN":"currentmonthnamegen","SINGBULANSEMASA":"currentmonthabbrev","CURRENTMONTHABBREV":"currentmonthabbrev","HARISEMASA":"currentday","CURRENTDAY":"currentday","HARISEMASA2":
"currentday2","CURRENTDAY2":"currentday2","NAMAHARISEMASA":"currentdayname","CURRENTDAYNAME":"currentdayname","TAHUNSEMASA":"currentyear","CURRENTYEAR":"currentyear","WAKTUSEMASA":"currenttime","CURRENTTIME":"currenttime","JAMSEMASA":"currenthour","CURRENTHOUR":"currenthour","LOCALMONTH":"localmonth","LOCALMONTH2":"localmonth","LOCALMONTH1":"localmonth1","LOCALMONTHNAME":"localmonthname","LOCALMONTHNAMEGEN":"localmonthnamegen","LOCALMONTHABBREV":"localmonthabbrev","LOCALDAY":"localday","LOCALDAY2":"localday2","LOCALDAYNAME":"localdayname","LOCALYEAR":"localyear","LOCALTIME":"localtime","LOCALHOUR":"localhour","NAMATAPAK":"sitename","SITENAME":"sitename","MINGGUSEMASA":"currentweek","CURRENTWEEK":"currentweek","CURRENTDOW":"currentdow","LOCALWEEK":"localweek","LOCALDOW":"localdow","REVISIONSIZE":"revisionsize","CURRENTVERSION":"currentversion","CURRENTTIMESTAMP":"currenttimestamp","LOCALTIMESTAMP":"localtimestamp","DIRECTIONMARK":"directionmark","DIRMARK":"directionmark",
"CONTENTLANGUAGE":"contentlanguage","CONTENTLANG":"contentlanguage","PAGELANGUAGE":"pagelanguage"}],"urlProtocols":"bitcoin\\:|ftp\\:\\/\\/|ftps\\:\\/\\/|geo\\:|git\\:\\/\\/|gopher\\:\\/\\/|http\\:\\/\\/|https\\:\\/\\/|irc\\:\\/\\/|ircs\\:\\/\\/|magnet\\:|mailto\\:|mms\\:\\/\\/|news\\:|nntp\\:\\/\\/|redis\\:\\/\\/|sftp\\:\\/\\/|sip\\:|sips\\:|sms\\:|ssh\\:\\/\\/|svn\\:\\/\\/|tel\\:|telnet\\:\\/\\/|urn\\:|worldwind\\:\\/\\/|xmpp\\:|\\/\\/","linkTrailCharacters":"/^([a-z]+)(.*)$/sD"}}