{"extCodeMirrorConfig":{"pluginModules":[],"tagModes":{"ref":"text/mediawiki","pre":"mw-tag-pre","nowiki":"mw-tag-nowiki"},"tags":{"pre":true,"nowiki":true,"gallery":true,"indicator":true,"timeline":true,"hiero":true,"charinsert":true,"ref":true,"references":true,"inputbox":true,"imagemap":true,"source":true,"syntaxhighlight":true,"poem":true,"categorytree":true,"section":true,"score":true,"templatestyles":true,"templatedata":true,"math":true,"ce":true,"chem":true,"graph":true,"maplink":true,"mapframe":true},"doubleUnderscore":[{"__notoc__":"notoc","__nogallery__":"nogallery","__forcetoc__":"forcetoc","__toc__":"toc","__noeditsection__":"noeditsection","__notitleconvert__":"notitleconvert","__notc__":"notitleconvert","__nocontentconvert__":"nocontentconvert","__nocc__":"nocontentconvert"},{"__NEWSECTIONLINK__":"newsectionlink","__NONEWSECTIONLINK__":"nonewsectionlink","__HIDDENCAT__":
"hiddencat","__EXPECTUNUSEDCATEGORY__":"expectunusedcategory","__INDEX__":"index","__NOINDEX__":"noindex","__STATICREDIRECT__":"staticredirect","__NOGLOBAL__":"noglobal","__DISAMBIG__":"disambiguation"}],"functionSynonyms":[{"ns":"ns","nse":"nse","urlencode":"urlencode","lcfirst":"lcfirst","ucfirst":"ucfirst","lc":"lc","uc":"uc","localurl":"localurl","localurle":"localurle","fullurl":"fullurl","fullurle":"fullurle","canonicalurl":"canonicalurl","canonicalurle":"canonicalurle","formatnum":"formatnum","grammar":"grammar","gender":"gender","plural":"plural","bidi":"bidi","#language":"language","padleft":"padleft","padright":"padright","anchorencode":"anchorencode","filepath":"filepath","pageid":"pageid","int":"int","#විශේෂ":"special","#special":"special","#speciale":"speciale","#tag":"tag","#formatdate":"formatdate","#dateformat":"formatdate","noexternallanglinks":"noexternallanglinks","#property":"property","#statements":"statements","#if":"if","#ifeq":"ifeq","#switch":"switch"
,"#ifexist":"ifexist","#ifexpr":"ifexpr","#iferror":"iferror","#time":"time","#timel":"timel","#expr":"expr","#rel2abs":"rel2abs","#titleparts":"titleparts","#categorytree":"categorytree","#lst":"lst","#section":"lst","#lstx":"lstx","#section-x":"lstx","#lsth":"lsth","#section-h":"lsth","#target":"target","#බාබෙල්":"babel","#babel":"babel","#coordinates":"coordinates","#invoke":"invoke","#related":"related","articlepath":"articlepath","server":"server","servername":"servername","scriptpath":"scriptpath","stylepath":"stylepath","wbreponame":"wbreponame","numberofwikis":"numberofwikis"},{"පිටුසංඛ්‍යාව":"numberofpages","NUMBEROFPAGES":"numberofpages","පරිශීලකයන්සංඛ්‍යාව":"numberofusers","NUMBEROFUSERS":"numberofusers","NUMBEROFACTIVEUSERS":"numberofactiveusers","ලිපිසංඛ්‍යාව":"numberofarticles","NUMBEROFARTICLES":"numberofarticles","ගොනුසංඛ්‍යාව":"numberoffiles",
"NUMBEROFFILES":"numberoffiles","NUMBEROFADMINS":"numberofadmins","NUMBERINGROUP":"numberingroup","NUMINGROUP":"numberingroup","සංස්කරණසංඛ්‍යාව":"numberofedits","NUMBEROFEDITS":"numberofedits","DEFAULTSORT":"defaultsort","DEFAULTSORTKEY":"defaultsort","DEFAULTCATEGORYSORT":"defaultsort","PAGESINCATEGORY":"pagesincategory","PAGESINCAT":"pagesincategory","PAGESIZE":"pagesize","PROTECTIONLEVEL":"protectionlevel","PROTECTIONEXPIRY":"protectionexpiry","නාමඅවකාශයන්":"namespacee","NAMESPACEE":"namespacee","NAMESPACENUMBER":"namespacenumber","TALKSPACE":"talkspace","TALKSPACEE":"talkspacee","SUBJECTSPACE":"subjectspace","ARTICLESPACE":"subjectspace","SUBJECTSPACEE":"subjectspacee","ARTICLESPACEE":"subjectspacee","පිටුනාමය":"pagename","PAGENAME":"pagename","PAGENAMEE":"pagenamee","FULLPAGENAME":"fullpagename","FULLPAGENAMEE":"fullpagenamee","ROOTPAGENAME":"rootpagename","ROOTPAGENAMEE":"rootpagenamee","BASEPAGENAME":
"basepagename","BASEPAGENAMEE":"basepagenamee","SUBPAGENAME":"subpagename","SUBPAGENAMEE":"subpagenamee","TALKPAGENAME":"talkpagename","TALKPAGENAMEE":"talkpagenamee","SUBJECTPAGENAME":"subjectpagename","ARTICLEPAGENAME":"subjectpagename","SUBJECTPAGENAMEE":"subjectpagenamee","ARTICLEPAGENAMEE":"subjectpagenamee","REVISIONID":"revisionid","REVISIONDAY":"revisionday","REVISIONDAY2":"revisionday2","REVISIONMONTH":"revisionmonth","REVISIONMONTH1":"revisionmonth1","REVISIONYEAR":"revisionyear","REVISIONTIMESTAMP":"revisiontimestamp","REVISIONUSER":"revisionuser","CASCADINGSOURCES":"cascadingsources","නාමඅවකාශය":"namespace","NAMESPACE":"namespace","DISPLAYTITLE":"displaytitle","!":"!","වත්මන්මාසය":"currentmonth","වත්මන්මාසය2":"currentmonth","CURRENTMONTH":"currentmonth","CURRENTMONTH2":"currentmonth","වත්මන්මාසය1":"currentmonth1","CURRENTMONTH1":"currentmonth1","වත්මන්මාසනාමය":
"currentmonthname","CURRENTMONTHNAME":"currentmonthname","වත්මන්මාසනාමයපොදු":"currentmonthnamegen","CURRENTMONTHNAMEGEN":"currentmonthnamegen","වත්මන්මාසයකෙටි":"currentmonthabbrev","CURRENTMONTHABBREV":"currentmonthabbrev","වත්මන්දිනය":"currentday","CURRENTDAY":"currentday","වත්මන්දිනය2":"currentday2","CURRENTDAY2":"currentday2","වත්මන්දිනනාමය":"currentdayname","CURRENTDAYNAME":"currentdayname","වත්මන්වසර":"currentyear","CURRENTYEAR":"currentyear","වත්මන්වේලාව":"currenttime","CURRENTTIME":"currenttime","වත්මන්පැය":"currenthour","CURRENTHOUR":"currenthour","දේශීයමාසය":"localmonth","LOCALMONTH":"localmonth","LOCALMONTH2":"localmonth","LOCALMONTH1":"localmonth1","දේශීයමාසනාමය":"localmonthname","LOCALMONTHNAME":"localmonthname",
"දේශීයමාසනාමයපොදු":"localmonthnamegen","LOCALMONTHNAMEGEN":"localmonthnamegen","දේශීයමාසයකෙටි":"localmonthabbrev","LOCALMONTHABBREV":"localmonthabbrev","දේශීයදිනය":"localday","LOCALDAY":"localday","දේශීයදිනය2":"localday2","LOCALDAY2":"localday2","දේශීයදිනනාමය":"localdayname","LOCALDAYNAME":"localdayname","දේශීයවසර":"localyear","LOCALYEAR":"localyear","දේශීයවේලාව":"localtime","LOCALTIME":"localtime","දේශීයපැය":"localhour","LOCALHOUR":"localhour","SITENAME":"sitename","CURRENTWEEK":"currentweek","CURRENTDOW":"currentdow","LOCALWEEK":"localweek","LOCALDOW":"localdow","REVISIONSIZE":"revisionsize","CURRENTVERSION":"currentversion","CURRENTTIMESTAMP":"currenttimestamp","LOCALTIMESTAMP":"localtimestamp","DIRECTIONMARK":"directionmark","DIRMARK":"directionmark","CONTENTLANGUAGE":"contentlanguage","CONTENTLANG":
"contentlanguage","PAGELANGUAGE":"pagelanguage"}],"urlProtocols":"bitcoin\\:|ftp\\:\\/\\/|ftps\\:\\/\\/|geo\\:|git\\:\\/\\/|gopher\\:\\/\\/|http\\:\\/\\/|https\\:\\/\\/|irc\\:\\/\\/|ircs\\:\\/\\/|magnet\\:|mailto\\:|mms\\:\\/\\/|news\\:|nntp\\:\\/\\/|redis\\:\\/\\/|sftp\\:\\/\\/|sip\\:|sips\\:|sms\\:|ssh\\:\\/\\/|svn\\:\\/\\/|tel\\:|telnet\\:\\/\\/|urn\\:|worldwind\\:\\/\\/|xmpp\\:|\\/\\/","linkTrailCharacters":"/^([a-z]+)(.*)$/sD"}}