{"extCodeMirrorConfig":{"pluginModules":[],"tagModes":{"ref":"text/mediawiki","pre":"mw-tag-pre","nowiki":"mw-tag-nowiki"},"tags":{"pre":true,"nowiki":true,"gallery":true,"indicator":true,"timeline":true,"hiero":true,"charinsert":true,"ref":true,"references":true,"inputbox":true,"imagemap":true,"source":true,"syntaxhighlight":true,"poem":true,"categorytree":true,"section":true,"score":true,"templatestyles":true,"templatedata":true,"math":true,"ce":true,"chem":true,"graph":true,"maplink":true,"mapframe":true},"doubleUnderscore":[{"__бязь_зьместу__":"notoc","__notoc__":"notoc","__без_галерэі__":"nogallery","__nogallery__":"nogallery","__зьмест_прымусам__":"forcetoc","__forcetoc__":"forcetoc","__зьмест__":"toc","__toc__":"toc","__без_рэдагаваньня_сэкцыі__":"noeditsection","__noeditsection__":"noeditsection",
"__не_канвэртаваць_назву__":"notitleconvert","__notitleconvert__":"notitleconvert","__notc__":"notitleconvert","__не_канвэртаваць_тэкст__":"nocontentconvert","__nocontentconvert__":"nocontentconvert","__nocc__":"nocontentconvert"},{"__СПАСЫЛКА_НА_НОВУЮ_СЭКЦЫЮ__":"newsectionlink","__NEWSECTIONLINK__":"newsectionlink","__NONEWSECTIONLINK__":"nonewsectionlink","__СХАВАЦЬ_КАТЭГОРЫЮ__":"hiddencat","__HIDDENCAT__":"hiddencat","__EXPECTUNUSEDCATEGORY__":"expectunusedcategory","__INDEX__":"index","__NOINDEX__":"noindex","__СТАТЫЧНАЕ_ПЕРАНАКІРАВАНЬНЕ__":"staticredirect","__STATICREDIRECT__":"staticredirect","__NOGLOBAL__":"noglobal","__DISAMBIG__":"disambiguation"}],"functionSynonyms":[{"пн":"ns","ns":"ns","nse":"nse","urlencode":"urlencode","першая_літара_малая":"lcfirst","lcfirst":"lcfirst","першая_літара_вялікая":"ucfirst","ucfirst":"ucfirst",
"малымі_літарамі":"lc","lc":"lc","вялікімі_літарамі":"uc","uc":"uc","лякальны_адрас":"localurl","localurl":"localurl","лякальны_адрас_2":"localurle","localurle":"localurle","поўны_адрас":"fullurl","fullurl":"fullurl","поўны_адрас_2":"fullurle","fullurle":"fullurle","canonicalurl":"canonicalurl","canonicalurle":"canonicalurle","фарматаваць_лік":"formatnum","formatnum":"formatnum","граматыка":"grammar","grammar":"grammar","пол":"gender","gender":"gender","множны_лік":"plural","plural":"plural","bidi":"bidi","#мова":"language","#language":"language","padleft":"padleft","padright":"padright","anchorencode":"anchorencode","шлях_да_файла":"filepath","filepath":"filepath","pageid":"pageid","int":"int","#special":"special","#speciale":"speciale","#тэг":"tag","#tag":"tag","#formatdate":"formatdate","#dateformat":"formatdate","noexternallanglinks":"noexternallanglinks"
,"#property":"property","#statements":"statements","#if":"if","#ifeq":"ifeq","#switch":"switch","#ifexist":"ifexist","#ifexpr":"ifexpr","#iferror":"iferror","#time":"time","#timel":"timel","#expr":"expr","#rel2abs":"rel2abs","#titleparts":"titleparts","#categorytree":"categorytree","#lst":"lst","#section":"lst","#lstx":"lstx","#section-x":"lstx","#lsth":"lsth","#section-h":"lsth","#target":"target","#babel":"babel","#coordinates":"coordinates","#invoke":"invoke","#related":"related","articlepath":"articlepath","сэрвэр":"server","server":"server","назва_сэрвэра":"servername","servername":"servername","шлях_да_скрыпта":"scriptpath","scriptpath":"scriptpath","stylepath":"stylepath","wbreponame":"wbreponame","numberofwikis":"numberofwikis"},{"КОЛЬКАСЬЦЬ_СТАРОНАК":"numberofpages","NUMBEROFPAGES":"numberofpages","КОЛЬКАСЬЦЬ_УДЗЕЛЬНІКАЎ":"numberofusers","NUMBEROFUSERS":"numberofusers",
"КОЛЬКАСЬЦЬ_АКТЫЎНЫХ_УДЗЕЛЬНІКАЎ":"numberofactiveusers","NUMBEROFACTIVEUSERS":"numberofactiveusers","КОЛЬКАСЬЦЬ_АРТЫКУЛАЎ":"numberofarticles","NUMBEROFARTICLES":"numberofarticles","КОЛЬКАСЬЦЬ_ФАЙЛАЎ":"numberoffiles","NUMBEROFFILES":"numberoffiles","КОЛЬКАСЬЦЬ_АДМІНІСТРАТАРАЎ":"numberofadmins","NUMBEROFADMINS":"numberofadmins","NUMBERINGROUP":"numberingroup","NUMINGROUP":"numberingroup","КОЛЬКАСЬЦЬ_РЭДАГАВАНЬНЯЎ":"numberofedits","NUMBEROFEDITS":"numberofedits","САРТЫРОЎКА_ПА_ЗМОЎЧВАНЬНІ":"defaultsort","КЛЮЧ_САРТЫРОЎКІ_ПА_ЗМОЎЧВАНЬНІ":"defaultsort","САРТЫРОЎКА_Ў_КАТЭГОРЫІ_ПА_ЗМОЎЧВАНЬНІ":"defaultsort","DEFAULTSORT":"defaultsort","DEFAULTSORTKEY":"defaultsort","DEFAULTCATEGORYSORT":"defaultsort","КОЛЬКАСЬЦЬ_СТАРОНАК_У_КАТЭГОРЫІ":"pagesincategory","PAGESINCATEGORY":
"pagesincategory","PAGESINCAT":"pagesincategory","ПАМЕР_СТАРОНКІ":"pagesize","PAGESIZE":"pagesize","PROTECTIONLEVEL":"protectionlevel","PROTECTIONEXPIRY":"protectionexpiry","ПРАСТОРА_НАЗВАЎ_2":"namespacee","NAMESPACEE":"namespacee","NAMESPACENUMBER":"namespacenumber","ПРАСТОРА_НАЗВАЎ_АБМЕРКАВАНЬНЯ":"talkspace","TALKSPACE":"talkspace","ПРАСТОРА_НАЗВАЎ_АБМЕРКАВАНЬНЯ_2":"talkspacee","TALKSPACEE":"talkspacee","ПРАСТОРА_НАЗВАЎ_ПРАДМЕТУ":"subjectspace","ПРАСТОРА_НАЗВАЎ_АРТЫКУЛА":"subjectspace","SUBJECTSPACE":"subjectspace","ARTICLESPACE":"subjectspace","ПРАСТОРА_НАЗВАЎ_ПРАДМЕТУ_2":"subjectspacee","ПРАСТОРА_НАЗВАЎ_АРТЫКУЛА_2":"subjectspacee","SUBJECTSPACEE":"subjectspacee","ARTICLESPACEE":"subjectspacee","НАЗВА_СТАРОНКІ":"pagename","PAGENAME":"pagename","НАЗВА_СТАРОНКІ_2":"pagenamee","PAGENAMEE":
"pagenamee","ПОЎНАЯ_НАЗВА_СТАРОНКІ":"fullpagename","FULLPAGENAME":"fullpagename","ПОЎНАЯ_НАЗВА_СТАРОНКІ_2":"fullpagenamee","FULLPAGENAMEE":"fullpagenamee","ROOTPAGENAME":"rootpagename","ROOTPAGENAMEE":"rootpagenamee","НАЗВА_БАЗАВАЙ_СТАРОНКІ":"basepagename","BASEPAGENAME":"basepagename","НАЗВА_БАЗАВАЙ_СТАРОНКІ_2":"basepagenamee","BASEPAGENAMEE":"basepagenamee","НАЗВА_ПАДСТАРОНКІ":"subpagename","SUBPAGENAME":"subpagename","НАЗВА_ПАДСТАРОНКІ_2":"subpagenamee","SUBPAGENAMEE":"subpagenamee","НАЗВА_СТАРОНКІ_АБМЕРКАВАНЬНЯ":"talkpagename","TALKPAGENAME":"talkpagename","НАЗВА_СТАРОНКІ_АБМЕРКАВАНЬНЯ_2":"talkpagenamee","TALKPAGENAMEE":"talkpagenamee","НАЗВА_СТАРОНКІ_ПРАДМЕТУ":"subjectpagename","НАЗВА_СТАРОНКІ_АРТЫКУЛА":"subjectpagename","SUBJECTPAGENAME":"subjectpagename","ARTICLEPAGENAME":
"subjectpagename","НАЗВА_СТАРОНКІ_ПРАДМЕТУ_2":"subjectpagenamee","НАЗВА_СТАРОНКІ_АРТЫКУЛА_2":"subjectpagenamee","SUBJECTPAGENAMEE":"subjectpagenamee","ARTICLEPAGENAMEE":"subjectpagenamee","ID_ВЭРСІІ":"revisionid","REVISIONID":"revisionid","ДЗЕНЬ_ВЭРСІІ":"revisionday","REVISIONDAY":"revisionday","ДЗЕНЬ_ВЭРСІІ_2":"revisionday2","REVISIONDAY2":"revisionday2","МЕСЯЦ_ВЭРСІІ":"revisionmonth","REVISIONMONTH":"revisionmonth","REVISIONMONTH1":"revisionmonth1","ГОД_ВЭРСІІ":"revisionyear","REVISIONYEAR":"revisionyear","МОМАНТ_ЧАСУ_ВЭРСІІ":"revisiontimestamp","REVISIONTIMESTAMP":"revisiontimestamp","REVISIONUSER":"revisionuser","CASCADINGSOURCES":"cascadingsources","ПРАСТОРА_НАЗВАЎ":"namespace","NAMESPACE":"namespace","ПАКАЗВАЦЬ_НАЗВУ":"displaytitle","DISPLAYTITLE":"displaytitle","!":"!","БЯГУЧЫ_МЕСЯЦ":"currentmonth","CURRENTMONTH":"currentmonth",
"CURRENTMONTH2":"currentmonth","CURRENTMONTH1":"currentmonth1","НАЗВА_БЯГУЧАГА_МЕСЯЦА":"currentmonthname","CURRENTMONTHNAME":"currentmonthname","НАЗВА_БЯГУЧАГА_МЕСЯЦА_Ў_РОДНЫМ_СКЛОНЕ":"currentmonthnamegen","CURRENTMONTHNAMEGEN":"currentmonthnamegen","СКАРОЧАНАЯ_НАЗВА_БЯГУЧАГА_МЕСЯЦА":"currentmonthabbrev","CURRENTMONTHABBREV":"currentmonthabbrev","БЯГУЧЫ_ДЗЕНЬ":"currentday","CURRENTDAY":"currentday","БЯГУЧЫ_ДЗЕНЬ_2":"currentday2","CURRENTDAY2":"currentday2","НАЗВА_БЯГУЧАГА_ДНЯ":"currentdayname","CURRENTDAYNAME":"currentdayname","БЯГУЧЫ_ГОД":"currentyear","CURRENTYEAR":"currentyear","БЯГУЧЫ_ЧАС":"currenttime","CURRENTTIME":"currenttime","БЯГУЧАЯ_ГАДЗІНА":"currenthour","CURRENTHOUR":"currenthour","ЛЯКАЛЬНЫ_МЕСЯЦ":"localmonth","LOCALMONTH":"localmonth","LOCALMONTH2":"localmonth","LOCALMONTH1":"localmonth1",
"НАЗВА_ЛЯКАЛЬНАГА_МЕСЯЦА":"localmonthname","LOCALMONTHNAME":"localmonthname","НАЗВА_ЛЯКАЛЬНАГА_МЕСЯЦА_Ў_РОДНЫМ_СКЛОНЕ":"localmonthnamegen","LOCALMONTHNAMEGEN":"localmonthnamegen","СКАРОЧАНАЯ_НАЗВА_ЛЯКАЛЬНАГА_МЕСЯЦА":"localmonthabbrev","LOCALMONTHABBREV":"localmonthabbrev","ЛЯКАЛЬНЫ_ДЗЕНЬ":"localday","LOCALDAY":"localday","ЛЯКАЛЬНЫ_ДЗЕНЬ_2":"localday2","LOCALDAY2":"localday2","НАЗВА_ЛЯКАЛЬНАГА_ДНЯ":"localdayname","LOCALDAYNAME":"localdayname","ЛЯКАЛЬНЫ_ГОД":"localyear","LOCALYEAR":"localyear","ЛЯКАЛЬНЫ_ЧАС":"localtime","LOCALTIME":"localtime","ЛЯКАЛЬНАЯ_ГАДЗІНА":"localhour","LOCALHOUR":"localhour","НАЗВА_САЙТУ":"sitename","SITENAME":"sitename","БЯГУЧЫ_ТЫДЗЕНЬ":"currentweek","CURRENTWEEK":"currentweek","БЯГУЧЫ_ДЗЕНЬ_ТЫДНЯ":"currentdow","CURRENTDOW":"currentdow",
"ЛЯКАЛЬНЫ_ТЫДЗЕНЬ":"localweek","LOCALWEEK":"localweek","ЛЯКАЛЬНЫ_ДЗЕНЬ_ТЫДНЯ":"localdow","LOCALDOW":"localdow","REVISIONSIZE":"revisionsize","БЯГУЧАЯ_ВЭРСІЯ":"currentversion","CURRENTVERSION":"currentversion","МОМАНТ_ЧАСУ":"currenttimestamp","CURRENTTIMESTAMP":"currenttimestamp","ЛЯКАЛЬНЫ_МОМАНТ_ЧАСУ":"localtimestamp","LOCALTIMESTAMP":"localtimestamp","СЫМБАЛЬ_НАПРАМКУ_ПІСЬМА":"directionmark","DIRECTIONMARK":"directionmark","DIRMARK":"directionmark","МОВА_ЗЬМЕСТУ":"contentlanguage","CONTENTLANGUAGE":"contentlanguage","CONTENTLANG":"contentlanguage","PAGELANGUAGE":"pagelanguage"}],"urlProtocols":
"bitcoin\\:|ftp\\:\\/\\/|ftps\\:\\/\\/|geo\\:|git\\:\\/\\/|gopher\\:\\/\\/|http\\:\\/\\/|https\\:\\/\\/|irc\\:\\/\\/|ircs\\:\\/\\/|magnet\\:|mailto\\:|mms\\:\\/\\/|news\\:|nntp\\:\\/\\/|redis\\:\\/\\/|sftp\\:\\/\\/|sip\\:|sips\\:|sms\\:|ssh\\:\\/\\/|svn\\:\\/\\/|tel\\:|telnet\\:\\/\\/|urn\\:|worldwind\\:\\/\\/|xmpp\\:|\\/\\/","linkTrailCharacters":"/^([абвгґджзеёжзійклмнопрстуўфхцчшыьэюяćčłńśšŭźža-z]+)(.*)$/sDu"}}