{"extCodeMirrorConfig":{"pluginModules":[],"tagModes":{"ref":"text/mediawiki","pre":"mw-tag-pre","nowiki":"mw-tag-nowiki"},"tags":{"pre":true,"nowiki":true,"gallery":true,"indicator":true,"timeline":true,"hiero":true,"charinsert":true,"ref":true,"references":true,"inputbox":true,"imagemap":true,"source":true,"syntaxhighlight":true,"poem":true,"categorytree":true,"section":true,"score":true,"templatestyles":true,"templatedata":true,"math":true,"ce":true,"chem":true,"graph":true,"maplink":true,"mapframe":true},"doubleUnderscore":[{"__notoc__":"notoc","__nogallery__":"nogallery","__forcetoc__":"forcetoc","__toc__":"toc","__noeditsection__":"noeditsection","__notitleconvert__":"notitleconvert","__notc__":"notitleconvert","__nocontentconvert__":"nocontentconvert","__nocc__":"nocontentconvert"},{"__NEWSECTIONLINK__":"newsectionlink","__NONEWSECTIONLINK__":"nonewsectionlink","__NAKATAGONGKAT__":
"hiddencat","__HIDDENCAT__":"hiddencat","__EXPECTUNUSEDCATEGORY__":"expectunusedcategory","__INDEX__":"index","__NOINDEX__":"noindex","__STATICREDIRECT__":"staticredirect","__NOGLOBAL__":"noglobal","__DISAMBIG__":"disambiguation"}],"functionSynonyms":[{"ns":"ns","nse":"nse","urlencode":"urlencode","lcfirst":"lcfirst","ucfirst":"ucfirst","lc":"lc","uc":"uc","lokalurl":"localurl","localurl":"localurl","lokalurle":"localurle","localurle":"localurle","todongurl":"fullurl","fullurl":"fullurl","todongurle":"fullurle","fullurle":"fullurle","canonicalurl":"canonicalurl","canonicalurle":"canonicalurle","formatnum":"formatnum","grammar":"grammar","gender":"gender","dakol":"plural","plural":"plural","bidi":"bidi","#tataramon":"language","#language":"language","padwala":"padleft","padleft":"padleft","padtoo":"padright","padright":"padright","anchorencode":"anchorencode","filedalan":"filepath","filepath":"filepath","pageid":"pageid","int":"int","#special":"special","#speciale":"speciale","#tag":
"tag","#formatdate":"formatdate","#dateformat":"formatdate","noexternallanglinks":"noexternallanglinks","#property":"property","#statements":"statements","#if":"if","#ifeq":"ifeq","#switch":"switch","#ifexist":"ifexist","#ifexpr":"ifexpr","#iferror":"iferror","#time":"time","#timel":"timel","#expr":"expr","#rel2abs":"rel2abs","#titleparts":"titleparts","#categorytree":"categorytree","#lst":"lst","#section":"lst","#lstx":"lstx","#section-x":"lstx","#lsth":"lsth","#section-h":"lsth","#target":"target","#babel":"babel","#coordinates":"coordinates","#invoke":"invoke","#related":"related","articlepath":"articlepath","server":"server","servername":"servername","scriptpath":"scriptpath","stylepath":"stylepath","wbreponame":"wbreponame","numberofwikis":"numberofwikis"},{"NUMEROKANPAHINA":"numberofpages","NUMBEROFPAGES":"numberofpages","NUMEROKANPARAGAMIT":"numberofusers","NUMBEROFUSERS":"numberofusers","NUMBEROFACTIVEUSERS":"numberofactiveusers","NUMEROKANARTIKULO":"numberofarticles",
"NUMBEROFARTICLES":"numberofarticles","NUMEROKANDOKUMENTO":"numberoffiles","NUMBEROFFILES":"numberoffiles","NUMEROKANTAGAMATO":"numberofadmins","NUMBEROFADMINS":"numberofadmins","NUMBERINGROUP":"numberingroup","NUMINGROUP":"numberingroup","NUMEROKANLIGWAT":"numberofedits","NUMBEROFEDITS":"numberofedits","DEFAULTSORT":"defaultsort","DEFAULTSORTKEY":"defaultsort","DEFAULTCATEGORYSORT":"defaultsort","PAHINASAKATEGORYA":"pagesincategory","PAHINASAKAT":"pagesincategory","PAGESINCATEGORY":"pagesincategory","PAGESINCAT":"pagesincategory","PAHINASOKOL":"pagesize","PAGESIZE":"pagesize","PROTECTIONLEVEL":"protectionlevel","PROTECTIONEXPIRY":"protectionexpiry","KAGNGARANESPASYO":"namespacee","NAMESPACEE":"namespacee","NAMESPACENUMBER":"namespacenumber","OLAYESPASYO":"talkspace","TALKSPACE":"talkspace","KAGOLAYESPASYO":"talkspacee","TALKSPACEE":"talkspacee","SUBJECTSPACE":"subjectspace","ARTICLESPACE":"subjectspace","SUBJECTSPACEE":"subjectspacee","ARTICLESPACEE":"subjectspacee","NGARANKANPAHINA":
"pagename","PAGENAME":"pagename","KAGNGARANKANPAHINA":"pagenamee","PAGENAMEE":"pagenamee","TODONGNGARANKANPAHINA":"fullpagename","FULLPAGENAME":"fullpagename","KAGNGARANKANTODONGNGARANKANPAHINA":"fullpagenamee","FULLPAGENAMEE":"fullpagenamee","ROOTPAGENAME":"rootpagename","ROOTPAGENAMEE":"rootpagenamee","BASEPAGENAME":"basepagename","BASEPAGENAMEE":"basepagenamee","SUBPAGENAME":"subpagename","SUBPAGENAMEE":"subpagenamee","NGARANKANPAHINANINOLAY":"talkpagename","TALKPAGENAME":"talkpagename","KAGNGARANKANPAHINANINOLAY":"talkpagenamee","TALKPAGENAMEE":"talkpagenamee","SUBJECTPAGENAME":"subjectpagename","ARTICLEPAGENAME":"subjectpagename","SUBJECTPAGENAMEE":"subjectpagenamee","ARTICLEPAGENAMEE":"subjectpagenamee","REVISIONID":"revisionid","REVISIONDAY":"revisionday","REVISIONDAY2":"revisionday2","REVISIONMONTH":"revisionmonth","REVISIONMONTH1":"revisionmonth1","REVISIONYEAR":"revisionyear","REVISIONTIMESTAMP":"revisiontimestamp","REVISIONUSER":"revisionuser","CASCADINGSOURCES":
"cascadingsources","NGARANESPASYO":"namespace","NAMESPACE":"namespace","DISPLAYTITLE":"displaytitle","!":"!","BULANNGONYAN":"currentmonth","CURRENTMONTH":"currentmonth","CURRENTMONTH2":"currentmonth","CURRENTMONTH1":"currentmonth1","NGARANBULANNGONYAN":"currentmonthname","CURRENTMONTHNAME":"currentmonthname","CURRENTMONTHNAMEGEN":"currentmonthnamegen","CURRENTMONTHABBREV":"currentmonthabbrev","ALDAWNGONYAN":"currentday","CURRENTDAY":"currentday","CURRENTDAY2":"currentday2","CURRENTDAYNAME":"currentdayname","TAONNGONYAN":"currentyear","CURRENTYEAR":"currentyear","PANAHONNGONYAN":"currenttime","CURRENTTIME":"currenttime","ORASNGONYAN":"currenthour","CURRENTHOUR":"currenthour","LOKALBULAN":"localmonth","LOCALMONTH":"localmonth","LOCALMONTH2":"localmonth","LOCALMONTH1":"localmonth1","NGARANLOKALBULAN":"localmonthname","LOCALMONTHNAME":"localmonthname","LOCALMONTHNAMEGEN":"localmonthnamegen","LOCALMONTHABBREV":"localmonthabbrev","LOKALALDAW":"localday","LOCALDAY":"localday","LOKALALDAW2":
"localday2","LOCALDAY2":"localday2","NGARANLOKALALDAW":"localdayname","LOCALDAYNAME":"localdayname","LOKALTAON":"localyear","LOCALYEAR":"localyear","LOKALPANAHON":"localtime","LOCALTIME":"localtime","LOKALORAS":"localhour","LOCALHOUR":"localhour","SITENAME":"sitename","SEMANANGONYAN":"currentweek","CURRENTWEEK":"currentweek","CURRENTDOW":"currentdow","LOKALSEMANA":"localweek","LOCALWEEK":"localweek","LOCALDOW":"localdow","REVISIONSIZE":"revisionsize","CURRENTVERSION":"currentversion","CURRENTTIMESTAMP":"currenttimestamp","LOCALTIMESTAMP":"localtimestamp","DIRECTIONMARK":"directionmark","DIRMARK":"directionmark","TATARAMONKANLAOG":"contentlanguage","TATARAMONLAOG":"contentlanguage","CONTENTLANGUAGE":"contentlanguage","CONTENTLANG":"contentlanguage","PAGELANGUAGE":"pagelanguage"}],"urlProtocols":
"bitcoin\\:|ftp\\:\\/\\/|ftps\\:\\/\\/|geo\\:|git\\:\\/\\/|gopher\\:\\/\\/|http\\:\\/\\/|https\\:\\/\\/|irc\\:\\/\\/|ircs\\:\\/\\/|magnet\\:|mailto\\:|mms\\:\\/\\/|news\\:|nntp\\:\\/\\/|redis\\:\\/\\/|sftp\\:\\/\\/|sip\\:|sips\\:|sms\\:|ssh\\:\\/\\/|svn\\:\\/\\/|tel\\:|telnet\\:\\/\\/|urn\\:|worldwind\\:\\/\\/|xmpp\\:|\\/\\/","linkTrailCharacters":"/^([a-z]+)(.*)$/sD"}}