{"extCodeMirrorConfig":{"pluginModules":[],"tagModes":{"ref":"text/mediawiki","pre":"mw-tag-pre","nowiki":"mw-tag-nowiki"},"tags":{"pre":true,"nowiki":true,"gallery":true,"indicator":true,"timeline":true,"hiero":true,"charinsert":true,"ref":true,"references":true,"inputbox":true,"imagemap":true,"source":true,"syntaxhighlight":true,"poem":true,"categorytree":true,"section":true,"score":true,"templatestyles":true,"templatedata":true,"math":true,"ce":true,"chem":true,"graph":true,"maplink":true,"mapframe":true},"doubleUnderscore":[{"__notoc__":"notoc","__nogallery__":"nogallery","__forcetoc__":"forcetoc","__toc__":"toc","_ବଦଳା_ନହେବାଶ୍ରେଣୀ_":"noeditsection","__noeditsection__":"noeditsection","__notitleconvert__":"notitleconvert","__notc__":"notitleconvert","__nocontentconvert__":"nocontentconvert","__nocc__":"nocontentconvert"},{
"_ନୂଆବିଭାଗଲିଙ୍କ_":"newsectionlink","__NEWSECTIONLINK__":"newsectionlink","_ନୂଆ_ବିଭାଗ_ନକରିବା_ଲିଙ୍କ_":"nonewsectionlink","__NONEWSECTIONLINK__":"nonewsectionlink","_ଲୁଚିଥିବାବିଭାଗ_":"hiddencat","__HIDDENCAT__":"hiddencat","__EXPECTUNUSEDCATEGORY__":"expectunusedcategory","__INDEX__":"index","__NOINDEX__":"noindex","__STATICREDIRECT__":"staticredirect","__NOGLOBAL__":"noglobal","__DISAMBIG__":"disambiguation"}],"functionSynonyms":[{"ns":"ns","nse":"nse","urlencode":"urlencode","lcfirst":"lcfirst","ucfirst":"ucfirst","lc":"lc","uc":"uc","localurl":"localurl","localurle":"localurle","fullurl":"fullurl","fullurle":"fullurle","canonicalurl":"canonicalurl","canonicalurle":"canonicalurle","formatnum":"formatnum","ବ୍ୟାକରଣ":"grammar","grammar":"grammar","ଲିଙ୍ଗ":"gender","gender":"gender","ବହୁବଚନ":"plural","plural":"plural","bidi":"bidi","#language":"language",
"ବାଆଁପ୍ୟାଡ଼":"padleft","padleft":"padleft","ଡାହାଣପ୍ୟାଡ଼":"padright","padright":"padright","anchorencode":"anchorencode","ଫାଇଲରାହା":"filepath","filepath":"filepath","pageid":"pageid","int":"int","#ବିଶେଷ":"special","#special":"special","#speciale":"speciale","#ଟାଗ":"tag","#tag":"tag","#ତାରିଖରପ୍ରକାର":"formatdate","#formatdate":"formatdate","#dateformat":"formatdate","noexternallanglinks":"noexternallanglinks","#property":"property","#statements":"statements","#if":"if","#ifeq":"ifeq","#switch":"switch","#ifexist":"ifexist","#ifexpr":"ifexpr","#iferror":"iferror","#ସମୟ":"time","#time":"time","#timel":"timel","#expr":"expr","#rel2abs":"rel2abs","#titleparts":"titleparts","#categorytree":"categorytree","#lst":"lst","#section":"lst","#lstx":"lstx","#section-x":"lstx","#lsth":"lsth","#section-h":"lsth","#target":"target","#babel":"babel","#coordinates":"coordinates","#invoke":"invoke",
"#related":"related","ଲେଖାର_ପଥ":"articlepath","articlepath":"articlepath","ସର୍ଭର":"server","server":"server","servername":"servername","scriptpath":"scriptpath","stylepath":"stylepath","wbreponame":"wbreponame","numberofwikis":"numberofwikis"},{"ପୃଷ୍ଠା_ସଂଖ୍ୟା":"numberofpages","NUMBEROFPAGES":"numberofpages","ବ୍ୟବାହାରକାରୀ_ସଂଖ୍ୟା":"numberofusers","NUMBEROFUSERS":"numberofusers","ସଚଳ_ବ୍ୟବାହାରକାରୀଙ୍କ_ସଂଖ୍ୟା":"numberofactiveusers","NUMBEROFACTIVEUSERS":"numberofactiveusers","ଲେଖା_ସଂଖ୍ୟା":"numberofarticles","NUMBEROFARTICLES":"numberofarticles","ଫାଇଲ_ସଂଖ୍ୟା":"numberoffiles","NUMBEROFFILES":"numberoffiles","ପରିଛାମାନଙ୍କତାଲିକା":"numberofadmins","NUMBEROFADMINS":"numberofadmins","NUMBERINGROUP":"numberingroup","NUMINGROUP":"numberingroup","ବଦଳ_ସଂଖ୍ୟା":"numberofedits",
"NUMBEROFEDITS":"numberofedits","DEFAULTSORT":"defaultsort","DEFAULTSORTKEY":"defaultsort","DEFAULTCATEGORYSORT":"defaultsort","PAGESINCATEGORY":"pagesincategory","PAGESINCAT":"pagesincategory","ଫରଦଆକାର":"pagesize","PAGESIZE":"pagesize","ପ୍ରତିରକ୍ଷାସ୍ତର":"protectionlevel","PROTECTIONLEVEL":"protectionlevel","PROTECTIONEXPIRY":"protectionexpiry","ନେମସ୍ପେସକାରୀ":"namespacee","NAMESPACEE":"namespacee","NAMESPACENUMBER":"namespacenumber","ଟକସ୍ପେସ":"talkspace","TALKSPACE":"talkspace","ଟକସ୍ପେସକାରୀ":"talkspacee","TALKSPACEE":"talkspacee","ବିଷୟସ୍ପେସ":"subjectspace","ଲେଖାସ୍ପେସ":"subjectspace","SUBJECTSPACE":"subjectspace","ARTICLESPACE":"subjectspace","SUBJECTSPACEE":"subjectspacee","ARTICLESPACEE":"subjectspacee","ପୃଷ୍ଠା_ନାଆଁ":"pagename","PAGENAME":"pagename","ପୃଷ୍ଠା_ନାମକାରଣକାରୀ":"pagenamee","PAGENAMEE":
"pagenamee","FULLPAGENAME":"fullpagename","FULLPAGENAMEE":"fullpagenamee","ROOTPAGENAME":"rootpagename","ROOTPAGENAMEE":"rootpagenamee","BASEPAGENAME":"basepagename","BASEPAGENAMEE":"basepagenamee","SUBPAGENAME":"subpagename","SUBPAGENAMEE":"subpagenamee","TALKPAGENAME":"talkpagename","TALKPAGENAMEE":"talkpagenamee","SUBJECTPAGENAME":"subjectpagename","ARTICLEPAGENAME":"subjectpagename","SUBJECTPAGENAMEE":"subjectpagenamee","ARTICLEPAGENAMEE":"subjectpagenamee","REVISIONID":"revisionid","REVISIONDAY":"revisionday","REVISIONDAY2":"revisionday2","REVISIONMONTH":"revisionmonth","REVISIONMONTH1":"revisionmonth1","REVISIONYEAR":"revisionyear","REVISIONTIMESTAMP":"revisiontimestamp","REVISIONUSER":"revisionuser","CASCADINGSOURCES":"cascadingsources","ନେମସ୍ପେସ":"namespace","NAMESPACE":"namespace","ଦେଖଣାନାଆଁ":"displaytitle","DISPLAYTITLE":"displaytitle","!":"!","ଏବେକାର_ମାସ":"currentmonth","ଏବେର_ମାସ୨":"currentmonth",
"CURRENTMONTH":"currentmonth","CURRENTMONTH2":"currentmonth","ଏବେର_ମାସ":"currentmonth1","CURRENTMONTH1":"currentmonth1","ଏବେକାର_ମାସ_ନାଆଁ":"currentmonthname","CURRENTMONTHNAME":"currentmonthname","ଏବେକାର_ମାସ_ନାଆଁ_ସାଧାରଣ":"currentmonthnamegen","CURRENTMONTHNAMEGEN":"currentmonthnamegen","ଏବେକାର_ମାସ_ନାଆଁ_ସଂକ୍ଷିପ୍ତ":"currentmonthabbrev","CURRENTMONTHABBREV":"currentmonthabbrev","ଏବେକାର_ଦିନ":"currentday","CURRENTDAY":"currentday","ଏବେକାର_ଦିନ୨":"currentday2","CURRENTDAY2":"currentday2","ଏବେକାର_ଦିନ_ନାଆଁ":"currentdayname","CURRENTDAYNAME":"currentdayname","ଏବେକାର_ବର୍ଷ":"currentyear","CURRENTYEAR":"currentyear","ଏବେକାର_ସମୟ":"currenttime","CURRENTTIME":"currenttime","ଏବେକାର_ଘଣ୍ଟା":"currenthour","CURRENTHOUR":"currenthour","ଏବେର_ମାସ୧":
"localmonth","ସ୍ଥାନୀୟ_ମାସ୨":"localmonth","LOCALMONTH":"localmonth","LOCALMONTH2":"localmonth","ଏବେକାର_ମାସ୧":"localmonth1","LOCALMONTH1":"localmonth1","ମାସ୧ର_ନାଆଁ":"localmonthname","LOCALMONTHNAME":"localmonthname","ସ୍ଥାନୀୟ_ମାସ୧_ନାଆଁ_ସାଧାରଣ":"localmonthnamegen","LOCALMONTHNAMEGEN":"localmonthnamegen","ସ୍ଥାନୀୟ_ମାସର୧_ନାଆଁ_ସଂକ୍ଷିପ୍ତ":"localmonthabbrev","LOCALMONTHABBREV":"localmonthabbrev","Local_ଦିନ":"localday","LOCALDAY":"localday","ସ୍ଥାନୀୟ_ଦିନ୨":"localday2","LOCALDAY2":"localday2","ଦିନ":"localdayname","LOCALDAYNAME":"localdayname","ସ୍ଥାନୀୟ_ବର୍ଷ":"localyear","LOCALYEAR":"localyear","ସ୍ଥାନୀୟ_ସମୟ":"localtime","LOCALTIME":"localtime","ସ୍ଥାନୀୟ_ଘଣ୍ଟା":"localhour","LOCALHOUR":"localhour","SITENAME":"sitename","CURRENTWEEK":"currentweek",
"CURRENTDOW":"currentdow","LOCALWEEK":"localweek","LOCALDOW":"localdow","REVISIONSIZE":"revisionsize","ନଗଦ_ରିଭିଜନ":"currentversion","CURRENTVERSION":"currentversion","CURRENTTIMESTAMP":"currenttimestamp","LOCALTIMESTAMP":"localtimestamp","DIRECTIONMARK":"directionmark","DIRMARK":"directionmark","CONTENTLANGUAGE":"contentlanguage","CONTENTLANG":"contentlanguage","PAGELANGUAGE":"pagelanguage"}],"urlProtocols":"bitcoin\\:|ftp\\:\\/\\/|ftps\\:\\/\\/|geo\\:|git\\:\\/\\/|gopher\\:\\/\\/|http\\:\\/\\/|https\\:\\/\\/|irc\\:\\/\\/|ircs\\:\\/\\/|magnet\\:|mailto\\:|mms\\:\\/\\/|news\\:|nntp\\:\\/\\/|redis\\:\\/\\/|sftp\\:\\/\\/|sip\\:|sips\\:|sms\\:|ssh\\:\\/\\/|svn\\:\\/\\/|tel\\:|telnet\\:\\/\\/|urn\\:|worldwind\\:\\/\\/|xmpp\\:|\\/\\/","linkTrailCharacters":"/^([a-z\\x{0B00}-\\x{0B7F}]+)(.*)$/sDu"}}