{"extCodeMirrorConfig":{"pluginModules":[],"tagModes":{"ref":"text/mediawiki","pre":"mw-tag-pre","nowiki":"mw-tag-nowiki"},"tags":{"pre":true,"nowiki":true,"gallery":true,"indicator":true,"timeline":true,"hiero":true,"charinsert":true,"ref":true,"references":true,"inputbox":true,"imagemap":true,"source":true,"syntaxhighlight":true,"poem":true,"categorytree":true,"section":true,"score":true,"templatestyles":true,"templatedata":true,"math":true,"ce":true,"chem":true,"graph":true,"maplink":true,"mapframe":true},"doubleUnderscore":[{"__目次非表示__":"notoc","＿＿目次非表示＿＿":"notoc","__notoc__":"notoc","__ギャラリー非表示__":"nogallery","＿＿ギャラリー非表示＿＿":"nogallery","__nogallery__":"nogallery","__目次強制__":"forcetoc","＿＿目次強制＿＿":"forcetoc","__forcetoc__":"forcetoc","__目次__":"toc","＿＿目次＿＿":"toc","__toc__":"toc",
"__節編集非表示__":"noeditsection","__セクション編集非表示__":"noeditsection","＿＿セクション編集非表示＿＿":"noeditsection","__noeditsection__":"noeditsection","__タイトル変換無効__":"notitleconvert","__タイトルコンバート拒否__":"notitleconvert","＿＿タイトルコンバート拒否＿＿":"notitleconvert","__タイトル非表示__":"notitleconvert","__notitleconvert__":"notitleconvert","__notc__":"notitleconvert","__内容変換無効__":"nocontentconvert","__内容変換抑制__":"nocontentconvert","＿＿内容変換抑制＿＿":"nocontentconvert","__nocontentconvert__":"nocontentconvert","__nocc__":"nocontentconvert"},{"__新しい節リンク__":"newsectionlink","__新しいセクションリンク__":"newsectionlink","__新セクションリンク__":"newsectionlink","＿＿新しいセクションリンク＿＿":"newsectionlink","＿＿新セクションリンク＿＿":"newsectionlink","__NEWSECTIONLINK__":"newsectionlink"
,"__新しい節リンク非表示__":"nonewsectionlink","__新しいセクションリンク非表示__":"nonewsectionlink","＿＿新しいセクションリンク非表示＿＿":"nonewsectionlink","__新セクションリンク非表示__":"nonewsectionlink","＿＿新セクションリンク非表示＿＿":"nonewsectionlink","__NONEWSECTIONLINK__":"nonewsectionlink","__カテゴリ非表示__":"hiddencat","__カテ非表示__":"hiddencat","__非表示カテ__":"hiddencat","__隠しカテゴリ__":"hiddencat","__HIDDENCAT__":"hiddencat","__EXPECTUNUSEDCATEGORY__":"expectunusedcategory","__インデックス__":"index","＿＿インデックス＿＿":"index","__INDEX__":"index","__インデックス拒否__":"noindex","＿＿インデックス拒否＿＿":"noindex","__NOINDEX__":"noindex","__静的転送__":"staticredirect","__二重転送解消無効__":"staticredirect","＿＿二重転送解消無効＿＿":"staticredirect","__二重転送修正無効__":"staticredirect",
"＿＿二重転送修正無効＿＿":"staticredirect","__STATICREDIRECT__":"staticredirect","__NOGLOBAL__":"noglobal","__DISAMBIG__":"disambiguation"}],"functionSynonyms":[{"名前空間":"ns","名前空間：":"ns","名空":"ns","名空：":"ns","ns":"ns","名前空間e":"nse","nse":"nse","urlエンコード":"urlencode","ｕｒｌエンコード：":"urlencode","urlencode":"urlencode","先頭小文字":"lcfirst","lcfirst":"lcfirst","先頭大文字":"ucfirst","ucfirst":"ucfirst","小文字":"lc","lc":"lc","大文字":"uc","uc":"uc","ローカルurl":"localurl","ローカルｕｒｌ：":"localurl","localurl":"localurl","ローカルurle":"localurle","ローカルｕｒｌｅ：":"localurle","localurle":"localurle","完全なurl":"fullurl","フルurl":"fullurl","完全なｕｒｌ：":"fullurl","フルｕｒｌ：":"fullurl","fullurl":"fullurl","完全なurle":"fullurle","フルurle":"fullurle","完全なｕｒｌｅ：":"fullurle","フルｕｒｌｅ：":"fullurle","fullurle":
"fullurle","canonicalurl":"canonicalurl","canonicalurle":"canonicalurle","数整形":"formatnum","formatnum":"formatnum","文法":"grammar","grammar":"grammar","性別":"gender","性別：":"gender","gender":"gender","複数":"plural","複数：":"plural","plural":"plural","bidi":"bidi","#言語":"language","＃言語：":"language","#language":"language","補充左":"padleft","padleft":"padleft","補充右":"padright","padright":"padright","アンカー用エンコード":"anchorencode","anchorencode":"anchorencode","ファイルパス":"filepath","ファイルパス：":"filepath","filepath":"filepath","ページid":"pageid","ページｉｄ":"pageid","pageid":"pageid","インターフェース":"int","インタ":"int","インターフェース：":"int","インタ：":"int","インターフェイス":"int","インターフェイス：":"int","int":"int","#特別":"special","#special":"special","#speciale":"speciale","#タグ":"tag","#tag":"tag","#日付整形":"formatdate",
"#formatdate":"formatdate","#dateformat":"formatdate","noexternallanglinks":"noexternallanglinks","#property":"property","#statements":"statements","#もし":"if","#if":"if","#もし等しい":"ifeq","#ifeq":"ifeq","#切り替え":"switch","#switch":"switch","#もし存在":"ifexist","#ifexist":"ifexist","#もし式":"ifexpr","#ifexpr":"ifexpr","#もしエラー":"iferror","#iferror":"iferror","#時間":"time","#time":"time","#時間地方":"timel","#timel":"timel","#式":"expr","#expr":"expr","#参照から絶対":"rel2abs","#rel2abs":"rel2abs","#タイトル部分":"titleparts","#titleparts":"titleparts","#カテゴリツリー":"categorytree","#categorytree":"categorytree","#lst":"lst","#section":"lst","#lstx":"lstx","#section-x":"lstx","#lsth":"lsth","#section-h":"lsth","#target":"target","#バベル":"babel","#babel":"babel","#coordinates":"coordinates","#invoke":"invoke","#related":"related","記事パス":"articlepath","articlepath":"articlepath","サーバー":"server",
"サーバ":"server","server":"server","サーバー名":"servername","サーバーネーム":"servername","サーバ名":"servername","サーバネーム":"servername","servername":"servername","スクリプトパス":"scriptpath","scriptpath":"scriptpath","スタイルパス":"stylepath","stylepath":"stylepath","wbreponame":"wbreponame","numberofwikis":"numberofwikis"},{"ページ数":"numberofpages","NUMBEROFPAGES":"numberofpages","利用者数":"numberofusers","NUMBEROFUSERS":"numberofusers","活動利用者数":"numberofactiveusers","有効な利用者数":"numberofactiveusers","有効利用者数":"numberofactiveusers","NUMBEROFACTIVEUSERS":"numberofactiveusers","記事数":"numberofarticles","NUMBEROFARTICLES":"numberofarticles","ファイル数":"numberoffiles","NUMBEROFFILES":"numberoffiles","管理者数":"numberofadmins","NUMBEROFADMINS":"numberofadmins","グループ人数":"numberingroup","グループ所属人数":"numberingroup","NUMBERINGROUP":"numberingroup",
"NUMINGROUP":"numberingroup","編集回数":"numberofedits","NUMBEROFEDITS":"numberofedits","デフォルトソート":"defaultsort","デフォルトソート：":"defaultsort","デフォルトソートキー":"defaultsort","デフォルトカテゴリソート":"defaultsort","DEFAULTSORT":"defaultsort","DEFAULTSORTKEY":"defaultsort","DEFAULTCATEGORYSORT":"defaultsort","カテゴリ内ページ数":"pagesincategory","PAGESINCATEGORY":"pagesincategory","PAGESINCAT":"pagesincategory","ページサイズ":"pagesize","PAGESIZE":"pagesize","保護レベル":"protectionlevel","PROTECTIONLEVEL":"protectionlevel","PROTECTIONEXPIRY":"protectionexpiry","名前空間E":"namespacee","名前空間Ｅ":"namespacee","NAMESPACEE":"namespacee","名前空間番号":"namespacenumber","NAMESPACENUMBER":"namespacenumber","トーク空間":"talkspace","ノート空間":"talkspace","会話空間":"talkspace","トークスペース":"talkspace","TALKSPACE":"talkspace","トーク空間E":"talkspacee",
"トーク空間Ｅ":"talkspacee","ノート空間E":"talkspacee","会話空間E":"talkspacee","ノート空間Ｅ":"talkspacee","会話空間Ｅ":"talkspacee","トークスペースE":"talkspacee","トークスペースＥ":"talkspacee","TALKSPACEE":"talkspacee","主空間":"subjectspace","標準空間":"subjectspace","記事空間":"subjectspace","SUBJECTSPACE":"subjectspace","ARTICLESPACE":"subjectspace","主空間E":"subjectspacee","標準空間E":"subjectspacee","標準空間Ｅ":"subjectspacee","記事空間E":"subjectspacee","記事空間Ｅ":"subjectspacee","SUBJECTSPACEE":"subjectspacee","ARTICLESPACEE":"subjectspacee","ページ名":"pagename","PAGENAME":"pagename","ページ名E":"pagenamee","ページ名Ｅ":"pagenamee","PAGENAMEE":"pagenamee","完全なページ名":"fullpagename","フルページ名":"fullpagename","完全な記事名":"fullpagename","完全記事名":"fullpagename","FULLPAGENAME":"fullpagename","完全なページ名E":"fullpagenamee",
"フルページ名E":"fullpagenamee","フルページ名Ｅ":"fullpagenamee","完全なページ名Ｅ":"fullpagenamee","FULLPAGENAMEE":"fullpagenamee","ルートページ名":"rootpagename","ROOTPAGENAME":"rootpagename","ルートページ名E":"rootpagenamee","ルートページ名Ｅ":"rootpagenamee","ROOTPAGENAMEE":"rootpagenamee","親ページ名":"basepagename","BASEPAGENAME":"basepagename","親ページ名E":"basepagenamee","親ページ名Ｅ":"basepagenamee","BASEPAGENAMEE":"basepagenamee","サブページ名":"subpagename","下位ページ名":"subpagename","SUBPAGENAME":"subpagename","サブページ名E":"subpagenamee","サブページ名Ｅ":"subpagenamee","下位ページ名E":"subpagenamee","下位ページ名Ｅ":"subpagenamee","SUBPAGENAMEE":"subpagenamee","トークページ名":"talkpagename","会話ページ名":"talkpagename","TALKPAGENAME":"talkpagename","トークページ名E":"talkpagenamee","会話ページ名E":"talkpagenamee","会話ページ名Ｅ":
"talkpagenamee","トークページ名Ｅ":"talkpagenamee","TALKPAGENAMEE":"talkpagenamee","主ページ名":"subjectpagename","記事ページ名":"subjectpagename","SUBJECTPAGENAME":"subjectpagename","ARTICLEPAGENAME":"subjectpagename","主ページ名E":"subjectpagenamee","記事ページ名E":"subjectpagenamee","主ページ名Ｅ":"subjectpagenamee","記事ページ名Ｅ":"subjectpagenamee","SUBJECTPAGENAMEE":"subjectpagenamee","ARTICLEPAGENAMEE":"subjectpagenamee","版のID":"revisionid","リビジョンID":"revisionid","差分ID":"revisionid","リビジョンＩＤ":"revisionid","差分ＩＤ":"revisionid","REVISIONID":"revisionid","版の日":"revisionday","リビジョン日":"revisionday","差分日":"revisionday","REVISIONDAY":"revisionday","版の日2":"revisionday2","リビジョン日2":"revisionday2","差分日2":"revisionday2","リビジョン日２":"revisionday2","差分日２":"revisionday2","REVISIONDAY2":"revisionday2","版の月":"revisionmonth",
"リビジョン月":"revisionmonth","差分月":"revisionmonth","REVISIONMONTH":"revisionmonth","版の月1":"revisionmonth1","REVISIONMONTH1":"revisionmonth1","版の年":"revisionyear","リビジョン年":"revisionyear","差分年":"revisionyear","REVISIONYEAR":"revisionyear","版のタイムスタンプ":"revisiontimestamp","リビジョンタイムスタンプ":"revisiontimestamp","REVISIONTIMESTAMP":"revisiontimestamp","版の利用者":"revisionuser","リビジョンユーザー":"revisionuser","リビジョンユーザ":"revisionuser","リビジョン利用者":"revisionuser","差分利用者":"revisionuser","REVISIONUSER":"revisionuser","CASCADINGSOURCES":"cascadingsources","名前空間":"namespace","NAMESPACE":"namespace","表示タイトル":"displaytitle","DISPLAYTITLE":"displaytitle","!":"!","現在の月":"currentmonth","協定月":"currentmonth","CURRENTMONTH":"currentmonth","CURRENTMONTH2":"currentmonth","現在の月1":"currentmonth1","協定月1":"currentmonth1",
"協定月１":"currentmonth1","CURRENTMONTH1":"currentmonth1","現在の月名":"currentmonthname","協定月名":"currentmonthname","CURRENTMONTHNAME":"currentmonthname","現在の月属格":"currentmonthnamegen","CURRENTMONTHNAMEGEN":"currentmonthnamegen","現在の月省略形":"currentmonthabbrev","省略協定月":"currentmonthabbrev","協定月省略":"currentmonthabbrev","協定月省略形":"currentmonthabbrev","CURRENTMONTHABBREV":"currentmonthabbrev","現在の日":"currentday","協定日":"currentday","CURRENTDAY":"currentday","現在の日2":"currentday2","協定日2":"currentday2","協定日２":"currentday2","CURRENTDAY2":"currentday2","現在の曜日名":"currentdayname","協定曜日":"currentdayname","CURRENTDAYNAME":"currentdayname","現在の年":"currentyear","協定年":"currentyear","CURRENTYEAR":"currentyear","現在の時刻":"currenttime","協定時間":"currenttime","協定時刻":"currenttime","CURRENTTIME":"currenttime","現在の時":"currenthour",
"協定時":"currenthour","CURRENTHOUR":"currenthour","地方時の月":"localmonth","現地月":"localmonth","LOCALMONTH":"localmonth","LOCALMONTH2":"localmonth","地方時の月1":"localmonth1","現地月1":"localmonth1","現地月１":"localmonth1","LOCALMONTH1":"localmonth1","地方時の月名1":"localmonthname","現地月名":"localmonthname","LOCALMONTHNAME":"localmonthname","地方時の月属格":"localmonthnamegen","LOCALMONTHNAMEGEN":"localmonthnamegen","地方時の月省略形":"localmonthabbrev","省略現地月":"localmonthabbrev","LOCALMONTHABBREV":"localmonthabbrev","地方時の日":"localday","現地日":"localday","ローカルデイ":"localday","LOCALDAY":"localday","地方時の日2":"localday2","現地日2":"localday2","現地日２":"localday2","LOCALDAY2":"localday2","地方時の曜日名":"localdayname","現地曜日":"localdayname","ローカルデイネーム":"localdayname","LOCALDAYNAME":"localdayname","地方時の年":"localyear","現地年":"localyear"
,"ローカルイヤー":"localyear","LOCALYEAR":"localyear","地方時の時刻":"localtime","現地時間":"localtime","ローカルタイム":"localtime","LOCALTIME":"localtime","地方時の時":"localhour","現地時":"localhour","LOCALHOUR":"localhour","サイト名":"sitename","サイトネーム":"sitename","SITENAME":"sitename","現在の週":"currentweek","CURRENTWEEK":"currentweek","現在の曜日番号":"currentdow","CURRENTDOW":"currentdow","地方時の週":"localweek","現地週":"localweek","ローカルウィーク":"localweek","LOCALWEEK":"localweek","地方時の曜日番号":"localdow","LOCALDOW":"localdow","REVISIONSIZE":"revisionsize","現在のバージョン":"currentversion","ウィキバージョン":"currentversion","MediaWikiバージョン":"currentversion","メディアウィキバージョン":"currentversion","CURRENTVERSION":"currentversion","現在のタイムスタンプ":"currenttimestamp","協定タイムスタンプ":"currenttimestamp",
"CURRENTTIMESTAMP":"currenttimestamp","地方時のタイムスタンプ":"localtimestamp","現地タイムスタンプ":"localtimestamp","ローカルタイムスタンプ":"localtimestamp","LOCALTIMESTAMP":"localtimestamp","方向印":"directionmark","DIRECTIONMARK":"directionmark","DIRMARK":"directionmark","内容言語":"contentlanguage","記事言語":"contentlanguage","プロジェクト言語":"contentlanguage","CONTENTLANGUAGE":"contentlanguage","CONTENTLANG":"contentlanguage","PAGELANGUAGE":"pagelanguage"}],"urlProtocols":"bitcoin\\:|ftp\\:\\/\\/|ftps\\:\\/\\/|geo\\:|git\\:\\/\\/|gopher\\:\\/\\/|http\\:\\/\\/|https\\:\\/\\/|irc\\:\\/\\/|ircs\\:\\/\\/|magnet\\:|mailto\\:|mms\\:\\/\\/|news\\:|nntp\\:\\/\\/|redis\\:\\/\\/|sftp\\:\\/\\/|sip\\:|sips\\:|sms\\:|ssh\\:\\/\\/|svn\\:\\/\\/|tel\\:|telnet\\:\\/\\/|urn\\:|worldwind\\:\\/\\/|xmpp\\:|\\/\\/","linkTrailCharacters":"/^([a-z]+)(.*)$/sD"}}