{"extCodeMirrorConfig":{"pluginModules":[],"tagModes":{"ref":"text/mediawiki","pre":"mw-tag-pre","nowiki":"mw-tag-nowiki"},"tags":{"pre":true,"nowiki":true,"gallery":true,"indicator":true,"timeline":true,"hiero":true,"charinsert":true,"ref":true,"references":true,"inputbox":true,"imagemap":true,"source":true,"syntaxhighlight":true,"poem":true,"categorytree":true,"section":true,"score":true,"templatestyles":true,"templatedata":true,"math":true,"ce":true,"chem":true,"graph":true,"maplink":true,"mapframe":true},"doubleUnderscore":[{"__бац_чулацам__":"notoc","__бац_чул__":"notoc","__без_оглавления__":"notoc","__без_огл__":"notoc","__notoc__":"notoc","__йац_уче__":"nogallery","__без_галереи__":"nogallery","__nogallery__":"nogallery","__тlедуьллу_чулацамбар__":"forcetoc","__тlедуьл_чул__":"forcetoc",
"__обязательное_оглавление__":"forcetoc","__обяз_огл__":"forcetoc","__forcetoc__":"forcetoc","__чулацам__":"toc","__чул__":"toc","__оглавление__":"toc","__огл__":"toc","__toc__":"toc","__агӀо_та_ца_еш__":"noeditsection","__без_редактирования_раздела__":"noeditsection","__noeditsection__":"noeditsection","__хийцар_доцуш_коьрте__":"notitleconvert","__без_преобразования_заголовка__":"notitleconvert","__notitleconvert__":"notitleconvert","__notc__":"notitleconvert","__йоза_хийцар_доцуш__":"nocontentconvert","__без_преобразования_текста__":"nocontentconvert","__nocontentconvert__":"nocontentconvert","__nocc__":"nocontentconvert"},{"__ХЬАЖОРГ_ОЦ_КЕРЛАЧУ_ДЕКЪАН__":"newsectionlink","__ССЫЛКА_НА_НОВЫЙ_РАЗДЕЛ__":"newsectionlink","__NEWSECTIONLINK__":"newsectionlink",
"__ЙОЦАШ_ХЬАЖОРГ_ОЦ_КЕРЛАЧУ_ДЕКЪАН__":"nonewsectionlink","__БЕЗ_ССЫЛКИ_НА_НОВЫЙ_РАЗДЕЛ__":"nonewsectionlink","__NONEWSECTIONLINK__":"nonewsectionlink","__КЪАЙЛАХА_ЙОЛУ_КАТЕГОРИ__":"hiddencat","__СКРЫТАЯ_КАТЕГОРИЯ__":"hiddencat","__HIDDENCAT__":"hiddencat","__EXPECTUNUSEDCATEGORY__":"expectunusedcategory","__МЕТТИГТЕРАХЬ__":"index","__ИНДЕКС__":"index","__INDEX__":"index","__МЕТТИГТЕРАХЬ_ЙОЦАШ__":"noindex","__БЕЗ_ИНДЕКСА__":"noindex","__NOINDEX__":"noindex","__СТАТИСТИКИН_ДӀАСХЬАЖОРГ__":"staticredirect","__СТАТИЧЕСКОЕ_ПЕРЕНАПРАВЛЕНИЕ__":"staticredirect","__STATICREDIRECT__":"staticredirect","__NOGLOBAL__":"noglobal","__DISAMBIG__":"disambiguation"}],"functionSynonyms":[{"бо":"ns","пи":"ns","ns":"ns","бохь":"nse","пик":"nse","nse":"nse","ишарйина_меттиг":"urlencode",
"закодированный_адрес":"urlencode","urlencode":"urlencode","хьалхар_элп_жима":"lcfirst","первая_буква_маленькая":"lcfirst","lcfirst":"lcfirst","хьалхар_элп_доккха":"ucfirst","первая_буква_большая":"ucfirst","ucfirst":"ucfirst","кегийчу_элпашца":"lc","маленькими_буквами":"lc","lc":"lc","даккхийчу_элпашца":"uc","большими_буквами":"uc","uc":"uc","хӀоттаелла_меттиг":"localurl","локальный_адрес":"localurl","localurl":"localurl","хӀоттаелла_меттиг_2":"localurle","локальный_адрес_2":"localurle","localurle":"localurle","майарра_меттиг":"fullurl","полный_адрес":"fullurl","fullurl":"fullurl","майарра_меттиг_2":"fullurle","полный_адрес_2":"fullurle","fullurle":"fullurle","canonicalurl":"canonicalurl","canonicalurle":"canonicalurle",
"терахьан_барамхlоттор":"formatnum","форматировать_число":"formatnum","formatnum":"formatnum","дожар":"grammar","падеж":"grammar","grammar":"grammar","ву_йу":"gender","gender":"gender","пол":"gender","дукхаллин_терахь":"plural","множественное_число":"plural","plural":"plural","bidi":"bidi","#мотт":"language","#язык":"language","#language":"language","йуза_харце":"padleft","заполнить_слева":"padleft","padleft":"padleft","йуза_бакъе":"padright","заполнить_справа":"padright","padright":"padright","ишарйар_меттиган":"anchorencode","кодировать_метку":"anchorencode","anchorencode":"anchorencode","файлан_тӀе_некъ":"filepath","путь_к_файлу":"filepath","filepath":"filepath","идентификатор_страницы":"pageid","pageid":"pageid","чуьра":"int","внутр":"int","int":"int",
"#белхан":"special","#гӀуллакхан":"special","#служебная":"special","#special":"special","#speciale":"speciale","#къастам":"tag","#къасто":"tag","#къаст":"tag","#метка":"tag","#тег":"tag","#тэг":"tag","#tag":"tag","#терахьибарам":"formatdate","#форматдаты":"formatdate","#formatdate":"formatdate","#dateformat":"formatdate","noexternallanglinks":"noexternallanglinks","#свойство":"property","#property":"property","#statements":"statements","#если":"if","#if":"if","#ifeq":"ifeq","#переключатель":"switch","#switch":"switch","#ifexist":"ifexist","#ifexpr":"ifexpr","#еслиошибка":"iferror","#iferror":"iferror","#хан":"time","#время":"time","#time":"time","#мвремя":"timel","#timel":"timel","#expr":"expr","#rel2abs":"rel2abs","#titleparts":"titleparts","#категоридит":"categorytree","#деревокатегорий":"categorytree","#categorytree":"categorytree",
"#lst":"lst","#section":"lst","#lstx":"lstx","#section-x":"lstx","#lsth":"lsth","#section-h":"lsth","#target":"target","#вавилон":"babel","#babel":"babel","#coordinates":"coordinates","#вызвать":"invoke","#invoke":"invoke","#related":"related","путь_к_статье":"articlepath","articlepath":"articlepath","гlулкхдириг":"server","сервер":"server","server":"server","гlулкхдечуьна_цlе":"servername","название_сервера":"servername","servername":"servername","некъ_оц_меттакепа":"scriptpath","путь_к_скрипту":"scriptpath","scriptpath":"scriptpath","йоманхатӀ":"stylepath","путь_к_стилю":"stylepath","stylepath":"stylepath","wbreponame":"wbreponame","numberofwikis":"numberofwikis"},{"АГlОНИЙ_ДУКХАЛЛА":"numberofpages","КОЛИЧЕСТВО_СТРАНИЦ":"numberofpages","NUMBEROFPAGES":"numberofpages","ДЕКЪАШХОЙ_ДУКХАЛЛА":"numberofusers",
"КОЛИЧЕСТВО_УЧАСТНИКОВ":"numberofusers","NUMBEROFUSERS":"numberofusers","ДУКХАЛЛА_ЖИГАРА_ДЕКЪАШХОЙ":"numberofactiveusers","КОЛИЧЕСТВО_АКТИВНЫХ_УЧАСТНИКОВ":"numberofactiveusers","NUMBEROFACTIVEUSERS":"numberofactiveusers","ЯЗЗАМАШИ_ДУКХАЛЛА":"numberofarticles","КОЛИЧЕСТВО_СТАТЕЙ":"numberofarticles","NUMBEROFARTICLES":"numberofarticles","ФАЙЛИЙН_ДУКХАЛЛА":"numberoffiles","КОЛИЧЕСТВО_ФАЙЛОВ":"numberoffiles","NUMBEROFFILES":"numberoffiles","КУЬГАЛХОЙ_ДУКХАЛЛА":"numberofadmins","КОЛИЧЕСТВО_АДМИНИСТРАТОРОВ":"numberofadmins","NUMBEROFADMINS":"numberofadmins","ТЕРАХЬ_ОЦ_ТОБАНЦА":"numberingroup","ЧИСЛО_В_ГРУППЕ":"numberingroup","NUMBERINGROUP":"numberingroup","NUMINGROUP":"numberingroup","НИСДАРИЙН_ДУКХАЛЛА":"numberofedits","КОЛИЧЕСТВО_ПРАВОК":"numberofedits",
"NUMBEROFEDITS":"numberofedits","ЛИСТАР_ЦАХЬЕХОР":"defaultsort","ДОГlА_ЛИСТАРАН":"defaultsort","СОРТИРОВКА_ПО_УМОЛЧАНИЮ":"defaultsort","КЛЮЧ_СОРТИРОВКИ":"defaultsort","DEFAULTSORT":"defaultsort","DEFAULTSORTKEY":"defaultsort","DEFAULTCATEGORYSORT":"defaultsort","КАТЕГОРИ_ЧОХЬ_АГӀОНАШ_":"pagesincategory","СТРАНИЦ_В_КАТЕГОРИИ":"pagesincategory","PAGESINCATEGORY":"pagesincategory","PAGESINCAT":"pagesincategory","АГlОН_БАРАМ":"pagesize","РАЗМЕР_СТРАНИЦЫ":"pagesize","PAGESIZE":"pagesize","ГӀАРОЛЛИ_БАРАМ":"protectionlevel","УРОВЕНЬ_ЗАЩИТЫ":"protectionlevel","PROTECTIONLEVEL":"protectionlevel","PROTECTIONEXPIRY":"protectionexpiry","ЦӀЕРИЙН_АНА_2":"namespacee","ПРОСТРАНСТВО_ИМЁН_2":"namespacee","NAMESPACEE":"namespacee","НОМЕР_ПРОСТРАНСТВА_ИМЁН":"namespacenumber","NAMESPACENUMBER":"namespacenumber",
"ДИЙЦАРИЙН_АНА":"talkspace","ПРОСТРАНСТВО_ОБСУЖДЕНИЙ":"talkspace","TALKSPACE":"talkspace","ДИЙЦАРИЙН_АНА_2":"talkspacee","ПРОСТРАНСТВО_ОБСУЖДЕНИЙ_2":"talkspacee","TALKSPACEE":"talkspacee","ЯЗЗАМИЙН_АНА":"subjectspace","ПРОСТРАНСТВО_СТАТЕЙ":"subjectspace","SUBJECTSPACE":"subjectspace","ARTICLESPACE":"subjectspace","ЯЗЗАМИЙН_АНА_2":"subjectspacee","ПРОСТРАНСТВО_СТАТЕЙ_2":"subjectspacee","SUBJECTSPACEE":"subjectspacee","ARTICLESPACEE":"subjectspacee","АГӀОН_ЦӀЕ":"pagename","НАЗВАНИЕ_СТРАНИЦЫ":"pagename","PAGENAME":"pagename","АГӀОН_ЦӀЕ_2":"pagenamee","НАЗВАНИЕ_СТРАНИЦЫ_2":"pagenamee","PAGENAMEE":"pagenamee","ЮЬЗЗИНА_АГӀОН_ЦӀЕ":"fullpagename","ПОЛНОЕ_НАЗВАНИЕ_СТРАНИЦЫ":"fullpagename","FULLPAGENAME":"fullpagename","ЮЬЗЗИНА_АГӀОН_ЦӀЕ_2":"fullpagenamee",
"ПОЛНОЕ_НАЗВАНИЕ_СТРАНИЦЫ_2":"fullpagenamee","FULLPAGENAMEE":"fullpagenamee","ROOTPAGENAME":"rootpagename","ROOTPAGENAMEE":"rootpagenamee","АГӀОН_ЦӀЕРА_БУХ":"basepagename","ОСНОВА_НАЗВАНИЯ_СТРАНИЦЫ":"basepagename","BASEPAGENAME":"basepagename","АГӀОН_ЦӀЕРА_БУХ_2":"basepagenamee","ОСНОВА_НАЗВАНИЯ_СТРАНИЦЫ_2":"basepagenamee","BASEPAGENAMEE":"basepagenamee","АГӀОН_КӀЕЛАРА_ЦӀЕ":"subpagename","НАЗВАНИЕ_ПОДСТРАНИЦЫ":"subpagename","SUBPAGENAME":"subpagename","АГӀОН_КӀЕЛАРА_ЦӀЕ_2":"subpagenamee","НАЗВАНИЕ_ПОДСТРАНИЦЫ_2":"subpagenamee","SUBPAGENAMEE":"subpagenamee","ДИЙЦАРЕ_АГӀОН_ЦӀЕ":"talkpagename","НАЗВАНИЕ_СТРАНИЦЫ_ОБСУЖДЕНИЯ":"talkpagename","TALKPAGENAME":"talkpagename","ДИЙЦАРЕ_АГӀОН_ЦӀЕ_2":"talkpagenamee","НАЗВАНИЕ_СТРАНИЦЫ_ОБСУЖДЕНИЯ_2":
"talkpagenamee","TALKPAGENAMEE":"talkpagenamee","АГӀОН_ЯЗЗАМАН_ЦӀЕ":"subjectpagename","НАЗВАНИЕ_СТРАНИЦЫ_СТАТЬИ":"subjectpagename","SUBJECTPAGENAME":"subjectpagename","ARTICLEPAGENAME":"subjectpagename","АГӀОН_ЯЗЗАМАН_ЦӀЕ_2":"subjectpagenamee","НАЗВАНИЕ_СТРАНИЦЫ_СТАТЬИ_2":"subjectpagenamee","SUBJECTPAGENAMEE":"subjectpagenamee","ARTICLEPAGENAMEE":"subjectpagenamee","ЦУЬНА_БАШХО":"revisionid","ИД_ВЕРСИИ":"revisionid","REVISIONID":"revisionid","ДЕ_БАШХО":"revisionday","ДЕНЬ_ВЕРСИИ":"revisionday","REVISIONDAY":"revisionday","ДЕ_БАШХО_2":"revisionday2","ДЕНЬ_ВЕРСИИ_2":"revisionday2","REVISIONDAY2":"revisionday2","БЕТТА_БАШХО":"revisionmonth","МЕСЯЦ_ВЕРСИИ":"revisionmonth","REVISIONMONTH":"revisionmonth","МЕСЯЦ_ВЕРСИИ_1":"revisionmonth1","REVISIONMONTH1":"revisionmonth1","ШО_БАШХО":"revisionyear","ГОД_ВЕРСИИ":
"revisionyear","REVISIONYEAR":"revisionyear","КЪАСТАМ_ХЕНА_БАШХО":"revisiontimestamp","ОТМЕТКА_ВРЕМЕНИ_ВЕРСИИ":"revisiontimestamp","REVISIONTIMESTAMP":"revisiontimestamp","ДЕКЪАШХОН_БАШХО":"revisionuser","ВЕРСИЯ_УЧАСНИКА":"revisionuser","ВЕРСИЯ_УЧАСТНИКА":"revisionuser","REVISIONUSER":"revisionuser","CASCADINGSOURCES":"cascadingsources","ЦӀЕРИЙН_АНА":"namespace","ПРОСТРАНСТВО_ИМЁН":"namespace","NAMESPACE":"namespace","ГАЙТА_КОЬРТАМОГl":"displaytitle","ПОКАЗАТЬ_ЗАГОЛОВОК":"displaytitle","DISPLAYTITLE":"displaytitle","!":"!","КАРАРА_БУТТ":"currentmonth","КАРАРА_БУТТ_2":"currentmonth","ТЕКУЩИЙ_МЕСЯЦ":"currentmonth","ТЕКУЩИЙ_МЕСЯЦ_2":"currentmonth","CURRENTMONTH":"currentmonth","CURRENTMONTH2":"currentmonth","КАРАРА_БУТТ_1":"currentmonth1","ТЕКУЩИЙ_МЕСЯЦ_1":"currentmonth1","CURRENTMONTH1":
"currentmonth1","КАРАРАЧУ_БЕТТА_ЦӀЕ":"currentmonthname","НАЗВАНИЕ_ТЕКУЩЕГО_МЕСЯЦА":"currentmonthname","CURRENTMONTHNAME":"currentmonthname","КАРАРАЧУ_БЕТТА_ЦӀЕ_МУХ":"currentmonthnamegen","НАЗВАНИЕ_ТЕКУЩЕГО_МЕСЯЦА_РОД":"currentmonthnamegen","CURRENTMONTHNAMEGEN":"currentmonthnamegen","КАРАРАЧУ_БЕТТА_ЦӀЕ_АБР":"currentmonthabbrev","НАЗВАНИЕ_ТЕКУЩЕГО_МЕСЯЦА_АБР":"currentmonthabbrev","CURRENTMONTHABBREV":"currentmonthabbrev","КАРАРА_ДЕ":"currentday","ТЕКУЩИЙ_ДЕНЬ":"currentday","CURRENTDAY":"currentday","КАРАРА_ДЕ_2":"currentday2","ТЕКУЩИЙ_ДЕНЬ_2":"currentday2","CURRENTDAY2":"currentday2","КАРАРАЧУ_ДЕ_ЦӀЕ":"currentdayname","НАЗВАНИЕ_ТЕКУЩЕГО_ДНЯ":"currentdayname","CURRENTDAYNAME":"currentdayname","КАРАРА_ШО":"currentyear","ТЕКУЩИЙ_ГОД":"currentyear","CURRENTYEAR":"currentyear",
"КАРАРА_ХАН":"currenttime","ТЕКУЩЕЕ_ВРЕМЯ":"currenttime","CURRENTTIME":"currenttime","КАРАРА_САХЬТ":"currenthour","ТЕКУЩИЙ_ЧАС":"currenthour","CURRENTHOUR":"currenthour","МЕТТИГАН_БУТТ":"localmonth","МЕСТНЫЙ_МЕСЯЦ_2":"localmonth","МЕСТНЫЙ_МЕСЯЦ":"localmonth","LOCALMONTH":"localmonth","LOCALMONTH2":"localmonth","МЕТТИГАН_БУТТ_1":"localmonth1","МЕСТНЫЙ_МЕСЯЦ_1":"localmonth1","LOCALMONTH1":"localmonth1","МЕТТИГАН_БЕТТА_ЦlЕ":"localmonthname","НАЗВАНИЕ_МЕСТНОГО_МЕСЯЦА":"localmonthname","LOCALMONTHNAME":"localmonthname","МЕТТИГАН_БЕТТА_ЦlЕ_МУХ":"localmonthnamegen","НАЗВАНИЕ_МЕСТНОГО_МЕСЯЦА_РОД":"localmonthnamegen","LOCALMONTHNAMEGEN":"localmonthnamegen","МЕТТИГАН_БЕТТА_ЦlЕ_АБР":"localmonthabbrev","НАЗВАНИЕ_МЕСТНОГО_МЕСЯЦА_АБР":"localmonthabbrev","LOCALMONTHABBREV":
"localmonthabbrev","МЕТТИГАН_ДЕ":"localday","МЕСТНЫЙ_ДЕНЬ":"localday","LOCALDAY":"localday","МЕТТИГАН_ДЕ_2":"localday2","МЕСТНЫЙ_ДЕНЬ_2":"localday2","LOCALDAY2":"localday2","МЕТТИГАН_ДЕ_ЦӀЕ":"localdayname","НАЗВАНИЕ_МЕСТНОГО_ДНЯ":"localdayname","LOCALDAYNAME":"localdayname","МЕТТИГАН_ШО":"localyear","МЕСТНЫЙ_ГОД":"localyear","LOCALYEAR":"localyear","МЕТТИГАН_ХАН":"localtime","МЕСТНОЕ_ВРЕМЯ":"localtime","LOCALTIME":"localtime","МЕТТИГАН_САХЬТ":"localhour","МЕСТНЫЙ_ЧАС":"localhour","LOCALHOUR":"localhour","МЕТТИГ_ЦlЕ":"sitename","НАЗВАНИЕ_САЙТА":"sitename","SITENAME":"sitename","КАРАРА_КӀИРА":"currentweek","ТЕКУЩАЯ_НЕДЕЛЯ":"currentweek","CURRENTWEEK":"currentweek","КАРАРА_КӀИРАН_ДЕ":"currentdow","ТЕКУЩИЙ_ДЕНЬ_НЕДЕЛИ":"currentdow","CURRENTDOW":"currentdow",
"МЕТТИГЕРА_КӀИРА":"localweek","МЕСТНАЯ_НЕДЕЛЯ":"localweek","LOCALWEEK":"localweek","МЕТТИГАН_КӀИРАН_ДЕ":"localdow","МЕСТНЫЙ_ДЕНЬ_НЕДЕЛИ":"localdow","LOCALDOW":"localdow","REVISIONSIZE":"revisionsize","ЙОЛШЙОЛУ_БАШХО":"currentversion","ТЕКУЩАЯ_ВЕРСИЯ":"currentversion","CURRENTVERSION":"currentversion","КЪАСТАМ_ЙОЛУЧУ_ХАННА":"currenttimestamp","ОТМЕТКА_ТЕКУЩЕГО_ВРЕМЕНИ":"currenttimestamp","CURRENTTIMESTAMP":"currenttimestamp","КЪАСТАМ_МЕТТИГА_ХАННА":"localtimestamp","ОТМЕТКА_МЕСТНОГО_ВРЕМЕНИ":"localtimestamp","LOCALTIMESTAMP":"localtimestamp","ХЬАЖОЧЕ_ХААМ":"directionmark","НАПРАВЛЕНИЕ_ПИСЬМА":"directionmark","DIRECTIONMARK":"directionmark","DIRMARK":"directionmark","МОТТ_ЧУЛАЦАМ":"contentlanguage","ЯЗЫК_СОДЕРЖАНИЯ":"contentlanguage","CONTENTLANGUAGE":"contentlanguage",
"CONTENTLANG":"contentlanguage","PAGELANGUAGE":"pagelanguage"}],"urlProtocols":"bitcoin\\:|ftp\\:\\/\\/|ftps\\:\\/\\/|geo\\:|git\\:\\/\\/|gopher\\:\\/\\/|http\\:\\/\\/|https\\:\\/\\/|irc\\:\\/\\/|ircs\\:\\/\\/|magnet\\:|mailto\\:|mms\\:\\/\\/|news\\:|nntp\\:\\/\\/|redis\\:\\/\\/|sftp\\:\\/\\/|sip\\:|sips\\:|sms\\:|ssh\\:\\/\\/|svn\\:\\/\\/|tel\\:|telnet\\:\\/\\/|urn\\:|worldwind\\:\\/\\/|xmpp\\:|\\/\\/","linkTrailCharacters":"/^([a-zабвгдеёжзийклмнопрстуфхцчшщъыьэюя]+)(.*)$/sDu"}}