{"extCodeMirrorConfig":{"pluginModules":[],"tagModes":{"ref":"text/mediawiki","pre":"mw-tag-pre","nowiki":"mw-tag-nowiki"},"tags":{"pre":true,"nowiki":true,"gallery":true,"indicator":true,"timeline":true,"hiero":true,"charinsert":true,"ref":true,"references":true,"inputbox":true,"imagemap":true,"source":true,"syntaxhighlight":true,"poem":true,"categorytree":true,"section":true,"score":true,"templatestyles":true,"templatedata":true,"math":true,"ce":true,"chem":true,"graph":true,"maplink":true,"mapframe":true},"doubleUnderscore":[{"__अनुक्रमणिकानको__":"notoc","__notoc__":"notoc","__प्रदर्शननको__":"nogallery","__nogallery__":"nogallery","__अनुक्रमणिकाहवीच__":"forcetoc","__forcetoc__":"forcetoc","__अनुक्रमणिका__":"toc","__toc__":"toc","__विभागअसंपादनक्षम__":
"noeditsection","__noeditsection__":"noeditsection","__विनाशीर्षकबदल__":"notitleconvert","__विनाशीब__":"notitleconvert","__notitleconvert__":"notitleconvert","__notc__":"notitleconvert","__विनामजकुरबदल__":"nocontentconvert","__विनामब__":"nocontentconvert","__nocontentconvert__":"nocontentconvert","__nocc__":"nocontentconvert"},{"__नवविभागदुवा__":"newsectionlink","__NEWSECTIONLINK__":"newsectionlink","__विनानवविभागदुवा__":"nonewsectionlink","__NONEWSECTIONLINK__":"nonewsectionlink","__वर्गलपवा__":"hiddencat","__HIDDENCAT__":"hiddencat","__EXPECTUNUSEDCATEGORY__":"expectunusedcategory","__क्रमीत__":"index","__अनुक्रमीत__":"index","__INDEX__":"index","__विनाक्रमीत__":"noindex","__विनाअनुक्रमीत__":"noindex","__NOINDEX__":"noindex",
"__अविचलपुर्ननिर्देश__":"staticredirect","__STATICREDIRECT__":"staticredirect","__NOGLOBAL__":"noglobal","__DISAMBIG__":"disambiguation"}],"functionSynonyms":[{"नावि":"ns","ns":"ns","नाविअरिक्त":"nse","नाव्यारिक्त":"nse","नाव्याख":"nse","nse":"nse","संकेतस्थलीआंग्ल्संकेत":"urlencode","urlencode":"urlencode","lcfirst":"lcfirst","ucfirst":"ucfirst","lc":"lc","uc":"uc","स्थानिकस्थळ":"localurl","स्थानिकसंकेतस्थळ":"localurl","localurl":"localurl","स्थानिकस्थली":"localurle","localurle":"localurle","संपूर्णसंस्थळ":"fullurl","fullurl":"fullurl","संपूर्णसंस्थली":"fullurle","संपूर्णसंस्थळी":"fullurle","fullurle":"fullurle","canonicalurl":"canonicalurl","canonicalurle":"canonicalurle",
"क्रमपद्धती":"formatnum","formatnum":"formatnum","व्याकरण":"grammar","grammar":"grammar","लिंग":"gender","gender":"gender","बहुवचन":"plural","plural":"plural","bidi":"bidi","#भाषा":"language","#language":"language","डावाभरीव":"padleft","भरीवडावा":"padleft","padleft":"padleft","उजवाभरीव":"padright","भरीवउजवा":"padright","padright":"padright","नांगरआंग्लसंकेत":"anchorencode","anchorencode":"anchorencode","संचिकामार्ग":"filepath","filepath":"filepath","pageid":"pageid","इन्ट":"int","int":"int","#विशेष":"special","#special":"special","#speciale":"speciale","#खूण":"tag","#खूणगाठ":"tag","#tag":"tag","#दिनांकनपद्धती":"formatdate","#formatdate":"formatdate","#dateformat":"formatdate","noexternallanglinks":"noexternallanglinks","#property":"property",
"#statements":"statements","#जर":"if","#इफ":"if","#if":"if","#जरसम":"ifeq","#ifeq":"ifeq","#कळ":"switch","#सांगकळ":"switch","#असेलतरसांग":"switch","#असलेतरसांग":"switch","#स्वीच":"switch","#switch":"switch","#जरअसेल":"ifexist","#जरआहे":"ifexist","#ifexist":"ifexist","#जरकरण":"ifexpr","#ifexpr":"ifexpr","#जरत्रुटी":"iferror","#iferror":"iferror","#वेळ":"time","#time":"time","#वेळस्था":"timel","#timel":"timel","#करण":"expr","#expr":"expr","#rel2abs":"rel2abs","#शीर्षकखंड":"titleparts","#टाइटलपार्ट्स":"titleparts","#titleparts":"titleparts","#वर्गवृक्ष":"categorytree","#categorytree":"categorytree","#lst":"lst","#section":"lst","#lstx":"lstx","#section-x":"lstx","#lsth":"lsth","#section-h":"lsth","#target":"target","#बॅबेल":"babel","#babel":"babel","#coordinates":
"coordinates","#invoke":"invoke","#related":"related","articlepath":"articlepath","विदादाता":"server","server":"server","विदादातानाव":"servername","servername":"servername","संहीतामार्ग":"scriptpath","scriptpath":"scriptpath","stylepath":"stylepath","wbreponame":"wbreponame","numberofwikis":"numberofwikis"},{"पानसंख्या":"numberofpages","NUMBEROFPAGES":"numberofpages","सदस्यसंख्या":"numberofusers","NUMBEROFUSERS":"numberofusers","सक्रीयसदस्यसंख्या":"numberofactiveusers","NUMBEROFACTIVEUSERS":"numberofactiveusers","लेखसंख्या":"numberofarticles","NUMBEROFARTICLES":"numberofarticles","संचिकासंख्या":"numberoffiles","NUMBEROFFILES":"numberoffiles","प्रचालकसंख्या":"numberofadmins","NUMBEROFADMINS":"numberofadmins","गटक्रमांक":"numberingroup","NUMBERINGROUP":"numberingroup",
"NUMINGROUP":"numberingroup","संपादनसंख्या":"numberofedits","NUMBEROFEDITS":"numberofedits","अविचलवर्ग":"defaultsort","अविचलवर्गकळ":"defaultsort","अविचलवर्गवर्गीकरण":"defaultsort","DEFAULTSORT":"defaultsort","DEFAULTSORTKEY":"defaultsort","DEFAULTCATEGORYSORT":"defaultsort","वर्गातीलपाने":"pagesincategory","वर्गीतपाने":"pagesincategory","श्रेणीतपाने":"pagesincategory","PAGESINCATEGORY":"pagesincategory","PAGESINCAT":"pagesincategory","पानक्षमता":"pagesize","PAGESIZE":"pagesize","सुरक्षास्तर":"protectionlevel","PROTECTIONLEVEL":"protectionlevel","PROTECTIONEXPIRY":"protectionexpiry","नामविश्वा":"namespacee","नामविश्वाचे":"namespacee","NAMESPACEE":"namespacee","नामविश्वक्रमांक":"namespacenumber","NAMESPACENUMBER":
"namespacenumber","चर्चाविश्व":"talkspace","TALKSPACE":"talkspace","चर्चाविश्वा":"talkspacee","चर्चाविश्वाचे":"talkspacee","TALKSPACEE":"talkspacee","विषयविश्व":"subjectspace","लेखविश्व":"subjectspace","SUBJECTSPACE":"subjectspace","ARTICLESPACE":"subjectspace","विषयविश्वा":"subjectspacee","लेखविश्वा":"subjectspacee","विषयविश्वाचे":"subjectspacee","लेखविश्वाचे":"subjectspacee","SUBJECTSPACEE":"subjectspacee","ARTICLESPACEE":"subjectspacee","लेखनाव":"pagename","PAGENAME":"pagename","लेखानावव":"pagenamee","PAGENAMEE":"pagenamee","पूर्णलेखनाव":"fullpagename","FULLPAGENAME":"fullpagename","पूर्णलेखनावे":"fullpagenamee","अंशदुवा":"fullpagenamee","FULLPAGENAMEE":"fullpagenamee","ROOTPAGENAME":"rootpagename","ROOTPAGENAMEE"
:"rootpagenamee","मूळपाननाव":"basepagename","BASEPAGENAME":"basepagename","मूळपाननावे":"basepagenamee","BASEPAGENAMEE":"basepagenamee","उपपाननाव":"subpagename","SUBPAGENAME":"subpagename","उपपाननावे":"subpagenamee","उपपाननावाचे":"subpagenamee","उपौंशदुवा":"subpagenamee","SUBPAGENAMEE":"subpagenamee","चर्चापाननाव":"talkpagename","TALKPAGENAME":"talkpagename","चर्चापाननावे":"talkpagenamee","TALKPAGENAMEE":"talkpagenamee","विषयपाननाव":"subjectpagename","लेखपाननाव":"subjectpagename","SUBJECTPAGENAME":"subjectpagename","ARTICLEPAGENAME":"subjectpagename","विषयपाननावे":"subjectpagenamee","लेखपाननावे":"subjectpagenamee","SUBJECTPAGENAMEE":"subjectpagenamee","ARTICLEPAGENAMEE":"subjectpagenamee","आवृत्तीक्र्मांक":"revisionid",
"REVISIONID":"revisionid","आवृत्तीदिन":"revisionday","REVISIONDAY":"revisionday","आवृत्तीदिन२":"revisionday2","REVISIONDAY2":"revisionday2","आवृत्तीमास":"revisionmonth","REVISIONMONTH":"revisionmonth","REVISIONMONTH1":"revisionmonth1","आवृत्तीवर्ष":"revisionyear","REVISIONYEAR":"revisionyear","आवृत्तीमुद्रा":"revisiontimestamp","आवृत्तीठसा":"revisiontimestamp","REVISIONTIMESTAMP":"revisiontimestamp","आवृत्तीसदस्य":"revisionuser","REVISIONUSER":"revisionuser","CASCADINGSOURCES":"cascadingsources","नामविश्व":"namespace","NAMESPACE":"namespace","शीर्षकदाखवा":"displaytitle","DISPLAYTITLE":"displaytitle","!":"!","सद्यमहिना":"currentmonth","सद्यमहिना२":"currentmonth","CURRENTMONTH":"currentmonth","CURRENTMONTH2":"currentmonth","सद्यमहिना१":
"currentmonth1","CURRENTMONTH1":"currentmonth1","सद्यमहिनानाव":"currentmonthname","CURRENTMONTHNAME":"currentmonthname","सद्यमहिनासाधारण":"currentmonthnamegen","CURRENTMONTHNAMEGEN":"currentmonthnamegen","सद्यमहिनासंक्षीप्त":"currentmonthabbrev","CURRENTMONTHABBREV":"currentmonthabbrev","सद्यदिवस":"currentday","CURRENTDAY":"currentday","सद्यदिवस२":"currentday2","CURRENTDAY2":"currentday2","सद्यदिवसनाव":"currentdayname","CURRENTDAYNAME":"currentdayname","सद्यवर्ष":"currentyear","CURRENTYEAR":"currentyear","सद्यवेळ":"currenttime","CURRENTTIME":"currenttime","सद्यतास":"currenthour","CURRENTHOUR":"currenthour","स्थानिकमहिना":"localmonth","स्थानिकमहिना२":"localmonth","LOCALMONTH":"localmonth","LOCALMONTH2":"localmonth",
"स्थानिकमहिना१":"localmonth1","LOCALMONTH1":"localmonth1","स्थानिकमहिनानाव":"localmonthname","LOCALMONTHNAME":"localmonthname","स्थानिकमहिनासाधारण":"localmonthnamegen","LOCALMONTHNAMEGEN":"localmonthnamegen","स्थानिकमहिनासंक्षीप्त":"localmonthabbrev","LOCALMONTHABBREV":"localmonthabbrev","स्थानिकदिवस":"localday","LOCALDAY":"localday","स्थानिकदिवस२":"localday2","LOCALDAY2":"localday2","स्थानिकदिवसनाव":"localdayname","LOCALDAYNAME":"localdayname","स्थानिकवर्ष":"localyear","LOCALYEAR":"localyear","स्थानिकवेळ":"localtime","LOCALTIME":"localtime","स्थानिकतास":"localhour","LOCALHOUR":"localhour","संकेतस्थळनाव":"sitename","SITENAME":"sitename","सद्यआठवडा":"currentweek","CURRENTWEEK":
"currentweek","सद्यउतरण":"currentdow","सद्यउतार":"currentdow","CURRENTDOW":"currentdow","स्थानिकआठवडा":"localweek","LOCALWEEK":"localweek","स्थानिकउतरण":"localdow","स्थानिकउतार":"localdow","LOCALDOW":"localdow","REVISIONSIZE":"revisionsize","सद्यआवृत्ती":"currentversion","CURRENTVERSION":"currentversion","सद्यकालमुद्रा":"currenttimestamp","CURRENTTIMESTAMP":"currenttimestamp","स्थानिककालमुद्रा":"localtimestamp","LOCALTIMESTAMP":"localtimestamp","दिशाचिन्ह":"directionmark","दिशादर्शक":"directionmark","DIRECTIONMARK":"directionmark","DIRMARK":"directionmark","मसुदाभाषा":"contentlanguage","मजकुरभाषा":"contentlanguage","CONTENTLANGUAGE":"contentlanguage","CONTENTLANG":"contentlanguage","PAGELANGUAGE":"pagelanguage"}],"urlProtocols":
"bitcoin\\:|ftp\\:\\/\\/|ftps\\:\\/\\/|geo\\:|git\\:\\/\\/|gopher\\:\\/\\/|http\\:\\/\\/|https\\:\\/\\/|irc\\:\\/\\/|ircs\\:\\/\\/|magnet\\:|mailto\\:|mms\\:\\/\\/|news\\:|nntp\\:\\/\\/|redis\\:\\/\\/|sftp\\:\\/\\/|sip\\:|sips\\:|sms\\:|ssh\\:\\/\\/|svn\\:\\/\\/|tel\\:|telnet\\:\\/\\/|urn\\:|worldwind\\:\\/\\/|xmpp\\:|\\/\\/","linkTrailCharacters":"/^([ऀ-ॣॱ-ॿ﻿‍]+)(.*)$/sDu"}}