{"extCodeMirrorConfig":{"pluginModules":[],"tagModes":{"ref":"text/mediawiki","pre":"mw-tag-pre","nowiki":"mw-tag-nowiki"},"tags":{"pre":true,"nowiki":true,"gallery":true,"indicator":true,"timeline":true,"hiero":true,"charinsert":true,"ref":true,"references":true,"inputbox":true,"imagemap":true,"source":true,"syntaxhighlight":true,"poem":true,"categorytree":true,"section":true,"score":true,"templatestyles":true,"templatedata":true,"math":true,"ce":true,"chem":true,"graph":true,"maplink":true,"mapframe":true},"doubleUnderscore":[{"__безсодржина__":"notoc","__notoc__":"notoc","__безгалерија__":"nogallery","__nogallery__":"nogallery","__сосодржина__":"forcetoc","__forcetoc__":"forcetoc","__содржина__":"toc","__toc__":"toc","__без_уредување_на_поднаслови__":"noeditsection","__noeditsection__":"noeditsection",
"__безпретворањенаслов__":"notitleconvert","__notitleconvert__":"notitleconvert","__notc__":"notitleconvert","__безпретворањесодржина__":"nocontentconvert","__nocontentconvert__":"nocontentconvert","__nocc__":"nocontentconvert"},{"__ВРСКАНОВПОДНАСЛОВ__":"newsectionlink","__NEWSECTIONLINK__":"newsectionlink","__БЕЗВРСКАНОВПОДНАСЛОВ__":"nonewsectionlink","__NONEWSECTIONLINK__":"nonewsectionlink","__СКРИЕНАКАТ__":"hiddencat","__СКРИЕНАКАТЕГОРИЈА__":"hiddencat","__HIDDENCAT__":"hiddencat","__EXPECTUNUSEDCATEGORY__":"expectunusedcategory","__ИНДЕКС__":"index","__INDEX__":"index","__БЕЗИНДЕКС__":"noindex","__NOINDEX__":"noindex","__СТАТИЧНОПРЕНАСОЧУВАЊЕ__":"staticredirect","__STATICREDIRECT__":"staticredirect","__NOGLOBAL__":"noglobal","__DISAMBIG__":"disambiguation"}],"functionSynonyms":[{"ns":"ns","nse":"nse","шифрирајurl":"urlencode",
"urlencode":"urlencode","првомб":"lcfirst","lcfirst":"lcfirst","првогб":"ucfirst","ucfirst":"ucfirst","мб":"lc","lc":"lc","гб":"uc","uc":"uc","локалнаадреса":"localurl","localurl":"localurl","локалнаадресаи":"localurle","localurle":"localurle","полнаurl":"fullurl","fullurl":"fullurl","полнаurle":"fullurle","fullurle":"fullurle","канонскаurl":"canonicalurl","canonicalurl":"canonicalurl","канонскаurle":"canonicalurle","canonicalurle":"canonicalurle","форматброј":"formatnum","formatnum":"formatnum","граматика":"grammar","grammar":"grammar","пол":"gender","gender":"gender","множина":"plural","plural":"plural","bidi":"bidi","#јазик":"language","#language":"language","поставилево":"padleft","padleft":"padleft","поставидесно":"padright","padright":"padright","шифрирајкотва":"anchorencode","anchorencode":"anchorencode","податотечнапатека":
"filepath","filepath":"filepath","назнаканастраница":"pageid","pageid":"pageid","int":"int","#службена":"special","#службени":"special","#special":"special","#speciale":"speciale","#ознака":"tag","#tag":"tag","#форматдатум":"formatdate","#formatdate":"formatdate","#dateformat":"formatdate","безнадворјазврски":"noexternallanglinks","noexternallanglinks":"noexternallanglinks","#својство":"property","#property":"property","#statements":"statements","#ако":"if","#if":"if","#акоисто":"ifeq","#ifeq":"ifeq","#префрли":"switch","#switch":"switch","#акопостои":"ifexist","#ifexist":"ifexist","#акоизраз":"ifexpr","#ifexpr":"ifexpr","#акогрешка":"iferror","#iferror":"iferror","#време":"time","#time":"time","#времел":"timel","#timel":"timel","#израз":"expr","#expr":"expr","#релдоапс":"rel2abs","#rel2abs":"rel2abs","#насловделови":"titleparts",
"#titleparts":"titleparts","#стеблонакатегории":"categorytree","#categorytree":"categorytree","#lst":"lst","#section":"lst","#lstx":"lstx","#section-x":"lstx","#lsth":"lsth","#section-h":"lsth","#цел":"target","#target":"target","#вавилон":"babel","#babel":"babel","#coordinates":"coordinates","#повикај":"invoke","#invoke":"invoke","#related":"related","патеканастатија":"articlepath","articlepath":"articlepath","опслужувач":"server","server":"server","именаопслужувач":"servername","servername":"servername","патеканаскрипта":"scriptpath","scriptpath":"scriptpath","стилскапатека":"stylepath","stylepath":"stylepath","вбскладиштеиме":"wbreponame","wbreponame":"wbreponame","numberofwikis":"numberofwikis"},{"БРОЈНАСТРАНИЦИ":"numberofpages","NUMBEROFPAGES":"numberofpages","БРОЈНАКОРИСНИЦИ":"numberofusers","NUMBEROFUSERS":"numberofusers",
"БРОЈНААКТИВНИКОРИСНИЦИ":"numberofactiveusers","NUMBEROFACTIVEUSERS":"numberofactiveusers","БРОЈСТАТИИ":"numberofarticles","БРОЈНАСТАТИИ":"numberofarticles","NUMBEROFARTICLES":"numberofarticles","БРОЈНАПОДАТОТЕКИ":"numberoffiles","NUMBEROFFILES":"numberoffiles","БРОЈНААДМИНИСТРАТОРИ":"numberofadmins","NUMBEROFADMINS":"numberofadmins","БРОЈВОГРУПА":"numberingroup","NUMBERINGROUP":"numberingroup","NUMINGROUP":"numberingroup","БРОЈНАУРЕДУВАЊА":"numberofedits","NUMBEROFEDITS":"numberofedits","ОСНОВНОПОДРЕДУВАЊЕ":"defaultsort","DEFAULTSORT":"defaultsort","DEFAULTSORTKEY":"defaultsort","DEFAULTCATEGORYSORT":"defaultsort","СТРАНИЦИВОКАТЕГОРИЈА":"pagesincategory","СТРАНИЦИВОКАТ":"pagesincategory","PAGESINCATEGORY":"pagesincategory","PAGESINCAT":"pagesincategory","ГОЛЕМИНА_НА_СТРАНИЦА":"pagesize","PAGESIZE":"pagesize",
"НИВОНАЗАШТИТА":"protectionlevel","PROTECTIONLEVEL":"protectionlevel","PROTECTIONEXPIRY":"protectionexpiry","NAMESPACEE":"namespacee","NAMESPACENUMBER":"namespacenumber","РАЗГОВОРПРОСТОР":"talkspace","TALKSPACE":"talkspace","TALKSPACEE":"talkspacee","SUBJECTSPACE":"subjectspace","ARTICLESPACE":"subjectspace","SUBJECTSPACEE":"subjectspacee","ARTICLESPACEE":"subjectspacee","СТРАНИЦА":"pagename","PAGENAME":"pagename","СТРАНИЦАИ":"pagenamee","PAGENAMEE":"pagenamee","ЦЕЛОСНОИМЕНАСТРАНИЦА":"fullpagename","FULLPAGENAME":"fullpagename","FULLPAGENAMEE":"fullpagenamee","ROOTPAGENAME":"rootpagename","ROOTPAGENAMEE":"rootpagenamee","ОСНОВНАСТРАНИЦА":"basepagename","BASEPAGENAME":"basepagename","BASEPAGENAMEE":"basepagenamee","ПОТСТРАНИЦА":"subpagename","SUBPAGENAME":"subpagename","SUBPAGENAMEE":"subpagenamee","СТРАНИЦАЗАРАЗГОВОР":"talkpagename","TALKPAGENAME":"talkpagename","TALKPAGENAMEE":
"talkpagenamee","ИМЕНАСТАТИЈА":"subjectpagename","SUBJECTPAGENAME":"subjectpagename","ARTICLEPAGENAME":"subjectpagename","SUBJECTPAGENAMEE":"subjectpagenamee","ARTICLEPAGENAMEE":"subjectpagenamee","НАЗНАКАНАПРЕРАБОТКА":"revisionid","REVISIONID":"revisionid","ДЕННАПРЕРАБОТКА":"revisionday","REVISIONDAY":"revisionday","ДЕННАПРЕРАБОТКА2":"revisionday2","REVISIONDAY2":"revisionday2","МЕСЕЦНАПРЕРАБОТКА":"revisionmonth","REVISIONMONTH":"revisionmonth","МЕСЕЦНАПРЕРАБОТКА1":"revisionmonth1","REVISIONMONTH1":"revisionmonth1","ГОДИНАНАПРЕРАБОТКА":"revisionyear","REVISIONYEAR":"revisionyear","ВРЕМЕНАПРЕРАБОТКА":"revisiontimestamp","REVISIONTIMESTAMP":"revisiontimestamp","КОРИСНИКНАНАПРЕРАБОТКА":"revisionuser","REVISIONUSER":"revisionuser","КАСКАДНИИЗВОРИ":"cascadingsources","CASCADINGSOURCES":"cascadingsources","ИМЕПРОСТОР"
:"namespace","ИМЕНСКИПРОСТОР":"namespace","NAMESPACE":"namespace","ПРИКАЖИНАСЛОВ":"displaytitle","DISPLAYTITLE":"displaytitle","!":"!","ТЕКОВЕНМЕСЕЦ":"currentmonth","CURRENTMONTH":"currentmonth","CURRENTMONTH2":"currentmonth","ТЕКОВЕНМЕСЕЦ1":"currentmonth1","CURRENTMONTH1":"currentmonth1","ТЕКОВЕНМЕСЕЦИМЕ":"currentmonthname","CURRENTMONTHNAME":"currentmonthname","ТЕКОВЕНМЕСЕЦИМЕРОД":"currentmonthnamegen","CURRENTMONTHNAMEGEN":"currentmonthnamegen","ТЕКОВЕНМЕСЕЦСКР":"currentmonthabbrev","CURRENTMONTHABBREV":"currentmonthabbrev","ТЕКОВЕНДЕН":"currentday","CURRENTDAY":"currentday","ТЕКОВЕНДЕН2":"currentday2","CURRENTDAY2":"currentday2","ТЕКОВЕНДЕНИМЕ":"currentdayname","CURRENTDAYNAME":"currentdayname","ТЕКОВНАГОДИНА":"currentyear","CURRENTYEAR":"currentyear","ТЕКОВНОВРЕМЕ":"currenttime","CURRENTTIME":"currenttime",
"ТЕКОВЕНЧАС":"currenthour","CURRENTHOUR":"currenthour","МЕСЕЦ_ЛОКАЛНО":"localmonth","LOCALMONTH":"localmonth","LOCALMONTH2":"localmonth","МЕСЕЦ_ЛОКАЛНО1":"localmonth1","LOCALMONTH1":"localmonth1","МЕСЕЦИМЕ_ЛОКАЛНО":"localmonthname","LOCALMONTHNAME":"localmonthname","МЕСЕЦИМЕ_ЛОКАЛНО_ГЕНИТИВ":"localmonthnamegen","LOCALMONTHNAMEGEN":"localmonthnamegen","МЕСЕЦИМЕ_ЛОКАЛНО_КРАТЕНКА":"localmonthabbrev","LOCALMONTHABBREV":"localmonthabbrev","ДЕН_ЛОКАЛНО":"localday","LOCALDAY":"localday","ДЕН2_ЛОКАЛНО":"localday2","LOCALDAY2":"localday2","ИМЕНАДЕН_ЛОКАЛНО":"localdayname","LOCALDAYNAME":"localdayname","ГОДИНА_ЛОКАЛНО":"localyear","LOCALYEAR":"localyear","ВРЕМЕ_ЛОКАЛНО":"localtime","LOCALTIME":"localtime","ЧАС_ЛОКАЛНО":"localhour","LOCALHOUR":"localhour","ИМЕНАМРЕЖНОМЕСТО":"sitename","SITENAME":"sitename",
"ТЕКОВНАСЕДМИЦА":"currentweek","CURRENTWEEK":"currentweek","ТЕКОВЕНДЕНВОСЕДМИЦАТА":"currentdow","CURRENTDOW":"currentdow","СЕДМИЦА_ЛОКАЛНО":"localweek","LOCALWEEK":"localweek","ЛОКАЛЕНДЕНВОСЕДМИЦАТА":"localdow","LOCALDOW":"localdow","ГОЛЕМИНАНАПРЕРАБОТКА":"revisionsize","REVISIONSIZE":"revisionsize","ТЕКОВНАВЕРЗИЈА":"currentversion","CURRENTVERSION":"currentversion","ОЗНАЧЕНОТЕКОВНОВРЕМЕ":"currenttimestamp","CURRENTTIMESTAMP":"currenttimestamp","ОЗНАЧЕНОЛОКАЛНОВРЕМЕ":"localtimestamp","LOCALTIMESTAMP":"localtimestamp","ОЗНАКАЗАНАСОКА":"directionmark","DIRECTIONMARK":"directionmark","DIRMARK":"directionmark","ЈАЗИКНАСОДРЖИНАТА":"contentlanguage","CONTENTLANGUAGE":"contentlanguage","CONTENTLANG":"contentlanguage","PAGELANGUAGE":"pagelanguage"}],"urlProtocols":
"bitcoin\\:|ftp\\:\\/\\/|ftps\\:\\/\\/|geo\\:|git\\:\\/\\/|gopher\\:\\/\\/|http\\:\\/\\/|https\\:\\/\\/|irc\\:\\/\\/|ircs\\:\\/\\/|magnet\\:|mailto\\:|mms\\:\\/\\/|news\\:|nntp\\:\\/\\/|redis\\:\\/\\/|sftp\\:\\/\\/|sip\\:|sips\\:|sms\\:|ssh\\:\\/\\/|svn\\:\\/\\/|tel\\:|telnet\\:\\/\\/|urn\\:|worldwind\\:\\/\\/|xmpp\\:|\\/\\/","linkTrailCharacters":"/^([a-zабвгдѓежзѕијклљмнњопрстќуфхцчџш]+)(.*)$/sDu"}}