{"extCodeMirrorConfig":{"pluginModules":[],"tagModes":{"ref":"text/mediawiki","pre":"mw-tag-pre","nowiki":"mw-tag-nowiki"},"tags":{"pre":true,"nowiki":true,"gallery":true,"indicator":true,"timeline":true,"hiero":true,"charinsert":true,"ref":true,"references":true,"inputbox":true,"imagemap":true,"source":true,"syntaxhighlight":true,"poem":true,"categorytree":true,"section":true,"score":true,"templatestyles":true,"templatedata":true,"math":true,"ce":true,"chem":true,"graph":true,"maplink":true,"mapframe":true},"doubleUnderscore":[{"__eisisluett__":"notoc","__notoc__":"notoc","__nogallery__":"nogallery","__sisluettpakotus__":"forcetoc","__forcetoc__":"forcetoc","__sisällysluettelo__":"toc","__toc__":"toc","__eiosiomuokkausta__":"noeditsection","__noeditsection__":"noeditsection","__notitleconvert__":"notitleconvert","__notc__":"notitleconvert","__nocontentconvert__":"nocontentconvert",
"__nocc__":"nocontentconvert"},{"__NEWSECTIONLINK__":"newsectionlink","__NONEWSECTIONLINK__":"nonewsectionlink","__PIILOLUOKKA__":"hiddencat","__HIDDENCAT__":"hiddencat","__EXPECTUNUSEDCATEGORY__":"expectunusedcategory","__INDEX__":"index","__HAKUKONEKIELTO__":"noindex","__NOINDEX__":"noindex","__STATICREDIRECT__":"staticredirect","__NOGLOBAL__":"noglobal","__DISAMBIG__":"disambiguation"}],"functionSynonyms":[{"na":"ns","ns":"ns","nse":"nse","urlencode":"urlencode","lcfirst":"lcfirst","ucfirst":"ucfirst","lc":"lc","uc":"uc","paikallinenosoite":"localurl","localurl":"localurl","paikallinenosoitee":"localurle","localurle":"localurle","täysiosoite":"fullurl","fullurl":"fullurl","täysiosoitee":"fullurle","fullurle":"fullurle","canonicalurl":"canonicalurl","canonicalurle":"canonicalurle","muotoileluku":"formatnum","formatnum":"formatnum","taivutus":"grammar","grammar":"grammar","sukupuoli":"gender","gender":"gender","monikko":"plural","plural":"plural","bidi":"bidi","#kieli":"language",
"#language":"language","padleft":"padleft","padright":"padright","anchorencode":"anchorencode","tiedostopolku":"filepath","filepath":"filepath","pageid":"pageid","int":"int","#special":"special","#speciale":"speciale","#tag":"tag","#formatdate":"formatdate","#dateformat":"formatdate","noexternallanglinks":"noexternallanglinks","#ominaisuus":"property","#property":"property","#statements":"statements","#if":"if","#ifeq":"ifeq","#switch":"switch","#ifexist":"ifexist","#ifexpr":"ifexpr","#iferror":"iferror","#time":"time","#timel":"timel","#expr":"expr","#rel2abs":"rel2abs","#titleparts":"titleparts","#categorytree":"categorytree","#lst":"lst","#section":"lst","#lstx":"lstx","#section-x":"lstx","#lsth":"lsth","#section-h":"lsth","#target":"target","#babel":"babel","#coordinates":"coordinates","#invoke":"invoke","#related":"related","articlepath":"articlepath","palvelin":"server","server":"server","palvelinnimi":"servername","servername":"servername","skriptipolku":"scriptpath",
"scriptpath":"scriptpath","stylepath":"stylepath","wbreponame":"wbreponame","numberofwikis":"numberofwikis"},{"SIVUMÄÄRÄ":"numberofpages","NUMBEROFPAGES":"numberofpages","KÄYTTÄJÄMÄÄRÄ":"numberofusers","NUMBEROFUSERS":"numberofusers","NUMBEROFACTIVEUSERS":"numberofactiveusers","ARTIKKELIMÄÄRÄ":"numberofarticles","NUMBEROFARTICLES":"numberofarticles","TIEDOSTOMÄÄRÄ":"numberoffiles","NUMBEROFFILES":"numberoffiles","YLLÄPITÄJÄMÄÄRÄ":"numberofadmins","NUMBEROFADMINS":"numberofadmins","NUMBERINGROUP":"numberingroup","NUMINGROUP":"numberingroup","MUOKKAUSMÄÄRÄ":"numberofedits","NUMBEROFEDITS":"numberofedits","AAKKOSTUS":"defaultsort","OLETUSAAKKOSTUS":"defaultsort","DEFAULTSORT":"defaultsort","DEFAULTSORTKEY":"defaultsort","DEFAULTCATEGORYSORT":"defaultsort","PAGESINCATEGORY":"pagesincategory","PAGESINCAT":"pagesincategory","SIVUKOKO":"pagesize","PAGESIZE":"pagesize","SUOJAUSTASO":"protectionlevel","PROTECTIONLEVEL":"protectionlevel","PROTECTIONEXPIRY":
"protectionexpiry","NIMIAVARUUSE":"namespacee","NAMESPACEE":"namespacee","NAMESPACENUMBER":"namespacenumber","KESKUSTELUAVARUUS":"talkspace","TALKSPACE":"talkspace","KESKUSTELUAVARUUSE":"talkspacee","TALKSPACEE":"talkspacee","AIHEAVARUUS":"subjectspace","ARTIKKELIAVARUUS":"subjectspace","SUBJECTSPACE":"subjectspace","ARTICLESPACE":"subjectspace","AIHEAVARUUSE":"subjectspacee","ARTIKKELIAVARUUSE":"subjectspacee","SUBJECTSPACEE":"subjectspacee","ARTICLESPACEE":"subjectspacee","SIVUNIMI":"pagename","PAGENAME":"pagename","SIVUNIMIE":"pagenamee","PAGENAMEE":"pagenamee","KOKOSIVUNIMI":"fullpagename","FULLPAGENAME":"fullpagename","KOKOSIVUNIMIE":"fullpagenamee","FULLPAGENAMEE":"fullpagenamee","ROOTPAGENAME":"rootpagename","ROOTPAGENAMEE":"rootpagenamee","KANTASIVUNIMI":"basepagename","BASEPAGENAME":"basepagename","KANTASIVUNIMIE":"basepagenamee","BASEPAGENAMEE":"basepagenamee","ALASIVUNIMI":"subpagename","SUBPAGENAME":"subpagename","ALASIVUNIMIE":"subpagenamee","SUBPAGENAMEE":"subpagenamee",
"KESKUSTELUSIVUNIMI":"talkpagename","TALKPAGENAME":"talkpagename","KESKUSTELUSIVUNIMIE":"talkpagenamee","TALKPAGENAMEE":"talkpagenamee","AIHESIVUNIMI":"subjectpagename","ARTIKKELISIVUNIMI":"subjectpagename","SUBJECTPAGENAME":"subjectpagename","ARTICLEPAGENAME":"subjectpagename","AIHESIVUNIMIE":"subjectpagenamee","ARTIKKELISIVUNIMIE":"subjectpagenamee","SUBJECTPAGENAMEE":"subjectpagenamee","ARTICLEPAGENAMEE":"subjectpagenamee","VERSIOID":"revisionid","REVISIONID":"revisionid","VERSIOPÄIVÄ":"revisionday","REVISIONDAY":"revisionday","VERSIOPÄIVÄ2":"revisionday2","REVISIONDAY2":"revisionday2","VERSIOKUUKAUSI":"revisionmonth","REVISIONMONTH":"revisionmonth","REVISIONMONTH1":"revisionmonth1","VERSIOVUOSI":"revisionyear","REVISIONYEAR":"revisionyear","VERSIOAIKALEIMA":"revisiontimestamp","REVISIONTIMESTAMP":"revisiontimestamp","REVISIONUSER":"revisionuser","CASCADINGSOURCES":"cascadingsources","NIMIAVARUUS":"namespace","NAMESPACE":"namespace","NÄKYVÄOTSIKKO":"displaytitle",
"DISPLAYTITLE":"displaytitle","!":"!","KULUVAKUU":"currentmonth","CURRENTMONTH":"currentmonth","CURRENTMONTH2":"currentmonth","CURRENTMONTH1":"currentmonth1","KULUVAKUUNIMI":"currentmonthname","CURRENTMONTHNAME":"currentmonthname","KULUVAKUUNIMIGEN":"currentmonthnamegen","CURRENTMONTHNAMEGEN":"currentmonthnamegen","KULUVAKUUNIMILYHYT":"currentmonthabbrev","CURRENTMONTHABBREV":"currentmonthabbrev","KULUVAPÄIVÄ":"currentday","CURRENTDAY":"currentday","KULUVAPÄIVÄ2":"currentday2","CURRENTDAY2":"currentday2","KULUVAPÄIVÄNIMI":"currentdayname","CURRENTDAYNAME":"currentdayname","KULUVAVUOSI":"currentyear","CURRENTYEAR":"currentyear","KULUVAAIKA":"currenttime","CURRENTTIME":"currenttime","KULUVATUNTI":"currenthour","CURRENTHOUR":"currenthour","PAIKALLINENKUU":"localmonth","LOCALMONTH":"localmonth","LOCALMONTH2":"localmonth","LOCALMONTH1":"localmonth1","PAIKALLINENKUUNIMI":"localmonthname","LOCALMONTHNAME":"localmonthname","PAIKALLINENKUUNIMIGEN":"localmonthnamegen","LOCALMONTHNAMEGEN":
"localmonthnamegen","PAIKALLINENKUUNIMILYHYT":"localmonthabbrev","LOCALMONTHABBREV":"localmonthabbrev","PAIKALLINENPÄIVÄ":"localday","LOCALDAY":"localday","PAIKALLINENPÄIVÄ2":"localday2","LOCALDAY2":"localday2","PAIKALLINENPÄIVÄNIMI":"localdayname","LOCALDAYNAME":"localdayname","PAIKALLINENVUOSI":"localyear","LOCALYEAR":"localyear","PAIKALLINENAIKA":"localtime","LOCALTIME":"localtime","PAIKALLINENTUNTI":"localhour","LOCALHOUR":"localhour","SIVUSTONIMI":"sitename","SITENAME":"sitename","KULUVAVIIKKO":"currentweek","CURRENTWEEK":"currentweek","KULUVAVIIKONPÄIVÄ":"currentdow","CURRENTDOW":"currentdow","PAIKALLINENVIIKKO":"localweek","LOCALWEEK":"localweek","PAIKALLINENVIIKONPÄIVÄ":"localdow","LOCALDOW":"localdow","REVISIONSIZE":"revisionsize","NYKYINENVERSIO":"currentversion","CURRENTVERSION":"currentversion","KULUVAAIKALEIMA":"currenttimestamp","CURRENTTIMESTAMP":"currenttimestamp","PAIKALLINENAIKALEIMA":"localtimestamp","LOCALTIMESTAMP":"localtimestamp","DIRECTIONMARK":
"directionmark","DIRMARK":"directionmark","CONTENTLANGUAGE":"contentlanguage","CONTENTLANG":"contentlanguage","PAGELANGUAGE":"pagelanguage"}],"urlProtocols":"bitcoin\\:|ftp\\:\\/\\/|ftps\\:\\/\\/|geo\\:|git\\:\\/\\/|gopher\\:\\/\\/|http\\:\\/\\/|https\\:\\/\\/|irc\\:\\/\\/|ircs\\:\\/\\/|magnet\\:|mailto\\:|mms\\:\\/\\/|news\\:|nntp\\:\\/\\/|redis\\:\\/\\/|sftp\\:\\/\\/|sip\\:|sips\\:|sms\\:|ssh\\:\\/\\/|svn\\:\\/\\/|tel\\:|telnet\\:\\/\\/|urn\\:|worldwind\\:\\/\\/|xmpp\\:|\\/\\/","linkTrailCharacters":"/^([a-zäö]+)(.*)$/sDu"}}