{"extCodeMirrorConfig":{"pluginModules":[],"tagModes":{"ref":"text/mediawiki","pre":"mw-tag-pre","nowiki":"mw-tag-nowiki"},"tags":{"pre":true,"nowiki":true,"gallery":true,"indicator":true,"timeline":true,"hiero":true,"charinsert":true,"ref":true,"references":true,"inputbox":true,"imagemap":true,"source":true,"syntaxhighlight":true,"poem":true,"categorytree":true,"section":true,"score":true,"templatestyles":true,"templatedata":true,"math":true,"ce":true,"chem":true,"graph":true,"maplink":true,"mapframe":true},"doubleUnderscore":[{"__কোন_বিষয়বস্তুর_ছক_নয়__":"notoc","__কোনবিষয়বস্তুরছকনয়__":"notoc","__কোন_বিষয়বস্তুর_টেবিল_নয়__":"notoc","__কোনবিষয়বস্তুরটেবিলনয়__":"notoc","__notoc__":"notoc",
"__কোনগ্যালারিনয়__":"nogallery","__কোনগ্যালারীনয়__":"nogallery","__কোন_গ্যালারি_নয়__":"nogallery","__কোন_গ্যালারী_নয়__":"nogallery","__nogallery__":"nogallery","__forcetoc__":"forcetoc","__বিষয়বস্তুর_ছক__":"toc","__বিষয়বস্তুরছক__":"toc","__বিষয়বস্তুর_টেবিল__":"toc","__বিষয়বস্তুরটেবিল__":"toc","__toc__":"toc","__কোনসম্পাদনাঅনুচ্ছেদনয়__":"noeditsection","__কোন_সম্পাদনা_অনুচ্ছেদ_নয়__":"noeditsection","__noeditsection__":"noeditsection","__কোন_শিরোনাম_রূপান্তরকারী_নয়__":"notitleconvert","__কোনশিরোনামরূপান্তরকারীনয়__":"notitleconvert","__notitleconvert__":
"notitleconvert","__notc__":"notitleconvert","__কোন_বিষয়বস্তু_রূপান্তরকারী_নয়__":"nocontentconvert","__কোনবিষয়বস্তুরূপান্তরকারীনয়__":"nocontentconvert","__nocontentconvert__":"nocontentconvert","__nocc__":"nocontentconvert"},{"__নতুন_অনুচ্ছেদের_সংযোগ__":"newsectionlink","__নতুন_অনুচ্ছেদের_লিঙ্ক__":"newsectionlink","__নতুনঅনুচ্ছেদেরসংযোগ__":"newsectionlink","__নতুনঅনুচ্ছেদেরলিঙ্ক__":"newsectionlink","__NEWSECTIONLINK__":"newsectionlink","__কোন_নতুন_অনুচ্ছেদের_সংযোগ_নয়__":"nonewsectionlink","__কোন_নতুন_অনুচ্ছেদের_লিঙ্ক_নয়__":"nonewsectionlink","__কোননতুনঅনুচ্ছেদেরসংযোগনয়__":
"nonewsectionlink","__কোননতুনঅনুচ্ছেদেরলিঙ্কনয়__":"nonewsectionlink","__NONEWSECTIONLINK__":"nonewsectionlink","__লুকায়িতবিষয়শ্রেণী__":"hiddencat","__লুক্কায়িতবিষয়শ্রেণী__":"hiddencat","__HIDDENCAT__":"hiddencat","__EXPECTUNUSEDCATEGORY__":"expectunusedcategory","__নির্ঘণ্ট__":"index","__INDEX__":"index","__কোননির্ঘণ্টনয়__":"noindex","__কোন_নির্ঘণ্ট_নয়__":"noindex","__নির্ঘণ্টনয়__":"noindex","__NOINDEX__":"noindex","__স্থির_পুনর্নির্দেশ__":"staticredirect","__স্থিরপুনর্নির্দেশ__":"staticredirect","__STATICREDIRECT__":"staticredirect","__NOGLOBAL__":"noglobal","__DISAMBIG__":"disambiguation"}],"functionSynonyms":[{"ns":"ns","nse":"nse","urlencode":"urlencode","lcfirst":"lcfirst","ucfirst":
"ucfirst","lc":"lc","uc":"uc","স্থানীয়_ইউআরএল":"localurl","স্থানীয়ইউআরএল":"localurl","localurl":"localurl","localurle":"localurle","fullurl":"fullurl","fullurle":"fullurle","canonicalurl":"canonicalurl","canonicalurle":"canonicalurle","নম্বর_বিন্যাস":"formatnum","নম্বরবিন্যাস":"formatnum","formatnum":"formatnum","ব্যাকরণ":"grammar","grammar":"grammar","লিঙ্গ":"gender","gender":"gender","বহুবচন":"plural","plural":"plural","বিআইডিআই":"bidi","bidi":"bidi","#ভাষা":"language","#language":"language","padleft":"padleft","padright":"padright","anchorencode":"anchorencode","ফাইলের_পথ":"filepath","ফাইলেরপথ":"filepath","filepath":"filepath","পাতার_আইডি":"pageid","পাতারআইডি":"pageid","পৃষ্ঠার_আইডি":"pageid","পৃষ্ঠারআইডি":
"pageid","pageid":"pageid","int":"int","#বিশেষ":"special","#special":"special","#speciale":"speciale","#ট্যাগ":"tag","#tag":"tag","#তারিখ_বিন্যাস":"formatdate","#তারিখবিন্যাস":"formatdate","#formatdate":"formatdate","#dateformat":"formatdate","noexternallanglinks":"noexternallanglinks","#property":"property","#statements":"statements","#if":"if","#ifeq":"ifeq","#switch":"switch","#ifexist":"ifexist","#ifexpr":"ifexpr","#iferror":"iferror","#time":"time","#timel":"timel","#expr":"expr","#rel2abs":"rel2abs","#titleparts":"titleparts","#বিষয়শ্রেণী_বৃক্ষ":"categorytree","#বিষয়শ্রেণীবৃক্ষ":"categorytree","#categorytree":"categorytree","#lst":"lst","#section":"lst","#lstx":"lstx","#section-x":"lstx","#lsth":"lsth","#section-h":"lsth","#লক্ষ্য":"target","#target":"target","#babel":"babel","#coordinates":"coordinates","#invoke":"invoke","#related":
"related","#pagesusingpendingchanges":"pagesusingpendingchanges","pendingchangelevel":"pendingchangelevel","নিবন্ধের_পথ":"articlepath","নিবন্ধেরপথ":"articlepath","articlepath":"articlepath","সার্ভার":"server","server":"server","সার্ভারের_নাম":"servername","সার্ভারেরনাম":"servername","servername":"servername","স্ক্রিপ্টের_পথ":"scriptpath","স্ক্রিপ্টেরপথ":"scriptpath","scriptpath":"scriptpath","শৈলীর_পথ":"stylepath","শৈলীরপথ":"stylepath","stylepath":"stylepath","wbreponame":"wbreponame","numberofwikis":"numberofwikis"},{"পাতার_সংখ্যা":"numberofpages","পাতারসংখ্যা":"numberofpages","পৃষ্ঠার_সংখ্যা":"numberofpages","পৃষ্ঠারসংখ্যা":"numberofpages","পৃষ্ঠা_সংখ্যা":"numberofpages",
"পৃষ্ঠাসংখ্যা":"numberofpages","NUMBEROFPAGES":"numberofpages","ব্যবহারকারীর_সংখ্যা":"numberofusers","ব্যবহারকারীরসংখ্যা":"numberofusers","ব্যবহারকারী_সংখ্যা":"numberofusers","ব্যবহারকারীসংখ্যা":"numberofusers","NUMBEROFUSERS":"numberofusers","সক্রিয়_ব্যবহারকারীর_সংখ্যা":"numberofactiveusers","সক্রিয়ব্যবহারকারীরসংখ্যা":"numberofactiveusers","সক্রিয়_ব্যবহারকারী_সংখ্যা":"numberofactiveusers","সক্রিয়ব্যবহারকারীসংখ্যা":"numberofactiveusers","NUMBEROFACTIVEUSERS":"numberofactiveusers","নিবন্ধের_সংখ্যা":"numberofarticles","নিবন্ধেরসংখ্যা":"numberofarticles",
"নিবন্ধ_সংখ্যা":"numberofarticles","নিবন্ধসংখ্যা":"numberofarticles","NUMBEROFARTICLES":"numberofarticles","ফাইলের_সংখ্যা":"numberoffiles","ফাইলেরসংখ্যা":"numberoffiles","ফাইল_সংখ্যা":"numberoffiles","ফাইলসংখ্যা":"numberoffiles","NUMBEROFFILES":"numberoffiles","প্রশাসকের_সংখ্যা":"numberofadmins","প্রশাসকেরসংখ্যা":"numberofadmins","প্রশাসক_সংখ্যা":"numberofadmins","প্রশাসকসংখ্যা":"numberofadmins","NUMBEROFADMINS":"numberofadmins","দলে_সংখ্যা":"numberingroup","দলেসংখ্যা":"numberingroup","NUMBERINGROUP":"numberingroup","NUMINGROUP":"numberingroup","সম্পাদনার_সংখ্যা":"numberofedits","সম্পাদনারসংখ্যা":"numberofedits",
"সম্পাদনা_সংখ্যা":"numberofedits","সম্পাদনাসংখ্যা":"numberofedits","NUMBEROFEDITS":"numberofedits","পূর্বনির্ধারিত_বাছাই":"defaultsort","পূর্বনির্ধারিতবাছাই":"defaultsort","DEFAULTSORT":"defaultsort","DEFAULTSORTKEY":"defaultsort","DEFAULTCATEGORYSORT":"defaultsort","বিষয়শ্রেণীতেপাতা":"pagesincategory","বিষয়শ্রেণীতেপৃষ্ঠা":"pagesincategory","বিষয়শ্রেণীতে_পাতা":"pagesincategory","বিষয়শ্রেণীতে_পৃষ্ঠা":"pagesincategory","PAGESINCATEGORY":"pagesincategory","PAGESINCAT":"pagesincategory","পাতার_আকার":"pagesize","পাতারআকার":"pagesize","পৃষ্ঠার_আকার":"pagesize","পৃষ্ঠারআকার":"pagesize","PAGESIZE":"pagesize",
"সুরক্ষার_স্তর":"protectionlevel","সুরক্ষারস্তর":"protectionlevel","সুরক্ষা_স্তর":"protectionlevel","সুরক্ষাস্তর":"protectionlevel","PROTECTIONLEVEL":"protectionlevel","সুরক্ষার_মেয়াদোত্তীর্ণ":"protectionexpiry","সুরক্ষারমেয়াদোত্তীর্ণ":"protectionexpiry","সুরক্ষা_মেয়াদোত্তীর্ণ":"protectionexpiry","সুরক্ষামেয়াদোত্তীর্ণ":"protectionexpiry","PROTECTIONEXPIRY":"protectionexpiry","নামস্থানন":"namespacee","NAMESPACEE":"namespacee","নামস্থানের_সংখ্যা":"namespacenumber","নামস্থানেরসংখ্যা":"namespacenumber","NAMESPACENUMBER":"namespacenumber","আলাপের_স্থান":"talkspace","আলোচনার_স্থান":"talkspace",
"আলাপেরস্থান":"talkspace","আলোচনারস্থান":"talkspace","আলাপের_জায়গা":"talkspace","আলাপেরজায়গা":"talkspace","TALKSPACE":"talkspace","আলাপের_স্থানন":"talkspacee","আলোচনার_স্থানন":"talkspacee","আলাপেরস্থানন":"talkspacee","আলোচনারস্থানন":"talkspacee","TALKSPACEE":"talkspacee","বিষয়ের_স্থান":"subjectspace","নিবন্ধের_স্থান":"subjectspace","বিষয়েরস্থান":"subjectspace","নিবন্ধেরস্থান":"subjectspace","SUBJECTSPACE":"subjectspace","ARTICLESPACE":"subjectspace","বিষয়ের_স্থানন":"subjectspacee","নিবন্ধের_স্থানন":"subjectspacee","বিষয়েরস্থানন":"subjectspacee","নিবন্ধেরস্থানন":"subjectspacee",
"SUBJECTSPACEE":"subjectspacee","ARTICLESPACEE":"subjectspacee","পাতার_নাম":"pagename","পাতারনাম":"pagename","পৃষ্ঠার_নাম":"pagename","পৃষ্ঠারনাম":"pagename","PAGENAME":"pagename","পাতার_নামম":"pagenamee","পাতারনামম":"pagenamee","পৃষ্ঠার_নামম":"pagenamee","পৃষ্ঠারনামম":"pagenamee","PAGENAMEE":"pagenamee","পূর্ণ_পাতার_নাম":"fullpagename","সম্পূর্ণ_পাতার_নাম":"fullpagename","পূর্ণপাতারনাম":"fullpagename","সম্পূর্ণপাতারনাম":"fullpagename","পূর্ণ_পৃষ্ঠার_নাম":"fullpagename","সম্পূর্ণ_পৃষ্ঠার_নাম":"fullpagename","পূর্ণপৃষ্ঠারনাম":"fullpagename","সম্পূর্ণপৃষ্ঠারনাম":"fullpagename","FULLPAGENAME":
"fullpagename","পূর্ণ_পাতার_নামম":"fullpagenamee","সম্পূর্ণ_পাতার_নামম":"fullpagenamee","পূর্ণপাতারনামম":"fullpagenamee","সম্পূর্ণপাতারনামম":"fullpagenamee","পূর্ণ_পৃষ্ঠার_নামম":"fullpagenamee","সম্পূর্ণ_পৃষ্ঠার_নামম":"fullpagenamee","পূর্ণপৃষ্ঠারনামম":"fullpagenamee","সম্পূর্ণপৃষ্ঠারনামম":"fullpagenamee","FULLPAGENAMEE":"fullpagenamee","মূল_পাতার_নাম":"rootpagename","মূলপাতারনাম":"rootpagename","মূল_পৃষ্ঠার_নাম":"rootpagename","ROOTPAGENAME":"rootpagename","মূল_পাতার_নামম":"rootpagenamee","মূলপাতারনামম":"rootpagenamee","মূল_পৃষ্ঠার_নামম":"rootpagenamee","ROOTPAGENAMEE":
"rootpagenamee","ভিত্তি_পাতার_নাম":"basepagename","ভিত্তিপাতারনাম":"basepagename","ভিত্তি_পৃষ্ঠার_নাম":"basepagename","BASEPAGENAME":"basepagename","ভিত্তি_পাতার_নামম":"basepagenamee","ভিত্তিপাতারনামম":"basepagenamee","ভিত্তি_পৃষ্ঠার_নামম":"basepagenamee","BASEPAGENAMEE":"basepagenamee","উপপাতার_নাম":"subpagename","উপপাতারনাম":"subpagename","উপপৃষ্ঠার_নাম":"subpagename","উপপৃষ্ঠারনাম":"subpagename","SUBPAGENAME":"subpagename","উপপাতার_নামম":"subpagenamee","উপপাতারনামম":"subpagenamee","উপপৃষ্ঠার_নামম":"subpagenamee","উপপৃষ্ঠারনামম":"subpagenamee","SUBPAGENAMEE":"subpagenamee","আলাপ_পাতার_নাম":
"talkpagename","আলাপপাতারনাম":"talkpagename","আলাপ_পৃষ্ঠার_নাম":"talkpagename","আলোচনা_পৃষ্ঠার_নাম":"talkpagename","আলোচনা_পাতার_নাম":"talkpagename","আলোচনাপাতারনাম":"talkpagename","TALKPAGENAME":"talkpagename","আলাপ_পাতার_নামম":"talkpagenamee","আলাপপাতারনামম":"talkpagenamee","আলাপ_পৃষ্ঠার_নামম":"talkpagenamee","আলোচনা_পৃষ্ঠার_নামম":"talkpagenamee","আলোচনা_পাতার_নামম":"talkpagenamee","আলোচনাপাতারনামম":"talkpagenamee","TALKPAGENAMEE":"talkpagenamee","বিষয়ের_পাতার_নাম":"subjectpagename","বিষয়েরপাতারনাম":"subjectpagename","বিষয়ের_পৃষ্ঠার_নাম":"subjectpagename",
"বিষয়েরপৃষ্ঠারনাম":"subjectpagename","SUBJECTPAGENAME":"subjectpagename","ARTICLEPAGENAME":"subjectpagename","বিষয়ের_পাতার_নামম":"subjectpagenamee","বিষয়েরপাতারনামম":"subjectpagenamee","বিষয়ের_পৃষ্ঠার_নামম":"subjectpagenamee","বিষয়েরপৃষ্ঠারনামম":"subjectpagenamee","SUBJECTPAGENAMEE":"subjectpagenamee","ARTICLEPAGENAMEE":"subjectpagenamee","সংশোধনের_আইডি":"revisionid","সংশোধনেরআইডি":"revisionid","REVISIONID":"revisionid","সংশোধনের_দিন":"revisionday","সংশোধনেরদিন":"revisionday","REVISIONDAY":"revisionday","সংশোধনের_দিন_২":"revisionday2","সংশোধনেরদিন২":"revisionday2","REVISIONDAY2":"revisionday2","সংশোধনের_মাস":"revisionmonth",
"সংশোধনেরমাস":"revisionmonth","REVISIONMONTH":"revisionmonth","সংশোধনের_মাস_১":"revisionmonth1","সংশোধনেরমাস১":"revisionmonth1","REVISIONMONTH1":"revisionmonth1","সংশোধনের_বছর":"revisionyear","সংশোধনেরবছর":"revisionyear","REVISIONYEAR":"revisionyear","সংশোধনের_সময়তারিখ":"revisiontimestamp","সংশোধনেরসময়তারিখ":"revisiontimestamp","REVISIONTIMESTAMP":"revisiontimestamp","সংশোধনের_ব্যবহারকারী":"revisionuser","সংশোধনেরব্যবহারকারী":"revisionuser","REVISIONUSER":"revisionuser","CASCADINGSOURCES":"cascadingsources","নামস্থান":"namespace","NAMESPACE":"namespace","প্রদর্শনের_শিরোনাম":"displaytitle","প্রদর্শনেরশিরোনাম":"displaytitle",
"প্রদর্শিত_শিরোনাম":"displaytitle","প্রদর্শিতশিরোনাম":"displaytitle","DISPLAYTITLE":"displaytitle","!":"!","চলতি_মাস":"currentmonth","চলতিমাস":"currentmonth","বর্তমান_মাস":"currentmonth","বর্তমানমাস":"currentmonth","বর্তমান_মাস_২":"currentmonth","বর্তমানমাস২":"currentmonth","CURRENTMONTH":"currentmonth","CURRENTMONTH2":"currentmonth","চলতি_মাস_১":"currentmonth1","চলতিমাস১":"currentmonth1","বর্তমান_মাস_১":"currentmonth1","বর্তমানমাস১":"currentmonth1","CURRENTMONTH1":"currentmonth1","বর্তমান_মাসের_নাম":"currentmonthname","বর্তমানমাসেরনাম":"currentmonthname","CURRENTMONTHNAME":"currentmonthname","বর্তমান_মাসের_নাম_উৎপন্ন":
"currentmonthnamegen","বর্তমানমাসেরনামউৎপন্ন":"currentmonthnamegen","CURRENTMONTHNAMEGEN":"currentmonthnamegen","বর্তমান_মাস_সংক্ষেপ":"currentmonthabbrev","বর্তমানমাসসংক্ষেপ":"currentmonthabbrev","বর্তমান_মাস_সংক্ষিপ্ত":"currentmonthabbrev","বর্তমানমাসসংক্ষিপ্ত":"currentmonthabbrev","CURRENTMONTHABBREV":"currentmonthabbrev","বর্তমান_দিন":"currentday","বর্তমানদিন":"currentday","আজকের_দিন":"currentday","আজকেরদিন":"currentday","CURRENTDAY":"currentday","বর্তমান_দিন_২":"currentday2","বর্তমানদিন২":"currentday2","আজকের_দিন_২":"currentday2","আজকেরদিন২":"currentday2","CURRENTDAY2":"currentday2","বর্তমান_দিনের_নাম":"currentdayname",
"বর্তমানদিনেরনাম":"currentdayname","আজকের_দিনের_নাম":"currentdayname","আজকেরদিনেরনাম":"currentdayname","CURRENTDAYNAME":"currentdayname","চলতি_বছর":"currentyear","চলতিবছর":"currentyear","বর্তমান_বছর":"currentyear","বর্তমানবছর":"currentyear","CURRENTYEAR":"currentyear","বর্তমান_সময়":"currenttime","বর্তমানসময়":"currenttime","এখনকার_সময়":"currenttime","এখনকারসময়":"currenttime","এখন_সময়":"currenttime","CURRENTTIME":"currenttime","বর্তমান_ঘণ্টা":"currenthour","বর্তমানঘণ্টা":"currenthour","বর্তমান_ঘন্টা":"currenthour","বর্তমানঘন্টা":"currenthour","এখনকার_ঘণ্টা":"currenthour","এখনকারঘণ্টা":"currenthour",
"CURRENTHOUR":"currenthour","স্থানীয়_মাস":"localmonth","স্থানীয়মাস":"localmonth","স্থানীয়_মাস_২":"localmonth","স্থানীয়মাস২":"localmonth","LOCALMONTH":"localmonth","LOCALMONTH2":"localmonth","স্থানীয়_মাস_১":"localmonth1","স্থানীয়মাস১":"localmonth1","LOCALMONTH1":"localmonth1","স্থানীয়_মাসের_নাম":"localmonthname","স্থানীয়মাসেরনাম":"localmonthname","LOCALMONTHNAME":"localmonthname","স্থানীয়_মাসের_নাম_উৎপন্ন":"localmonthnamegen","স্থানীয়মাসেরনামউৎপন্ন":"localmonthnamegen","LOCALMONTHNAMEGEN":"localmonthnamegen","স্থানীয়_মাস_সংক্ষেপ":"localmonthabbrev","স্থানীয়মাসসংক্ষেপ":"localmonthabbrev",
"স্থানীয়_মাস_সংক্ষিপ্ত":"localmonthabbrev","স্থানীয়মাসসংক্ষিপ্ত":"localmonthabbrev","সংক্ষেপিত_স্থানীয়_মাস":"localmonthabbrev","সংক্ষেপিতস্থানীয়মাস":"localmonthabbrev","LOCALMONTHABBREV":"localmonthabbrev","স্থানীয়_দিন":"localday","স্থানীয়দিন":"localday","স্থানীয়_বার":"localday","স্থানীয়বার":"localday","LOCALDAY":"localday","স্থানীয়_দিন_২":"localday2","স্থানীয়দিন২":"localday2","LOCALDAY2":"localday2","স্থানীয়_দিনের_নাম":"localdayname","স্থানীয়দিনেরনাম":"localdayname","LOCALDAYNAME":"localdayname","স্থানীয়_বছর":"localyear","স্থানীয়বছর":"localyear","LOCALYEAR":"localyear",
"স্থানীয়_সময়":"localtime","স্থানীয়সময়":"localtime","LOCALTIME":"localtime","স্থানীয়_ঘণ্টা":"localhour","স্থানীয়ঘণ্টা":"localhour","স্থানীয়_ঘন্টা":"localhour","স্থানীয়ঘন্টা":"localhour","LOCALHOUR":"localhour","সাইটের_নাম":"sitename","সাইটেরনাম":"sitename","SITENAME":"sitename","বর্তমান_সপ্তাহ":"currentweek","বর্তমানসপ্তাহ":"currentweek","চলতি_সপ্তাহ":"currentweek","চলতিসপ্তাহ":"currentweek","CURRENTWEEK":"currentweek","বর্তমান_সপ্তাহের_দিন":"currentdow","বর্তমানসপ্তাহেরদিন":"currentdow","CURRENTDOW":"currentdow","স্থানীয়_সপ্তাহ":"localweek","স্থানীয়সপ্তাহ":"localweek",
"LOCALWEEK":"localweek","স্থানীয়_সপ্তাহের_দিন":"localdow","স্থানীয়সপ্তাহেরদিন":"localdow","LOCALDOW":"localdow","সংশোধনের_আকার":"revisionsize","সংশোধনেরআকার":"revisionsize","REVISIONSIZE":"revisionsize","বর্তমান_সংস্করণ":"currentversion","বর্তমানসংস্করণ":"currentversion","CURRENTVERSION":"currentversion","বর্তমান_সময়তারিখ":"currenttimestamp","CURRENTTIMESTAMP":"currenttimestamp","স্থানীয়_সময়তারিখ":"localtimestamp","স্থানীয়সময়তারিখ":"localtimestamp","LOCALTIMESTAMP":"localtimestamp","DIRECTIONMARK":"directionmark","DIRMARK":"directionmark","বিষয়বস্তুর_ভাষা":"contentlanguage","বিষয়বস্তুরভাষা":"contentlanguage","CONTENTLANGUAGE":"contentlanguage"
,"CONTENTLANG":"contentlanguage","PAGELANGUAGE":"pagelanguage"}],"urlProtocols":"bitcoin\\:|ftp\\:\\/\\/|ftps\\:\\/\\/|geo\\:|git\\:\\/\\/|gopher\\:\\/\\/|http\\:\\/\\/|https\\:\\/\\/|irc\\:\\/\\/|ircs\\:\\/\\/|magnet\\:|mailto\\:|mms\\:\\/\\/|news\\:|nntp\\:\\/\\/|redis\\:\\/\\/|sftp\\:\\/\\/|sip\\:|sips\\:|sms\\:|ssh\\:\\/\\/|svn\\:\\/\\/|tel\\:|telnet\\:\\/\\/|urn\\:|worldwind\\:\\/\\/|xmpp\\:|\\/\\/","linkTrailCharacters":"/^([\\x{0980}-\\x{09FF}]+)(.*)$/sDu"}}