{"extCodeMirrorConfig":{"pluginModules":[],"tagModes":{"ref":"text/mediawiki","pre":"mw-tag-pre","nowiki":"mw-tag-nowiki"},"tags":{"pre":true,"nowiki":true,"gallery":true,"indicator":true,"timeline":true,"hiero":true,"charinsert":true,"ref":true,"references":true,"inputbox":true,"imagemap":true,"source":true,"syntaxhighlight":true,"poem":true,"categorytree":true,"section":true,"score":true,"templatestyles":true,"templatedata":true,"math":true,"ce":true,"chem":true,"graph":true,"maplink":true,"mapframe":true},"doubleUnderscore":[{"__nion_somèro__":"notoc","__niona_trâbla__":"notoc","__aucunsommaire__":"notoc","__aucunetdm__":"notoc","__notoc__":"notoc","__niona_galerie__":"nogallery","__aucunegalerie__":"nogallery","__nogallery__":"nogallery","__forciér_lo_somèro__":"forcetoc","__forciér_la_trâbla__":"forcetoc","__forcersommaire__":"forcetoc","__forcertdm__":"forcetoc","__forcetoc__":
"forcetoc","__somèro__":"toc","__trâbla__":"toc","__sommaire__":"toc","__tdm__":"toc","__toc__":"toc","__sèccion_que_pôt_pas_étre_changiê__":"noeditsection","__sectionnoneditable__":"noeditsection","__noeditsection__":"noeditsection","__sen_convèrsion_de_titro__":"notitleconvert","__sencdt__":"notitleconvert","__sansconversiontitre__":"notitleconvert","__sansct__":"notitleconvert","__notitleconvert__":"notitleconvert","__notc__":"notitleconvert","__sen_convèrsion_de_contegnu__":"nocontentconvert","__sencdc__":"nocontentconvert","__sansconversioncontenu__":"nocontentconvert","__sanscc__":"nocontentconvert","__nocontentconvert__":"nocontentconvert","__nocc__":"nocontentconvert"},{"__LIM_DE_NOVÈLA_SÈCCION__":"newsectionlink","__LIENNOUVELLESECTION__":"newsectionlink","__NEWSECTIONLINK__":"newsectionlink","__NION_LIM_DE_NOVÈLA_SÈCCION__":"nonewsectionlink","__AUCUNLIENNOUVELLESECTION__":"nonewsectionlink","__NONEWSECTIONLINK__":"nonewsectionlink","__CATÈGORIE_CACHIÊ__":
"hiddencat","__CATCACHEE__":"hiddencat","__HIDDENCAT__":"hiddencat","__EXPECTUNUSEDCATEGORY__":"expectunusedcategory","__ENDÈXE__":"index","__INDEX__":"index","__NION_ENDÈXE__":"noindex","__AUCUNINDEX__":"noindex","__NOINDEX__":"noindex","__REDIRÈCCION_IMOBILA__":"staticredirect","__REDIRECTIONSTATIQUE__":"staticredirect","__STATICREDIRECT__":"staticredirect","__NOGLOBAL__":"noglobal","__DISAMBIG__":"disambiguation"}],"functionSynonyms":[{"èdn":"ns","espacen":"ns","ns":"ns","èdn_url":"nse","espacenx":"nse","nse":"nse","url_encodâ":"urlencode","encodeurl":"urlencode","urlencode":"urlencode","premiére_petiôta_lètra":"lcfirst","initminus":"lcfirst","lcfirst":"lcfirst","premiére_granta_lètra":"ucfirst","initmajus":"ucfirst","initcapit":"ucfirst","ucfirst":"ucfirst","petiôta_lètra":"lc","minus":"lc","lc":"lc","granta_lètra":"uc","majus":"uc","capit":"uc","uc":"uc","url_locala":"localurl","urllocale":"localurl","localurl":"localurl","url_locala_url":"localurle","urllocalex":
"localurle","localurle":"localurle","url_complèta":"fullurl","urlcomplete":"fullurl","fullurl":"fullurl","url_complèta_url":"fullurle","urlcompletex":"fullurle","fullurle":"fullurle","urlcanonique":"canonicalurl","canonicalurl":"canonicalurl","urlcanoniquex":"canonicalurle","canonicalurle":"canonicalurle","format_nombro":"formatnum","formatnombre":"formatnum","formatnum":"formatnum","gramère":"grammar","grammaire":"grammar","grammar":"grammar","genro":"gender","genre":"gender","gender":"gender","plurâl":"plural","pluriel":"plural","plural":"plural","bidi":"bidi","#lengoua":"language","#langue":"language","#language":"language","borrâjo_a_gôche":"padleft","bourragegauche":"padleft","bourregauche":"padleft","padleft":"padleft","borrâjo_a_drêta":"padright","bourragedroite":"padright","bourredroite":"padright","padright":"padright","ancro_encodâ":"anchorencode","encodeancre":"anchorencode","anchorencode":"anchorencode","chemin_d_accès":"filepath","chemin":"filepath","filepath":
"filepath","idpage":"pageid","pageid":"pageid","ent":"int","int":"int","#spèciâl":"special","#spécial":"special","#special":"special","#spéciale":"speciale","#speciale":"speciale","#balisa":"tag","#balise":"tag","#tag":"tag","#format_de_dâta":"formatdate","#formatdate":"formatdate","#dateformat":"formatdate","sanslienexterne":"noexternallanglinks","noexternallanglinks":"noexternallanglinks","#propriété":"property","#property":"property","#statements":"statements","#si":"if","#if":"if","#si=":"ifeq","#ifeq":"ifeq","#selon":"switch","#switch":"switch","#siexiste":"ifexist","#ifexist":"ifexist","#siexpr":"ifexpr","#ifexpr":"ifexpr","#sierreur":"iferror","#iferror":"iferror","#heure":"time","#time":"time","#heurel":"timel","#timel":"timel","#expr":"expr","#relenabs":"rel2abs","#rel2abs":"rel2abs","#partiestitre":"titleparts","#titleparts":"titleparts","#arbrecatégories":"categorytree","#arbrecats":"categorytree","#categorytree":"categorytree","#lst":"lst","#section":"lst","#lstx":
"lstx","#section-x":"lstx","#lsth":"lsth","#section-h":"lsth","#target":"target","#babél":"babel","#babel":"babel","#coordinates":"coordinates","#invoque":"invoke","#invoke":"invoke","#related":"related","chemin_de_l_articllo":"articlepath","cheminarticle":"articlepath","articlepath":"articlepath","sèrvor":"server","serveur":"server","server":"server","nom_du_sèrvor":"servername","nomserveur":"servername","servername":"servername","chemin_du_scripte":"scriptpath","cheminscript":"scriptpath","scriptpath":"scriptpath","chemin_du_stilo":"stylepath","cheminstyle":"stylepath","stylepath":"stylepath","wbreponame":"wbreponame","numberofwikis":"numberofwikis"},{"NOMBRO_DE_PÂGES":"numberofpages","NOMBREPAGES":"numberofpages","NUMBEROFPAGES":"numberofpages","NOMBRO_D_USANCIÉRS":"numberofusers","NOMBREUTILISATEURS":"numberofusers","NUMBEROFUSERS":"numberofusers","NOMBRO_D_USANCIÉRS_ACTIFS":"numberofactiveusers","NOMBREUTILISATEURSACTIFS":"numberofactiveusers","NUMBEROFACTIVEUSERS":
"numberofactiveusers","NOMBRO_D_ARTICLLOS":"numberofarticles","NOMBREARTICLES":"numberofarticles","NUMBEROFARTICLES":"numberofarticles","NOMBRO_DE_FICHIÉRS":"numberoffiles","NOMBREFICHIERS":"numberoffiles","NUMBEROFFILES":"numberoffiles","NOMBRO_D_ADMINS":"numberofadmins","NOMBREADMINS":"numberofadmins","NUMBEROFADMINS":"numberofadmins","NOMBRO_D_USANCIÉRS_DENS_LA_TROPA":"numberingroup","NOMBREDANSGROUPE":"numberingroup","NBDANSGROUPE":"numberingroup","NUMBERINGROUP":"numberingroup","NUMINGROUP":"numberingroup","NOMBRO_DE_CHANGEMENTS":"numberofedits","NOMBREMODIFS":"numberofedits","NUMBEROFEDITS":"numberofedits","CLLÂF_DE_TRI":"defaultsort","CLEFDETRI":"defaultsort","CLEDETRI":"defaultsort","DEFAULTSORT":"defaultsort","DEFAULTSORTKEY":"defaultsort","DEFAULTCATEGORYSORT":"defaultsort","PÂGES_DENS_LA_CATÈGORIE":"pagesincategory","PAGESDANSCAT":"pagesincategory","PAGESINCATEGORY":"pagesincategory","PAGESINCAT":"pagesincategory","TALYE_DE_LA_PÂGE":"pagesize","TAILLEPAGE":"pagesize",
"PAGESIZE":"pagesize","NIVÉL_DE_PROTÈCCION":"protectionlevel","NIVEAUDEPROTECTION":"protectionlevel","PROTECTIONLEVEL":"protectionlevel","PROTECTIONEXPIRY":"protectionexpiry","ÈSPÂÇO_DE_NOMS_URL":"namespacee","ESPACENOMMAGEX":"namespacee","NAMESPACEE":"namespacee","NOMBREESPACENOMMAGE":"namespacenumber","NAMESPACENUMBER":"namespacenumber","ÈSPÂÇO_DE_DISCUSSION":"talkspace","ESPACEDISCUSSION":"talkspace","TALKSPACE":"talkspace","ÈSPÂÇO_DE_DISCUSSION_URL":"talkspacee","ESPACEDISCUSSIONX":"talkspacee","TALKSPACEE":"talkspacee","ÈSPÂÇO_DU_SUJÈT":"subjectspace","ÈSPÂÇO_DE_L_ARTICLLO":"subjectspace","ESPACESUJET":"subjectspace","ESPACEARTICLE":"subjectspace","SUBJECTSPACE":"subjectspace","ARTICLESPACE":"subjectspace","ÈSPÂÇO_DU_SUJÈT_URL":"subjectspacee","ÈSPÂÇO_DE_L_ARTICLLO_URL":"subjectspacee","ESPACESUJETX":"subjectspacee","ESPACEARTICLEX":"subjectspacee","SUBJECTSPACEE":"subjectspacee","ARTICLESPACEE":"subjectspacee","NOM_DE_LA_PÂGE":"pagename","NOMPAGE":
"pagename","PAGENAME":"pagename","NOM_DE_LA_PÂGE_URL":"pagenamee","NOMPAGEX":"pagenamee","PAGENAMEE":"pagenamee","NOM_COMPLÈT_DE_LA_PÂGE":"fullpagename","NOMPAGECOMPLET":"fullpagename","FULLPAGENAME":"fullpagename","NOM_COMPLÈT_DE_LA_PÂGE_URL":"fullpagenamee","NOMPAGECOMPLETX":"fullpagenamee","FULLPAGENAMEE":"fullpagenamee","NOMPAGERACINE":"rootpagename","ROOTPAGENAME":"rootpagename","NOMPAGERACINEX":"rootpagenamee","ROOTPAGENAMEE":"rootpagenamee","NOM_DE_LA_PÂGE_DE_BÂSA":"basepagename","NOMBASEDEPAGE":"basepagename","BASEPAGENAME":"basepagename","NOM_DE_LA_PÂGE_DE_BÂSA_URL":"basepagenamee","NOMBASEDEPAGEX":"basepagenamee","BASEPAGENAMEE":"basepagenamee","NOM_DE_LA_SOT_PÂGE":"subpagename","NOMSOUSPAGE":"subpagename","SUBPAGENAME":"subpagename","NOM_DE_LA_SOT_PÂGE_URL":"subpagenamee","NOMSOUSPAGEX":"subpagenamee","SUBPAGENAMEE":"subpagenamee","NOM_DE_LA_PÂGE_DE_DISCUSSION":"talkpagename","NOMPAGEDISCUSSION":"talkpagename","TALKPAGENAME":"talkpagename",
"NOM_DE_LA_PÂGE_DE_DISCUSSION_URL":"talkpagenamee","NOMPAGEDISCUSSIONX":"talkpagenamee","TALKPAGENAMEE":"talkpagenamee","NOM_DE_LA_PÂGE_DU_SUJÈT":"subjectpagename","NOM_DE_LA_PÂGE_DE_L_ARTICLLO":"subjectpagename","NOMPAGESUJET":"subjectpagename","NOMPAGEARTICLE":"subjectpagename","SUBJECTPAGENAME":"subjectpagename","ARTICLEPAGENAME":"subjectpagename","NOM_DE_LA_PÂGE_DU_SUJÈT_URL":"subjectpagenamee","NOM_DE_LA_PÂGE_DE_L_ARTICLLO_URL":"subjectpagenamee","NOMPAGESUJETX":"subjectpagenamee","NOMPAGEARTICLEX":"subjectpagenamee","SUBJECTPAGENAMEE":"subjectpagenamee","ARTICLEPAGENAMEE":"subjectpagenamee","NUMERÔ_DE_LA_VÈRSION":"revisionid","IDVERSION":"revisionid","REVISIONID":"revisionid","JORN_DE_LA_VÈRSION":"revisionday","JOURVERSION":"revisionday","JOUR1VERSION":"revisionday","REVISIONDAY":"revisionday","JORN_DE_LA_VÈRSION_2":"revisionday2","JOUR2VERSION":"revisionday2","REVISIONDAY2":"revisionday2","MÊS_DE_LA_VÈRSION":"revisionmonth","MOISVERSION":"revisionmonth",
"REVISIONMONTH":"revisionmonth","MÊS_DE_LA_VÈRSION_1":"revisionmonth1","MOISVERSION1":"revisionmonth1","REVISIONMONTH1":"revisionmonth1","AN_DE_LA_VÈRSION":"revisionyear","ANNEEVERSION":"revisionyear","REVISIONYEAR":"revisionyear","DÂTA_ET_HORA_DE_LA_VÈRSION":"revisiontimestamp","INSTANTVERSION":"revisiontimestamp","REVISIONTIMESTAMP":"revisiontimestamp","USANCIÉR_DE_LA_VÈRSION":"revisionuser","UTILISATEURVERSION":"revisionuser","REVISIONUSER":"revisionuser","CASCADINGSOURCES":"cascadingsources","ÈSPÂÇO_DE_NOMS":"namespace","ESPACENOMMAGE":"namespace","NAMESPACE":"namespace","FÂRE_VÊRE_LO_TITRO":"displaytitle","AFFICHERTITRE":"displaytitle","DISPLAYTITLE":"displaytitle","!":"!","MÊS_D_ORA":"currentmonth","MÊS_D_ORA_2":"currentmonth","MOISACTUEL":"currentmonth","MOIS2ACTUEL":"currentmonth","CURRENTMONTH":"currentmonth","CURRENTMONTH2":"currentmonth","MÊS_D_ORA_1":"currentmonth1","MOIS1ACTUEL":"currentmonth1","CURRENTMONTH1":"currentmonth1","NOM_DU_MÊS_D_ORA":
"currentmonthname","NOMMOISACTUEL":"currentmonthname","CURRENTMONTHNAME":"currentmonthname","GÈNITIF_DU_NOM_DU_MÊS_D_ORA":"currentmonthnamegen","NOMGENMOISACTUEL":"currentmonthnamegen","CURRENTMONTHNAMEGEN":"currentmonthnamegen","ABRÈV_DU_MÊS_D_ORA":"currentmonthabbrev","ABREVMOISACTUEL":"currentmonthabbrev","CURRENTMONTHABBREV":"currentmonthabbrev","JORN_D_ORA":"currentday","JOURACTUEL":"currentday","JOUR1ACTUEL":"currentday","CURRENTDAY":"currentday","JORN_D_ORA_2":"currentday2","JOUR2ACTUEL":"currentday2","CURRENTDAY2":"currentday2","NOM_DU_JORN_D_ORA":"currentdayname","NOMJOURACTUEL":"currentdayname","CURRENTDAYNAME":"currentdayname","AN_D_ORA":"currentyear","ANNEEACTUELLE":"currentyear","CURRENTYEAR":"currentyear","HORÈRO_D_ORA":"currenttime","HORAIREACTUEL":"currenttime","CURRENTTIME":"currenttime","HORA_D_ORA":"currenthour","HEUREACTUELLE":"currenthour","CURRENTHOUR":"currenthour","MÊS_LOCAL":"localmonth","MÊS_LOCAL_2":"localmonth","MOISLOCAL":"localmonth","MOIS2LOCAL":
"localmonth","LOCALMONTH":"localmonth","LOCALMONTH2":"localmonth","MÊS_LOCAL_1":"localmonth1","MOIS1LOCAL":"localmonth1","LOCALMONTH1":"localmonth1","NOM_DU_MÊS_LOCAL":"localmonthname","NOMMOISLOCAL":"localmonthname","LOCALMONTHNAME":"localmonthname","GÈNITIF_DU_NOM_DU_MÊS_LOCAL":"localmonthnamegen","NOMGENMOISLOCAL":"localmonthnamegen","LOCALMONTHNAMEGEN":"localmonthnamegen","ABRÈV_DU_MÊS_LOCAL":"localmonthabbrev","ABREVMOISLOCAL":"localmonthabbrev","LOCALMONTHABBREV":"localmonthabbrev","JORN_LOCAL":"localday","JOURLOCAL":"localday","JOUR1LOCAL":"localday","LOCALDAY":"localday","JORN_LOCAL_2":"localday2","JOUR2LOCAL":"localday2","LOCALDAY2":"localday2","NOM_DU_JORN_LOCAL":"localdayname","NOMJOURLOCAL":"localdayname","LOCALDAYNAME":"localdayname","AN_LOCAL":"localyear","ANNEELOCALE":"localyear","LOCALYEAR":"localyear","HORÈRO_LOCAL":"localtime","HORAIRELOCAL":"localtime","LOCALTIME":"localtime","HORA_LOCALA":"localhour","HEURELOCALE":"localhour","LOCALHOUR":"localhour",
"NOM_DU_SETO":"sitename","NOMSITE":"sitename","SITENAME":"sitename","SEMANA_D_ORA":"currentweek","SEMAINEACTUELLE":"currentweek","CURRENTWEEK":"currentweek","JDS_D_ORA":"currentdow","JDSACTUEL":"currentdow","CURRENTDOW":"currentdow","SEMANA_LOCALA":"localweek","SEMAINELOCALE":"localweek","LOCALWEEK":"localweek","JDS_LOCAL":"localdow","JDSLOCAL":"localdow","LOCALDOW":"localdow","REVISIONSIZE":"revisionsize","VÈRSION_D_ORA":"currentversion","VERSIONACTUELLE":"currentversion","CURRENTVERSION":"currentversion","DÂTA_ET_HORA_D_ORA":"currenttimestamp","INSTANTACTUEL":"currenttimestamp","CURRENTTIMESTAMP":"currenttimestamp","DÂTA_ET_HORA_LOCALA":"localtimestamp","INSTANTLOCAL":"localtimestamp","LOCALTIMESTAMP":"localtimestamp","MÂRCA_DE_DIRÈCCION":"directionmark","MARQUEDIRECTION":"directionmark","MARQUEDIR":"directionmark","DIRECTIONMARK":"directionmark","DIRMARK":"directionmark","LENGOUA_DU_CONTEGNU":"contentlanguage","LANGUECONTENU":"contentlanguage","LANGCONTENU":"contentlanguage",
"CONTENTLANGUAGE":"contentlanguage","CONTENTLANG":"contentlanguage","PAGELANGUAGE":"pagelanguage"}],"urlProtocols":"bitcoin\\:|ftp\\:\\/\\/|ftps\\:\\/\\/|geo\\:|git\\:\\/\\/|gopher\\:\\/\\/|http\\:\\/\\/|https\\:\\/\\/|irc\\:\\/\\/|ircs\\:\\/\\/|magnet\\:|mailto\\:|mms\\:\\/\\/|news\\:|nntp\\:\\/\\/|redis\\:\\/\\/|sftp\\:\\/\\/|sip\\:|sips\\:|sms\\:|ssh\\:\\/\\/|svn\\:\\/\\/|tel\\:|telnet\\:\\/\\/|urn\\:|worldwind\\:\\/\\/|xmpp\\:|\\/\\/","linkTrailCharacters":"/^([a-zàâçéèêîœôû·’æäåāăëēïīòöōùü‘]+)(.*)$/sDu"}}