{"extCodeMirrorConfig":{"pluginModules":[],"tagModes":{"ref":"text/mediawiki","pre":"mw-tag-pre","nowiki":"mw-tag-nowiki"},"tags":{"pre":true,"nowiki":true,"gallery":true,"indicator":true,"timeline":true,"hiero":true,"charinsert":true,"ref":true,"references":true,"inputbox":true,"imagemap":true,"source":true,"syntaxhighlight":true,"poem":true,"categorytree":true,"section":true,"score":true,"templatestyles":true,"templatedata":true,"math":true,"ce":true,"chem":true,"graph":true,"maplink":true,"mapframe":true},"doubleUnderscore":[{"__gienonderwarpen__":"notoc","__geeninhoud__":"notoc","__notoc__":"notoc","__giengallerieje__":"nogallery","__giengalderieje__":"nogallery","__geen_galerij__":"nogallery","__nogallery__":"nogallery","__forseeronderwarpen_":"forcetoc","__inhoud_dwingen__":"forcetoc","__forceerinhoud__":"forcetoc","__forcetoc__":"forcetoc","__onderwarpen__":"toc","__inhoud__":"toc",
"__toc__":"toc","__gienbewarkseksie__":"noeditsection","__nietbewerkbaresectie__":"noeditsection","__noeditsection__":"noeditsection","__gientitelkonversie__":"notitleconvert","__gientk__":"notitleconvert","__geenpaginanaamconversie__":"notitleconvert","__geentitelconversie__":"notitleconvert","__geentc__":"notitleconvert","__notitleconvert__":"notitleconvert","__notc__":"notitleconvert","__gieninhoudkonversie__":"nocontentconvert","__gienik__":"nocontentconvert","__geeninhoudconversie__":"nocontentconvert","__geenic__":"nocontentconvert","__nocontentconvert__":"nocontentconvert","__nocc__":"nocontentconvert"},{"__NIEJESEKSIEVERWIEZING__":"newsectionlink","__NIEUWESECTIELINK__":"newsectionlink","__NIEUWESECTIEKOPPELING__":"newsectionlink","__NEWSECTIONLINK__":"newsectionlink","__GIENNIEJKOPJENVERWIEZING__":"nonewsectionlink","__GEENNIEUWKOPJEKOPPELING__":"nonewsectionlink","__GEENNIEUWESECTIELINK__":"nonewsectionlink","__GEENNIEUWKOPJEVERWIJZING__":"nonewsectionlink",
"__NONEWSECTIONLINK__":"nonewsectionlink","__VERBÖRGENKAT__":"hiddencat","__VERBORGENCAT__":"hiddencat","__HIDDENCAT__":"hiddencat","__EXPECTUNUSEDCATEGORY__":"expectunusedcategory","__INDEX__":"index","__GIENINDEX__":"noindex","__GEENINDEX__":"noindex","__NOINDEX__":"noindex","__STAOTIESEDEURVERWIEZING__":"staticredirect","__STATISCHEDOORVERWIJZING__":"staticredirect","__STATISCHEREDIRECT__":"staticredirect","__STATICREDIRECT__":"staticredirect","__NOGLOBAL__":"noglobal","__DISAMBIG__":"disambiguation"}],"functionSynonyms":[{"nr":"ns","ns":"ns","nre":"nse","nse":"nse","urlkoderen":"urlencode","urlcoderen":"urlencode","codeerurl":"urlencode","urlencode":"urlencode","kleerste":"lcfirst","lcfirst":"lcfirst","gleerste":"ucfirst","hleerste":"ucfirst","ucfirst":"ucfirst","kl":"lc","lc":"lc","hl":"uc","uc":"uc","lokaleurl":"localurl","localurl":"localurl","lokaleurle":"localurle","localurle":"localurle","heleurl":"fullurl","volledigeurl":"fullurl","fullurl":"fullurl","heleurle":"fullurle",
"volledigeurle":"fullurle","fullurle":"fullurle","canoiekeurl":"canonicalurl","canonicalurl":"canonicalurl","canoniekeurle":"canonicalurle","canonicalurle":"canonicalurle","formatteernum":"formatnum","numformatteren":"formatnum","formatnum":"formatnum","grammatika":"grammar","grammatica":"grammar","grammar":"grammar","geslachte":"gender","geslacht":"gender","gender":"gender","meervoud":"plural","plural":"plural","bidi":"bidi","#taal":"language","#language":"language","linksopvullen":"padleft","padleft":"padleft","rechtsopvullen":"padright","padright":"padright","ankerkoderen":"anchorencode","ankercoderen":"anchorencode","codeeranker":"anchorencode","anchorencode":"anchorencode","bestaandspad":"filepath","bestandspad":"filepath","filepath":"filepath","paginaid":"pageid","pageid":"pageid","int":"int","#spesiaal":"special","#speciaal":"special","#special":"special","#speciaale":"speciale","#speciale":"speciale","#etiket":"tag","#label":"tag","#tag":"tag","#daotumopmaak":"formatdate",
"#datumopmaak":"formatdate","#formatdate":"formatdate","#dateformat":"formatdate","geenexternetaalkoppelingen":"noexternallanglinks","geenexternetaalverwijzingen":"noexternallanglinks","noexternallanglinks":"noexternallanglinks","#eigenschap":"property","#property":"property","#statements":"statements","#as":"if","#als":"if","#if":"if","#asgelieke":"ifeq","#alsgelijk":"ifeq","#ifeq":"ifeq","#schakelen":"switch","#switch":"switch","#asbesteet":"ifexist","#alsbestaat":"ifexist","#ifexist":"ifexist","#asexpressie":"ifexpr","#alsexpressie":"ifexpr","#ifexpr":"ifexpr","#asfout":"iferror","#alsfout":"iferror","#iferror":"iferror","#tied":"time","#tijd":"time","#time":"time","#tiedl":"timel","#tijdl":"timel","#timel":"timel","#expressie":"expr","#expr":"expr","#relatiefnaorabseluut":"rel2abs","#relatiefnaarabsoluut":"rel2abs","#rel2abs":"rel2abs","#paginanaamdelen":"titleparts","#titleparts":"titleparts","#kategorieboom":"categorytree","#categorieboom":"categorytree","#categorytree":
"categorytree","#lst":"lst","#section":"lst","#lstx":"lstx","#section-x":"lstx","#lsth":"lsth","#section-h":"lsth","#target":"target","#babel":"babel","#coordinates":"coordinates","#aanroepen":"invoke","#invoke":"invoke","#related":"related","artikelpad":"articlepath","articlepath":"articlepath","server":"server","servernaam":"servername","servername":"servername","skriptpad":"scriptpath","scriptpad":"scriptpath","scriptpath":"scriptpath","stielpad":"stylepath","stijlpad":"stylepath","stylepath":"stylepath","wbreponame":"wbreponame","numberofwikis":"numberofwikis"},{"ANTALZIEJEN":"numberofpages","AANTALPAGINAS":"numberofpages","AANTALPAGINA'S":"numberofpages","AANTALPAGINA’S":"numberofpages","NUMBEROFPAGES":"numberofpages","ANTALGEBRUKERS":"numberofusers","AANTALGEBRUIKERS":"numberofusers","NUMBEROFUSERS":"numberofusers","ANTALAKTIEVEGEBRUKERS":"numberofactiveusers","AANTALACTIEVEGEBRUIKERS":"numberofactiveusers","ACTIEVEGEBRUIKERS":"numberofactiveusers","NUMBEROFACTIVEUSERS":
"numberofactiveusers","ANTALARTIKELS":"numberofarticles","AANTALARTIKELEN":"numberofarticles","NUMBEROFARTICLES":"numberofarticles","ANTALBESTANDEN":"numberoffiles","AANTALBESTANDEN":"numberoffiles","NUMBEROFFILES":"numberoffiles","ANTALBEHEERDERS":"numberofadmins","AANTALBEHEERDERS":"numberofadmins","AANTALADMINS":"numberofadmins","NUMBEROFADMINS":"numberofadmins","ANTALINGROEP":"numberingroup","AANTALINGROEP":"numberingroup","NUMBERINGROUP":"numberingroup","NUMINGROUP":"numberingroup","ANTALBEWARKINGEN":"numberofedits","AANTALBEWERKINGEN":"numberofedits","NUMBEROFEDITS":"numberofedits","STANDARDSORTERING":"defaultsort","STANDAARDSORTERING":"defaultsort","DEFAULTSORT":"defaultsort","DEFAULTSORTKEY":"defaultsort","DEFAULTCATEGORYSORT":"defaultsort","ZIEJENINKATEGORIE":"pagesincategory","PAGINASINCATEGORIE":"pagesincategory","PAGINASINCAT":"pagesincategory","PAGESINCATEGORY":"pagesincategory","PAGESINCAT":"pagesincategory","ZIEDGROOTTE":"pagesize","PAGINAGROOTTE":"pagesize","PAGESIZE":
"pagesize","BEVEILIGINGSNIVO":"protectionlevel","BEVEILIGINGSNIVEAU":"protectionlevel","PROTECTIONLEVEL":"protectionlevel","PROTECTIONEXPIRY":"protectionexpiry","NAAMRUUMTEE":"namespacee","NAAMRUIMTEE":"namespacee","NAMESPACEE":"namespacee","NAAMRUUMTENUMMER":"namespacenumber","NAAMRUIMTENUMMER":"namespacenumber","NAMESPACENUMBER":"namespacenumber","OVERLEGRUUMTE":"talkspace","OVERLEGRUIMTE":"talkspace","TALKSPACE":"talkspace","OVERLEGRUUMTEE":"talkspacee","OVERLEGRUIMTEE":"talkspacee","TALKSPACEE":"talkspacee","ONDERWARPRUUMTE":"subjectspace","ARTIKELRUUMTE":"subjectspace","ONDERWERPRUIMTE":"subjectspace","ARTIKELRUIMTE":"subjectspace","SUBJECTSPACE":"subjectspace","ARTICLESPACE":"subjectspace","ONDERWARPRUUMTEE":"subjectspacee","ARTIKELRUUMTEE":"subjectspacee","ONDERWERPRUIMTEE":"subjectspacee","ARTIKELRUIMTEE":"subjectspacee","SUBJECTSPACEE":"subjectspacee","ARTICLESPACEE":"subjectspacee","ZIEDNAAM":"pagename","PAGINANAAM":"pagename","PAGENAME":"pagename","ZIEDNAAME":"pagenamee",
"PAGINANAAME":"pagenamee","PAGENAMEE":"pagenamee","HELEZIEDNAAM":"fullpagename","VOLLEDIGEPAGINANAAM":"fullpagename","FULLPAGENAME":"fullpagename","HELEZIEDNAAME":"fullpagenamee","VOLLEDIGEPAGINANAAME":"fullpagenamee","FULLPAGENAMEE":"fullpagenamee","ROOTZIEDNAAM":"rootpagename","ROOTPAGINANAAM":"rootpagename","ROOTPAGENAME":"rootpagename","ROOTZIEDNAAME":"rootpagenamee","ROOTPAGINANAAME":"rootpagenamee","ROOTPAGENAMEE":"rootpagenamee","BAOSISPAGINANAAM":"basepagename","BASISPAGINANAAM":"basepagename","BASEPAGENAME":"basepagename","BAOSISPAGINANAAME":"basepagenamee","BASISPAGINANAAME":"basepagenamee","BASEPAGENAMEE":"basepagenamee","DEELZIEDNAAM":"subpagename","DEELPAGINANAAM":"subpagename","SUBPAGENAME":"subpagename","DEELZIEDNAAME":"subpagenamee","DEELPAGINANAAME":"subpagenamee","SUBPAGENAMEE":"subpagenamee","OVERLEGPAGINANAAM":"talkpagename","TALKPAGENAME":"talkpagename","OVERLEGPAGINANAAME":"talkpagenamee","TALKPAGENAMEE":"talkpagenamee","ONDERWARPZIEDNAAM":"subjectpagename",
"ARTIKELZIEDNAAM":"subjectpagename","ONDERWERPPAGINANAAM":"subjectpagename","ARTIKELPAGINANAAM":"subjectpagename","SUBJECTPAGENAME":"subjectpagename","ARTICLEPAGENAME":"subjectpagename","ONDERWARZIEDNAAME":"subjectpagenamee","ARTIKELZIEDNAAME":"subjectpagenamee","ONDERWERPPAGINANAAME":"subjectpagenamee","ARTIKELPAGINANAAME":"subjectpagenamee","SUBJECTPAGENAMEE":"subjectpagenamee","ARTICLEPAGENAMEE":"subjectpagenamee","VERSIEID":"revisionid","REVISIONID":"revisionid","VERSIEDAG":"revisionday","REVISIONDAY":"revisionday","VERSIEDAG2":"revisionday2","REVISIONDAY2":"revisionday2","VERSIEMAOND":"revisionmonth","VERSIEMAAND":"revisionmonth","REVISIONMONTH":"revisionmonth","VERSIEMAOND1":"revisionmonth1","VERSIEMAAND1":"revisionmonth1","REVISIONMONTH1":"revisionmonth1","VERSIEJAOR":"revisionyear","VERSIEJAAR":"revisionyear","REVISIONYEAR":"revisionyear","VERSIETIEDSTEMPEL":"revisiontimestamp","VERSIETIJD":"revisiontimestamp","REVISIONTIMESTAMP":"revisiontimestamp","VERSIEGEBRUKER":
"revisionuser","VERSIEGEBRUIKER":"revisionuser","REVISIONUSER":"revisionuser","CASCADINGSOURCES":"cascadingsources","NAAMRUUMTE":"namespace","NAAMRUIMTE":"namespace","NAMESPACE":"namespace","TEUNTITEL":"displaytitle","WEERGEGEVENTITEL":"displaytitle","TOONTITEL":"displaytitle","DISPLAYTITLE":"displaytitle","!":"!","DISSEMAOND":"currentmonth","DISSEMAOND2":"currentmonth","HUIDIGEMAAND":"currentmonth","HUIDIGEMAAND2":"currentmonth","CURRENTMONTH":"currentmonth","CURRENTMONTH2":"currentmonth","DISSEMAOND1":"currentmonth1","HUIDIGEMAAND1":"currentmonth1","CURRENTMONTH1":"currentmonth1","DISSEMAONDNAAM":"currentmonthname","HUIDIGEMAANDNAAM":"currentmonthname","CURRENTMONTHNAME":"currentmonthname","DISSEMAONDGEN":"currentmonthnamegen","HUIDIGEMAANDGEN":"currentmonthnamegen","CURRENTMONTHNAMEGEN":"currentmonthnamegen","DISSEMAONDAOFK":"currentmonthabbrev","HUIDIGEMAANDAFK":"currentmonthabbrev","CURRENTMONTHABBREV":"currentmonthabbrev","DISSEDAG":"currentday","HUIDIGEDAG":"currentday",
"CURRENTDAY":"currentday","DISSEDAG2":"currentday2","HUIDIGEDAG2":"currentday2","CURRENTDAY2":"currentday2","DISSEDAGNAAM":"currentdayname","HUIDIGEDAGNAAM":"currentdayname","CURRENTDAYNAME":"currentdayname","DITJAOR":"currentyear","HUIDIGJAAR":"currentyear","CURRENTYEAR":"currentyear","DISSETIED":"currenttime","HUIDIGETIJD":"currenttime","CURRENTTIME":"currenttime","DITURE":"currenthour","HUIDIGUUR":"currenthour","CURRENTHOUR":"currenthour","LOKALEMAOND":"localmonth","PLAATSELIJKEMAAND":"localmonth","LOKALEMAAND":"localmonth","LOKALEMAAND2":"localmonth","LOCALMONTH":"localmonth","LOCALMONTH2":"localmonth","LOKALEMAOND1":"localmonth1","LOKALEMAAND1":"localmonth1","LOCALMONTH1":"localmonth1","LOKALEMAONDNAAM":"localmonthname","PLAATSELIJKEMAANDNAAM":"localmonthname","LOKALEMAANDNAAM":"localmonthname","LOCALMONTHNAME":"localmonthname","LOKALEMAONDNAAMGEN":"localmonthnamegen","PLAATSELIJKEMAANDNAAMGEN":"localmonthnamegen","LOKALEMAANDNAAMGEN":"localmonthnamegen","LOCALMONTHNAMEGEN":
"localmonthnamegen","LOKALEMAONDAOFK":"localmonthabbrev","PLAATSELIJKEMAANDAFK":"localmonthabbrev","LOKALEMAANDAFK":"localmonthabbrev","LOCALMONTHABBREV":"localmonthabbrev","LOKALEDAG":"localday","PLAATSELIJKEDAG":"localday","LOCALDAY":"localday","LOKALEDAG2":"localday2","PLAATSELIJKEDAG2":"localday2","LOCALDAY2":"localday2","LOKALEDAGNAAM":"localdayname","PLAATSELIJKEDAGNAAM":"localdayname","LOCALDAYNAME":"localdayname","LOKAALJAOR":"localyear","PLAATSELIJKJAAR":"localyear","LOKAALJAAR":"localyear","LOCALYEAR":"localyear","LOKALETIED":"localtime","PLAATSELIJKETIJD":"localtime","LOKALETIJD":"localtime","LOCALTIME":"localtime","LOKAALURE":"localhour","PLAATSELIJKUUR":"localhour","LOKAALUUR":"localhour","LOCALHOUR":"localhour","WEBSTEENAAM":"sitename","SITENAAM":"sitename","SITENAME":"sitename","DISSEWEKE":"currentweek","HUIDIGEWEEK":"currentweek","CURRENTWEEK":"currentweek","DISSEDVDW":"currentdow","HUIDIGEDVDW":"currentdow","CURRENTDOW":"currentdow","LOKALEWEKE":"localweek",
"PLAATSELIJKEWEEK":"localweek","LOKALEWEEK":"localweek","LOCALWEEK":"localweek","LOKALEDVDW":"localdow","PLAATSELIJKEDVDW":"localdow","LOCALDOW":"localdow","VERSIEGROOTTE":"revisionsize","REVISIONSIZE":"revisionsize","DISSEVERSIE":"currentversion","HUIDIGEVERSIE":"currentversion","CURRENTVERSION":"currentversion","DISSETIEDSTEMPEL":"currenttimestamp","HUIDIGETIJDSTEMPEL":"currenttimestamp","CURRENTTIMESTAMP":"currenttimestamp","LOKALETIEDSTEMPEL":"localtimestamp","PLAATSELIJKETIJDSTEMPEL":"localtimestamp","LOKALETIJDSTEMPEL":"localtimestamp","LOCALTIMESTAMP":"localtimestamp","RICHTINGMARKERING":"directionmark","RICHTINGSMARKERING":"directionmark","DIRECTIONMARK":"directionmark","DIRMARK":"directionmark","INHOUDSTAAL":"contentlanguage","INHOUDTAAL":"contentlanguage","CONTENTLANGUAGE":"contentlanguage","CONTENTLANG":"contentlanguage","PAGELANGUAGE":"pagelanguage"}],"urlProtocols":
"bitcoin\\:|ftp\\:\\/\\/|ftps\\:\\/\\/|geo\\:|git\\:\\/\\/|gopher\\:\\/\\/|http\\:\\/\\/|https\\:\\/\\/|irc\\:\\/\\/|ircs\\:\\/\\/|magnet\\:|mailto\\:|mms\\:\\/\\/|news\\:|nntp\\:\\/\\/|redis\\:\\/\\/|sftp\\:\\/\\/|sip\\:|sips\\:|sms\\:|ssh\\:\\/\\/|svn\\:\\/\\/|tel\\:|telnet\\:\\/\\/|urn\\:|worldwind\\:\\/\\/|xmpp\\:|\\/\\/","linkTrailCharacters":"/^([a-zäöüïëéèà]+)(.*)$/sDu"}}