{"extCodeMirrorConfig":{"pluginModules":[],"tagModes":{"ref":"text/mediawiki","pre":"mw-tag-pre","nowiki":"mw-tag-nowiki"},"tags":{"pre":true,"nowiki":true,"gallery":true,"indicator":true,"timeline":true,"hiero":true,"charinsert":true,"ref":true,"references":true,"inputbox":true,"imagemap":true,"source":true,"syntaxhighlight":true,"poem":true,"categorytree":true,"section":true,"score":true,"templatestyles":true,"templatedata":true,"math":true,"ce":true,"chem":true,"graph":true,"maplink":true},"doubleUnderscore":[{"__無目錄__":"notoc","__无目录__":"notoc","__notoc__":"notoc","__無圖庫__":"nogallery","__无图库__":"nogallery","__nogallery__":"nogallery","__強制目錄__":"forcetoc","__强显目录__":"forcetoc","__forcetoc__":"forcetoc","__目錄__":"toc","__目录__":"toc","__toc__":"toc","__無段落編輯__":"noeditsection","__无编辑段落__":"noeditsection",
"__无段落编辑__":"noeditsection","__noeditsection__":"noeditsection","__不轉換標題__":"notitleconvert","__不转换标题__":"notitleconvert","__notitleconvert__":"notitleconvert","__notc__":"notitleconvert","__不轉換內容__":"nocontentconvert","__不转换内容__":"nocontentconvert","__nocontentconvert__":"nocontentconvert","__nocc__":"nocontentconvert"},{"__NEWSECTIONLINK__":"newsectionlink","__NONEWSECTIONLINK__":"nonewsectionlink","__隱藏分類__":"hiddencat","__隐藏分类__":"hiddencat","__HIDDENCAT__":"hiddencat","__EXPECTUNUSEDCATEGORY__":"expectunusedcategory","__INDEX__":"index","__NOINDEX__":"noindex","__靜態重新導向__":"staticredirect","__静态重定向__":"staticredirect","__STATICREDIRECT__":"staticredirect","__NOGLOBAL__":"noglobal","__DISAMBIG__":"disambiguation"}],"functionSynonyms":[{"命名空間":"ns","名字空间":"ns","ns":"ns","命名空間e":"nse","名字空间e":"nse","nse":"nse","urlencode":"urlencode","lcfirst":"lcfirst","ucfirst":
"ucfirst","lc":"lc","uc":"uc","本地url":"localurl","localurl":"localurl","本地urle":"localurle","localurle":"localurle","fullurl":"fullurl","fullurle":"fullurle","canonicalurl":"canonicalurl","canonicalurle":"canonicalurle","formatnum":"formatnum","grammar":"grammar","性別":"gender","性":"gender","性别":"gender","gender":"gender","plural":"plural","bidi":"bidi","#語言":"language","#语言":"language","#language":"language","padleft":"padleft","padright":"padright","anchorencode":"anchorencode","filepath":"filepath","頁面id":"pageid","页面id":"pageid","pageid":"pageid","int":"int","#special":"special","#speciale":"speciale","#tag":"tag","#formatdate":"formatdate","#dateformat":"formatdate","隱藏跨語言連結":"noexternallanglinks","noexternallanglinks":"noexternallanglinks","#屬性":"property","#property":"property","#statements":"statements","#若":"if","#if":"if","#ifeq":"ifeq","#轉換":"switch","#switch":"switch","#ifexist":"ifexist","#若表達式":"ifexpr",
"#ifexpr":"ifexpr","#如果錯誤":"iferror","#iferror":"iferror","#時間":"time","#time":"time","#時間l":"timel","#timel":"timel","#表達式":"expr","#expr":"expr","#rel2abs":"rel2abs","#titleparts":"titleparts","#分類樹":"categorytree","#categorytree":"categorytree","#lst":"lst","#section":"lst","#lstx":"lstx","#section-x":"lstx","#lsth":"lsth","#section-h":"lsth","#目標":"target","#target":"target","#巴別":"babel","#babel":"babel","#coordinates":"coordinates","#調動":"invoke","#invoke":"invoke","#related":"related","articlepath":"articlepath","伺服器":"server","服务器":"server","server":"server","伺服器名稱":"servername","服务器名":"servername","servername":"servername","scriptpath":"scriptpath","stylepath":"stylepath","wb報表名稱":"wbreponame","wbreponame":"wbreponame","numberofwikis":"numberofwikis"},{"頁面數":"numberofpages","页面数":"numberofpages","NUMBEROFPAGES":"numberofpages","使用者人數量":"numberofusers","用户数":
"numberofusers","NUMBEROFUSERS":"numberofusers","活躍使用者人數":"numberofactiveusers","活跃用户数":"numberofactiveusers","NUMBEROFACTIVEUSERS":"numberofactiveusers","文章數":"numberofarticles","条目数":"numberofarticles","NUMBEROFARTICLES":"numberofarticles","檔案數":"numberoffiles","文件数":"numberoffiles","NUMBEROFFILES":"numberoffiles","管理員數":"numberofadmins","管理员数":"numberofadmins","NUMBEROFADMINS":"numberofadmins","NUMBERINGROUP":"numberingroup","NUMINGROUP":"numberingroup","NUMBEROFEDITS":"numberofedits","DEFAULTSORT":"defaultsort","DEFAULTSORTKEY":"defaultsort","DEFAULTCATEGORYSORT":"defaultsort","PAGESINCATEGORY":"pagesincategory","PAGESINCAT":"pagesincategory","PAGESIZE":"pagesize","PROTECTIONLEVEL":"protectionlevel","PROTECTIONEXPIRY":"protectionexpiry","NAMESPACEE":"namespacee","命名空間數":"namespacenumber","名字空间编号":"namespacenumber","NAMESPACENUMBER":"namespacenumber","對話空間":"talkspace","讨论空间":
"talkspace","讨论名字空间":"talkspace","TALKSPACE":"talkspace","TALKSPACEE":"talkspacee","SUBJECTSPACE":"subjectspace","ARTICLESPACE":"subjectspace","SUBJECTSPACEE":"subjectspacee","ARTICLESPACEE":"subjectspacee","頁面名稱":"pagename","页名":"pagename","页面名":"pagename","页面名称":"pagename","PAGENAME":"pagename","PAGENAMEE":"pagenamee","FULLPAGENAME":"fullpagename","FULLPAGENAMEE":"fullpagenamee","根頁面名稱":"rootpagename","ROOTPAGENAME":"rootpagename","根頁面名稱E":"rootpagenamee","ROOTPAGENAMEE":"rootpagenamee","BASEPAGENAME":"basepagename","BASEPAGENAMEE":"basepagenamee","SUBPAGENAME":"subpagename","SUBPAGENAMEE":"subpagenamee","TALKPAGENAME":"talkpagename","TALKPAGENAMEE":"talkpagenamee","SUBJECTPAGENAME":"subjectpagename","ARTICLEPAGENAME":"subjectpagename","SUBJECTPAGENAMEE":"subjectpagenamee","ARTICLEPAGENAMEE":"subjectpagenamee","REVISIONID":"revisionid","REVISIONDAY":"revisionday","REVISIONDAY2":"revisionday2","REVISIONMONTH":"revisionmonth",
"REVISIONMONTH1":"revisionmonth1","REVISIONYEAR":"revisionyear","REVISIONTIMESTAMP":"revisiontimestamp","修訂使用者":"revisionuser","REVISIONUSER":"revisionuser","CASCADINGSOURCES":"cascadingsources","命名空間":"namespace","名字空间":"namespace","NAMESPACE":"namespace","顯示標題":"displaytitle","显示标题":"displaytitle","DISPLAYTITLE":"displaytitle","!":"!","本月":"currentmonth","本月2":"currentmonth","CURRENTMONTH":"currentmonth","CURRENTMONTH2":"currentmonth","CURRENTMONTH1":"currentmonth1","CURRENTMONTHNAME":"currentmonthname","CURRENTMONTHNAMEGEN":"currentmonthnamegen","本月縮寫":"currentmonthabbrev","本月简称":"currentmonthabbrev","CURRENTMONTHABBREV":"currentmonthabbrev","今天":"currentday","CURRENTDAY":"currentday","CURRENTDAY2":"currentday2","CURRENTDAYNAME":"currentdayname","CURRENTYEAR":"currentyear","目前時間":"currenttime","当前时间":"currenttime","此时":"currenttime","CURRENTTIME":"currenttime","CURRENTHOUR":"currenthour",
"LOCALMONTH":"localmonth","LOCALMONTH2":"localmonth","LOCALMONTH1":"localmonth1","LOCALMONTHNAME":"localmonthname","LOCALMONTHNAMEGEN":"localmonthnamegen","LOCALMONTHABBREV":"localmonthabbrev","LOCALDAY":"localday","LOCALDAY2":"localday2","LOCALDAYNAME":"localdayname","LOCALYEAR":"localyear","LOCALTIME":"localtime","LOCALHOUR":"localhour","網站名稱":"sitename","站点名称":"sitename","SITENAME":"sitename","CURRENTWEEK":"currentweek","CURRENTDOW":"currentdow","LOCALWEEK":"localweek","LOCALDOW":"localdow","REVISIONSIZE":"revisionsize","目前版本":"currentversion","当前版本":"currentversion","CURRENTVERSION":"currentversion","CURRENTTIMESTAMP":"currenttimestamp","LOCALTIMESTAMP":"localtimestamp","DIRECTIONMARK":"directionmark","DIRMARK":"directionmark","內容語言":"contentlanguage","内容语言":"contentlanguage","CONTENTLANGUAGE":"contentlanguage","CONTENTLANG":"contentlanguage","PAGELANGUAGE":"pagelanguage"}],"urlProtocols":
"bitcoin\\:|ftp\\:\\/\\/|ftps\\:\\/\\/|geo\\:|git\\:\\/\\/|gopher\\:\\/\\/|http\\:\\/\\/|https\\:\\/\\/|irc\\:\\/\\/|ircs\\:\\/\\/|magnet\\:|mailto\\:|mms\\:\\/\\/|news\\:|nntp\\:\\/\\/|redis\\:\\/\\/|sftp\\:\\/\\/|sip\\:|sips\\:|sms\\:|ssh\\:\\/\\/|svn\\:\\/\\/|tel\\:|telnet\\:\\/\\/|urn\\:|worldwind\\:\\/\\/|xmpp\\:|\\/\\/","linkTrailCharacters":"/^([a-z]+)(.*)$/sD"}}