{"extCodeMirrorConfig":{"pluginModules":[],"tagModes":{"ref":"text/mediawiki","pre":"mw-tag-pre","nowiki":"mw-tag-nowiki"},"tags":{"pre":true,"nowiki":true,"gallery":true,"indicator":true,"timeline":true,"hiero":true,"charinsert":true,"ref":true,"references":true,"inputbox":true,"imagemap":true,"source":true,"syntaxhighlight":true,"poem":true,"categorytree":true,"section":true,"score":true,"templatestyles":true,"templatedata":true,"math":true,"ce":true,"chem":true,"graph":true,"maplink":true,"mapframe":true},"doubleUnderscore":[{"__קיין_אינהאלט_טאבעלע__":"notoc","__ללא_תוכן_עניינים__":"notoc","__ללא_תוכן__":"notoc","__notoc__":"notoc","__קיין_גאלעריע__":"nogallery","__ללא_גלריה__":"nogallery","__nogallery__":"nogallery","__חייב_תוכן_עניינים__":"forcetoc","__חייב_תוכן__":"forcetoc","__forcetoc__":"forcetoc",
"__אינהאלט__":"toc","__תוכן_עניינים__":"toc","__תוכן__":"toc","__toc__":"toc","__נישט_רעדאקטירן__":"noeditsection","__ללא_עריכה__":"noeditsection","__noeditsection__":"noeditsection","__ללא_המרת_כותרת__":"notitleconvert","__notitleconvert__":"notitleconvert","__notc__":"notitleconvert","__ללא_המרת_תוכן__":"nocontentconvert","__nocontentconvert__":"nocontentconvert","__nocc__":"nocontentconvert"},{"__יצירת_הערה__":"newsectionlink","__NEWSECTIONLINK__":"newsectionlink","__ללא_יצירת_הערה__":"nonewsectionlink","__NONEWSECTIONLINK__":"nonewsectionlink","__באהאלטענע_קאטעגאריע__":"hiddencat","__באהאלטענע_קאט__":"hiddencat","__קטגוריה_מוסתרת__":"hiddencat","__HIDDENCAT__":"hiddencat","__EXPECTUNUSEDCATEGORY__":"expectunusedcategory","__לחיפוש__":"index","__INDEX__":"index","__לא_לחיפוש__":"noindex","__NOINDEX__":"noindex","__הפניה_קבועה__":
"staticredirect","__STATICREDIRECT__":"staticredirect","__NOGLOBAL__":"noglobal","__פירושונים__":"disambiguation","__DISAMBIG__":"disambiguation"}],"functionSynonyms":[{"מרחב שם":"ns","ns":"ns","מרחב שם מקודד":"nse","nse":"nse","נתיב מקודד":"urlencode","urlencode":"urlencode","אות ראשונה קטנה":"lcfirst","lcfirst":"lcfirst","אות ראשונה גדולה":"ucfirst","ucfirst":"ucfirst","אותיות קטנות":"lc","lc":"lc","אותיות גדולות":"uc","uc":"uc","כתובת יחסית":"localurl","localurl":"localurl","כתובת יחסית מקודד":"localurle","localurle":"localurle","פֿולער_נאמען":"fullurl","כתובת מלאה":"fullurl","fullurl":"fullurl","כתובת מלאה מקודד":"fullurle","fullurle":"fullurle","כתובת קנונית":"canonicalurl","canonicalurl":"canonicalurl","כתובת קנונית מקודד":"canonicalurle","canonicalurle":"canonicalurle","עיצוב מספר":"formatnum",
"formatnum":"formatnum","גראמאטיק":"grammar","דקדוק":"grammar","grammar":"grammar","מגדר":"gender","gender":"gender","מערצאל":"plural","רבים":"plural","plural":"plural","bidi":"bidi","#שפראך":"language","#שפה":"language","#language":"language","ריפוד משמאל":"padleft","padleft":"padleft","ריפוד מימין":"padright","padright":"padright","עוגן מקודד":"anchorencode","anchorencode":"anchorencode","טעקעשטעג":"filepath","נתיב לקובץ":"filepath","filepath":"filepath","pageid":"pageid","הודעה":"int","int":"int","#באזונדער":"special","#מיוחד":"special","#special":"special","#speciale":"speciale","#טאג":"tag","#תגית":"tag","#tag":"tag","#עיצוב תאריך":"formatdate","#formatdate":"formatdate","#dateformat":"formatdate","ללא_קישורי_שפה":"noexternallanglinks","noexternallanglinks":"noexternallanglinks","#אייגנשאפט":"property","#מאפיין":"property","#property":
"property","#קביעות":"statements","#statements":"statements","#תנאי":"if","#if":"if","#גלייך":"ifeq","#שווה":"ifeq","#ifeq":"ifeq","#קלייב":"switch","#בחר":"switch","#switch":"switch","#עקזיסט":"ifexist","#קיים":"ifexist","#ifexist":"ifexist","#אויברעכן":"ifexpr","#חשב תנאי":"ifexpr","#ifexpr":"ifexpr","#תנאי שגיאה":"iferror","#iferror":"iferror","#צייט":"time","#זמן":"time","#time":"time","#צייטל":"timel","#זמןמ":"timel","#timel":"timel","#רעכן":"expr","#חשב":"expr","#expr":"expr","#יחסי למוחלט":"rel2abs","#rel2abs":"rel2abs","#חלק בכותרת":"titleparts","#titleparts":"titleparts","#קאטעגאריע_בוים":"categorytree","#עץ_קטגוריה":"categorytree","#categorytree":"categorytree","#lst":"lst","#section":"lst","#קטע":"lst","#lstx":"lstx","#section-x":"lstx","#בלי קטע":"lstx","#lsth":"lsth","#section-h":"lsth","#target":"target","#בבל":"babel","#babel":"babel",
"#coordinates":"coordinates","#invoke":"invoke","#related":"related","נתיב הדפים":"articlepath","articlepath":"articlepath","כתובת השרת":"server","שרת":"server","server":"server","שם השרת":"servername","servername":"servername","נתיב הקבצים":"scriptpath","scriptpath":"scriptpath","נתיב הסגנון":"stylepath","stylepath":"stylepath","שם_המאגר":"wbreponame","wbreponame":"wbreponame","numberofwikis":"numberofwikis"},{"צאל_בלעטער":"numberofpages","מספר דפים כולל":"numberofpages","מספר דפים":"numberofpages","NUMBEROFPAGES":"numberofpages","צאל_באניצער":"numberofusers","מספר משתמשים":"numberofusers","NUMBEROFUSERS":"numberofusers","צאל_טעטיקע_באניצער":"numberofactiveusers","מספר משתמשים פעילים":"numberofactiveusers","NUMBEROFACTIVEUSERS":"numberofactiveusers","צאל_ארטיקלען":"numberofarticles","מספר ערכים":"numberofarticles",
"NUMBEROFARTICLES":"numberofarticles","צאל_טעקעס":"numberoffiles","מספר קבצים":"numberoffiles","NUMBEROFFILES":"numberoffiles","מספר מפעילים":"numberofadmins","NUMBEROFADMINS":"numberofadmins","מספר בקבוצה":"numberingroup","NUMBERINGROUP":"numberingroup","NUMINGROUP":"numberingroup","צאל_רעדאקטירונגען":"numberofedits","מספר עריכות":"numberofedits","NUMBEROFEDITS":"numberofedits","גרונטסארטיר":"defaultsort","מיון רגיל":"defaultsort","DEFAULTSORT":"defaultsort","DEFAULTSORTKEY":"defaultsort","DEFAULTCATEGORYSORT":"defaultsort","דפים בקטגוריה":"pagesincategory","PAGESINCATEGORY":"pagesincategory","PAGESINCAT":"pagesincategory","בלאטגרייס":"pagesize","גודל דף":"pagesize","PAGESIZE":"pagesize","רמת הגנה":"protectionlevel","PROTECTIONLEVEL":"protectionlevel","PROTECTIONEXPIRY":"protectionexpiry","מרחב השם מקודד":"namespacee","NAMESPACEE":"namespacee",
"מספר_מרחב_השם":"namespacenumber","NAMESPACENUMBER":"namespacenumber","מרחב השיחה":"talkspace","TALKSPACE":"talkspace","מרחב השיחה מקודד":"talkspacee","TALKSPACEE":"talkspacee","מרחב הנושא":"subjectspace","מרחב הערכים":"subjectspace","SUBJECTSPACE":"subjectspace","ARTICLESPACE":"subjectspace","מרחב הנושא מקודד":"subjectspacee","מרחב הערכים מקודד":"subjectspacee","SUBJECTSPACEE":"subjectspacee","ARTICLESPACEE":"subjectspacee","בלאטנאמען":"pagename","שם הדף":"pagename","PAGENAME":"pagename","שם הדף מקודד":"pagenamee","PAGENAMEE":"pagenamee","פולבלאטנאמען":"fullpagename","שם הדף המלא":"fullpagename","FULLPAGENAME":"fullpagename","שם הדף המלא מקודד":"fullpagenamee","FULLPAGENAMEE":"fullpagenamee","ROOTPAGENAME":"rootpagename","ROOTPAGENAMEE":"rootpagenamee","שם דף הבסיס":"basepagename","BASEPAGENAME":"basepagename",
"שם דף הבסיס מקודד":"basepagenamee","BASEPAGENAMEE":"basepagenamee","אונטערבלאטנאמען":"subpagename","שם דף המשנה":"subpagename","SUBPAGENAME":"subpagename","שם דף המשנה מקודד":"subpagenamee","SUBPAGENAMEE":"subpagenamee","רעדנבלאטנאמען":"talkpagename","שם דף השיחה":"talkpagename","TALKPAGENAME":"talkpagename","שם דף השיחה מקודד":"talkpagenamee","TALKPAGENAMEE":"talkpagenamee","שם דף הנושא":"subjectpagename","שם הערך":"subjectpagename","SUBJECTPAGENAME":"subjectpagename","ARTICLEPAGENAME":"subjectpagename","שם דף הנושא מקודד":"subjectpagenamee","שם הערך מקודד":"subjectpagenamee","SUBJECTPAGENAMEE":"subjectpagenamee","ARTICLEPAGENAMEE":"subjectpagenamee","מזהה גרסה":"revisionid","REVISIONID":"revisionid","יום גרסה":"revisionday","REVISIONDAY":"revisionday","יום גרסה 2":"revisionday2","REVISIONDAY2":"revisionday2","חודש גרסה":
"revisionmonth","REVISIONMONTH":"revisionmonth","חודש גרסה 1":"revisionmonth1","REVISIONMONTH1":"revisionmonth1","שנת גרסה":"revisionyear","REVISIONYEAR":"revisionyear","זמן גרסה":"revisiontimestamp","REVISIONTIMESTAMP":"revisiontimestamp","כותב גרסה":"revisionuser","REVISIONUSER":"revisionuser","CASCADINGSOURCES":"cascadingsources","נאמענטייל":"namespace","מרחב השם":"namespace","NAMESPACE":"namespace","ווייזן_קעפל":"displaytitle","כותרת תצוגה":"displaytitle","DISPLAYTITLE":"displaytitle","!":"!","לויפיקער_מאנאט":"currentmonth","חודש נוכחי":"currentmonth","חודש נוכחי 2":"currentmonth","CURRENTMONTH":"currentmonth","CURRENTMONTH2":"currentmonth","חודש נוכחי 1":"currentmonth1","CURRENTMONTH1":"currentmonth1","שם חודש נוכחי":"currentmonthname","CURRENTMONTHNAME":"currentmonthname","שם חודש נוכחי קניין":"currentmonthnamegen","CURRENTMONTHNAMEGEN":
"currentmonthnamegen","קיצור חודש נוכחי":"currentmonthabbrev","CURRENTMONTHABBREV":"currentmonthabbrev","לויפיקער_טאג":"currentday","יום נוכחי":"currentday","CURRENTDAY":"currentday","יום נוכחי 2":"currentday2","CURRENTDAY2":"currentday2","שם יום נוכחי":"currentdayname","CURRENTDAYNAME":"currentdayname","לויפֿיקע_יאָר":"currentyear","שנה נוכחית":"currentyear","CURRENTYEAR":"currentyear","לויפֿיקע_צײַט":"currenttime","שעה נוכחית":"currenttime","CURRENTTIME":"currenttime","שעות נוכחיות":"currenthour","CURRENTHOUR":"currenthour","חודש מקומי":"localmonth","חודש מקומי 2":"localmonth","LOCALMONTH":"localmonth","LOCALMONTH2":"localmonth","חודש מקומי 1":"localmonth1","LOCALMONTH1":"localmonth1","שם חודש מקומי":"localmonthname","LOCALMONTHNAME":"localmonthname","שם חודש מקומי קניין":"localmonthnamegen","LOCALMONTHNAMEGEN":
"localmonthnamegen","קיצור חודש מקומי":"localmonthabbrev","LOCALMONTHABBREV":"localmonthabbrev","יום מקומי":"localday","LOCALDAY":"localday","יום מקומי 2":"localday2","LOCALDAY2":"localday2","שם יום מקומי":"localdayname","LOCALDAYNAME":"localdayname","שנה מקומית":"localyear","LOCALYEAR":"localyear","שעה מקומית":"localtime","LOCALTIME":"localtime","שעות מקומיות":"localhour","LOCALHOUR":"localhour","שם האתר":"sitename","SITENAME":"sitename","שבוע נוכחי":"currentweek","CURRENTWEEK":"currentweek","מספר יום נוכחי":"currentdow","CURRENTDOW":"currentdow","שבוע מקומי":"localweek","LOCALWEEK":"localweek","מספר יום מקומי":"localdow","LOCALDOW":"localdow","REVISIONSIZE":"revisionsize","גרסה נוכחית":"currentversion","CURRENTVERSION":"currentversion","זמן נוכחי":"currenttimestamp","CURRENTTIMESTAMP":"currenttimestamp","זמן מקומי":"localtimestamp",
"LOCALTIMESTAMP":"localtimestamp","סימן כיווניות":"directionmark","DIRECTIONMARK":"directionmark","DIRMARK":"directionmark","שפת תוכן":"contentlanguage","CONTENTLANGUAGE":"contentlanguage","CONTENTLANG":"contentlanguage","PAGELANGUAGE":"pagelanguage"}],"urlProtocols":"bitcoin\\:|ftp\\:\\/\\/|ftps\\:\\/\\/|geo\\:|git\\:\\/\\/|gopher\\:\\/\\/|http\\:\\/\\/|https\\:\\/\\/|irc\\:\\/\\/|ircs\\:\\/\\/|magnet\\:|mailto\\:|mms\\:\\/\\/|news\\:|nntp\\:\\/\\/|redis\\:\\/\\/|sftp\\:\\/\\/|sip\\:|sips\\:|sms\\:|ssh\\:\\/\\/|svn\\:\\/\\/|tel\\:|telnet\\:\\/\\/|urn\\:|worldwind\\:\\/\\/|xmpp\\:|\\/\\/","linkTrailCharacters":"/^([a-zא-ת]+)(.*)$/sDu"}}