{"extCodeMirrorConfig":{"pluginModules":[],"tagModes":{"ref":"text/mediawiki","pre":"mw-tag-pre","nowiki":"mw-tag-nowiki"},"tags":{"pre":true,"nowiki":true,"gallery":true,"indicator":true,"timeline":true,"hiero":true,"charinsert":true,"ref":true,"references":true,"inputbox":true,"imagemap":true,"source":true,"syntaxhighlight":true,"poem":true,"categorytree":true,"section":true,"score":true,"templatestyles":true,"templatedata":true,"math":true,"ce":true,"chem":true,"graph":true,"maplink":true,"mapframe":true},"doubleUnderscore":[{"__목차숨김__":"notoc","__notoc__":"notoc","__갤러리숨김__":"nogallery","__화랑숨김__":"nogallery","__nogallery__":"nogallery","__목차보임__":"forcetoc","__목차표시__":"forcetoc","__forcetoc__":"forcetoc","__목차__":"toc","__toc__":"toc","__부분편집숨김__":"noeditsection","__문단편집숨김__":"noeditsection","__단락편집숨김__"
:"noeditsection","__noeditsection__":"noeditsection","__제목변환없음__":"notitleconvert","__제변없음__":"notitleconvert","__제목변환안함__":"notitleconvert","__제변안함__":"notitleconvert","__notitleconvert__":"notitleconvert","__notc__":"notitleconvert","__내용변환없음__":"nocontentconvert","__내변없음__":"nocontentconvert","__내용변환안함__":"nocontentconvert","__내변안함__":"nocontentconvert","__nocontentconvert__":"nocontentconvert","__nocc__":"nocontentconvert"},{"__새문단쓰기__":"newsectionlink","__새글쓰기__":"newsectionlink","__NEWSECTIONLINK__":"newsectionlink","__새문단쓰기숨기기__":"nonewsectionlink","__새글쓰기숨기기__":"nonewsectionlink","__NONEWSECTIONLINK__":"nonewsectionlink","__숨은분류__":"hiddencat","__HIDDENCAT__":"hiddencat","__EXPECTUNUSEDCATEGORY__":"expectunusedcategory","__색인__":"index","__INDEX__":"index","__색인안함__":"noindex","__색인거부__":"noindex","__NOINDEX__":"noindex",
"__넘겨주기고정__":"staticredirect","__STATICREDIRECT__":"staticredirect","__NOGLOBAL__":"noglobal","__DISAMBIG__":"disambiguation"}],"functionSynonyms":[{"이름":"ns","이름공간":"ns","ns":"ns","이름e":"nse","이름공간e":"nse","nse":"nse","주소인코딩":"urlencode","urlencode":"urlencode","첫소문자":"lcfirst","lcfirst":"lcfirst","첫대문자":"ucfirst","ucfirst":"ucfirst","소문자":"lc","lc":"lc","대문자":"uc","uc":"uc","지역주소":"localurl","localurl":"localurl","지역주소e":"localurle","localurle":"localurle","전체주소":"fullurl","fullurl":"fullurl","전체주소e":"fullurle","fullurle":"fullurle","표준주소":"canonicalurl","canonicalurl":"canonicalurl","표준주소e":"canonicalurle","canonicalurle":"canonicalurle","수형식":"formatnum","formatnum":"formatnum","문법":"grammar","grammar":"grammar","성별":"gender","gender":"gender","복수":"plural","복수형":"plural","plural":"plural","bidi":"bidi","#언어":"language","#language":
"language","대체왼쪽":"padleft","padleft":"padleft","대체오른쪽":"padright","padright":"padright","책갈피인코딩":"anchorencode","anchorencode":"anchorencode","파일경로":"filepath","그림경로":"filepath","filepath":"filepath","문서번호":"pageid","pageid":"pageid","인터페이스":"int","int":"int","#특수기능":"special","#special":"special","#특수기능e":"speciale","#speciale":"speciale","#태그":"tag","#tag":"tag","#날짜형식":"formatdate","#formatdate":"formatdate","#dateformat":"formatdate","바깥언어링크없음":"noexternallanglinks","바깥언어고리없음":"noexternallanglinks","noexternallanglinks":"noexternallanglinks","#속성":"property","#property":"property","#statements":"statements","#만약":"if","#if":"if","#만약일치":"ifeq","#ifeq":"ifeq","#스위치":"switch","#switch":"switch","#만약존재":"ifexist","#ifexist":"ifexist","#만약계산":"ifexpr","#ifexpr":"ifexpr","#만약오류":"iferror","#iferror":"iferror","#시간"
:"time","#time":"time","#현지시간":"timel","#timel":"timel","#수식":"expr","#expr":"expr","#상대를절대로":"rel2abs","#rel2abs":"rel2abs","#제목부분":"titleparts","#titleparts":"titleparts","#분류트리":"categorytree","#categorytree":"categorytree","#lst":"lst","#section":"lst","#lstx":"lstx","#section-x":"lstx","#lsth":"lsth","#section-h":"lsth","#대상":"target","#target":"target","#바벨":"babel","#babel":"babel","#coordinates":"coordinates","#호출":"invoke","#invoke":"invoke","#related":"related","#을를":"Eul/Ruel","#eulruel":"Eul/Ruel","#은는":"Eun/Neun","#eunneun":"Eun/Neun","#이가":"E/Ga","#ega":"E/Ga","#과와":"Gwa/Wa","#gwawa":"Gwa/Wa","#아야":"A/Ya","#aya":"A/Ya","#으로":"Euro/Ro","#euro":"Euro/Ro","#이":"E/","#e":"E/","항목경로":"articlepath","기사경로":"articlepath","articlepath":"articlepath","서버":"server","server":"server","서버이름":"servername","servername":"servername","스크립트경로":"scriptpath","scriptpath":
"scriptpath","스타일경로":"stylepath","stylepath":"stylepath","wbreponame":"wbreponame","numberofwikis":"numberofwikis"},{"모든문서수":"numberofpages","NUMBEROFPAGES":"numberofpages","사용자수":"numberofusers","계정수":"numberofusers","NUMBEROFUSERS":"numberofusers","활동중인사용자수":"numberofactiveusers","NUMBEROFACTIVEUSERS":"numberofactiveusers","문서수":"numberofarticles","NUMBEROFARTICLES":"numberofarticles","파일수":"numberoffiles","그림수":"numberoffiles","NUMBEROFFILES":"numberoffiles","관리자수":"numberofadmins","NUMBEROFADMINS":"numberofadmins","권한별사용자수":"numberingroup","그룹별사용자수":"numberingroup","NUMBERINGROUP":"numberingroup","NUMINGROUP":"numberingroup","편집수":"numberofedits","NUMBEROFEDITS":"numberofedits","기본정렬":"defaultsort","DEFAULTSORT":"defaultsort","DEFAULTSORTKEY":"defaultsort","DEFAULTCATEGORYSORT":"defaultsort","분류문서수":"pagesincategory","PAGESINCATEGORY":"pagesincategory",
"PAGESINCAT":"pagesincategory","문서크기":"pagesize","PAGESIZE":"pagesize","보호수준":"protectionlevel","PROTECTIONLEVEL":"protectionlevel","PROTECTIONEXPIRY":"protectionexpiry","이름공간E":"namespacee","NAMESPACEE":"namespacee","이름공간수":"namespacenumber","NAMESPACENUMBER":"namespacenumber","토론이름공간":"talkspace","TALKSPACE":"talkspace","토론이름공간E":"talkspacee","TALKSPACEE":"talkspacee","본문서이름공간":"subjectspace","SUBJECTSPACE":"subjectspace","ARTICLESPACE":"subjectspace","본문서이름공간E":"subjectspacee","SUBJECTSPACEE":"subjectspacee","ARTICLESPACEE":"subjectspacee","문서이름":"pagename","PAGENAME":"pagename","문서이름E":"pagenamee","PAGENAMEE":"pagenamee","전체문서이름":"fullpagename","FULLPAGENAME":"fullpagename","전체문서이름E":"fullpagenamee","FULLPAGENAMEE":"fullpagenamee","최상위문서이름":"rootpagename","ROOTPAGENAME":"rootpagename","최상위문서이름E":"rootpagenamee","ROOTPAGENAMEE":
"rootpagenamee","상위문서이름":"basepagename","BASEPAGENAME":"basepagename","상위문서이름E":"basepagenamee","BASEPAGENAMEE":"basepagenamee","하위문서이름":"subpagename","SUBPAGENAME":"subpagename","하위문서이름E":"subpagenamee","SUBPAGENAMEE":"subpagenamee","토론문서이름":"talkpagename","TALKPAGENAME":"talkpagename","토론문서이름E":"talkpagenamee","TALKPAGENAMEE":"talkpagenamee","본문서이름":"subjectpagename","SUBJECTPAGENAME":"subjectpagename","ARTICLEPAGENAME":"subjectpagename","본문서이름E":"subjectpagenamee","SUBJECTPAGENAMEE":"subjectpagenamee","ARTICLEPAGENAMEE":"subjectpagenamee","판번호":"revisionid","REVISIONID":"revisionid","판일":"revisionday","REVISIONDAY":"revisionday","판일2":"revisionday2","REVISIONDAY2":"revisionday2","판월":"revisionmonth","REVISIONMONTH":"revisionmonth","판월1":"revisionmonth1","REVISIONMONTH1":"revisionmonth1","판년":"revisionyear","REVISIONYEAR":"revisionyear","판타임스탬프":
"revisiontimestamp","REVISIONTIMESTAMP":"revisiontimestamp","판사용자":"revisionuser","REVISIONUSER":"revisionuser","연쇄식원본":"cascadingsources","계단식원본":"cascadingsources","CASCADINGSOURCES":"cascadingsources","이름공간":"namespace","NAMESPACE":"namespace","보일제목":"displaytitle","표시제목":"displaytitle","DISPLAYTITLE":"displaytitle","!":"!","현재월":"currentmonth","CURRENTMONTH":"currentmonth","CURRENTMONTH2":"currentmonth","현재월1":"currentmonth1","CURRENTMONTH1":"currentmonth1","현재월이름":"currentmonthname","CURRENTMONTHNAME":"currentmonthname","현재월이름소유격":"currentmonthnamegen","CURRENTMONTHNAMEGEN":"currentmonthnamegen","현재월이름약자":"currentmonthabbrev","CURRENTMONTHABBREV":"currentmonthabbrev","현재일":"currentday","CURRENTDAY":"currentday","현재일2":"currentday2","CURRENTDAY2":"currentday2","현재요일":"currentdayname","CURRENTDAYNAME":"currentdayname","현재년":"currentyear","CURRENTYEAR":
"currentyear","현재시각":"currenttime","현재시분":"currenttime","CURRENTTIME":"currenttime","현재시":"currenthour","CURRENTHOUR":"currenthour","지역월":"localmonth","LOCALMONTH":"localmonth","LOCALMONTH2":"localmonth","지역월1":"localmonth1","LOCALMONTH1":"localmonth1","지역월이름":"localmonthname","LOCALMONTHNAME":"localmonthname","지역월이름소유격":"localmonthnamegen","LOCALMONTHNAMEGEN":"localmonthnamegen","지역월이름약자":"localmonthabbrev","LOCALMONTHABBREV":"localmonthabbrev","지역일":"localday","LOCALDAY":"localday","지역일2":"localday2","LOCALDAY2":"localday2","지역요일":"localdayname","LOCALDAYNAME":"localdayname","지역년":"localyear","LOCALYEAR":"localyear","지역시분":"localtime","지역시각":"localtime","LOCALTIME":"localtime","지역시":"localhour","LOCALHOUR":"localhour","사이트이름":"sitename","SITENAME":"sitename","현재주":"currentweek","CURRENTWEEK":"currentweek","현재요일숫자":"currentdow",
"CURRENTDOW":"currentdow","지역주":"localweek","LOCALWEEK":"localweek","지역요일숫자":"localdow","LOCALDOW":"localdow","판크기":"revisionsize","REVISIONSIZE":"revisionsize","현재버전":"currentversion","CURRENTVERSION":"currentversion","현재타임스탬프":"currenttimestamp","CURRENTTIMESTAMP":"currenttimestamp","지역타임스탬프":"localtimestamp","LOCALTIMESTAMP":"localtimestamp","명령검토":"directionmark","DIRECTIONMARK":"directionmark","DIRMARK":"directionmark","기본언어":"contentlanguage","CONTENTLANGUAGE":"contentlanguage","CONTENTLANG":"contentlanguage","PAGELANGUAGE":"pagelanguage"}],"urlProtocols":"bitcoin\\:|ftp\\:\\/\\/|ftps\\:\\/\\/|geo\\:|git\\:\\/\\/|gopher\\:\\/\\/|http\\:\\/\\/|https\\:\\/\\/|irc\\:\\/\\/|ircs\\:\\/\\/|magnet\\:|mailto\\:|mms\\:\\/\\/|news\\:|nntp\\:\\/\\/|redis\\:\\/\\/|sftp\\:\\/\\/|sip\\:|sips\\:|sms\\:|ssh\\:\\/\\/|svn\\:\\/\\/|tel\\:|telnet\\:\\/\\/|urn\\:|worldwind\\:\\/\\/|xmpp\\:|\\/\\/","linkTrailCharacters":
"/^([a-z]+)(.*)$/sD"}}