{"extCodeMirrorConfig":{"pluginModules":[],"tagModes":{"ref":"text/mediawiki","pre":"mw-tag-pre","nowiki":"mw-tag-nowiki"},"tags":{"pre":true,"nowiki":true,"gallery":true,"indicator":true,"timeline":true,"hiero":true,"charinsert":true,"ref":true,"references":true,"inputbox":true,"imagemap":true,"source":true,"syntaxhighlight":true,"poem":true,"categorytree":true,"section":true,"score":true,"templatestyles":true,"templatedata":true,"math":true,"ce":true,"chem":true,"graph":true,"maplink":true,"mapframe":true},"doubleUnderscore":[{"__без_змісту__":"notoc","__без_оглавления__":"notoc","__без_огл__":"notoc","__notoc__":"notoc","__без_галереї__":"nogallery","__без_галереи__":"nogallery","__nogallery__":"nogallery","__обов_зміст__":"forcetoc","__обязательное_оглавление__":"forcetoc","__обяз_огл__":"forcetoc",
"__forcetoc__":"forcetoc","__зміст__":"toc","__оглавление__":"toc","__огл__":"toc","__toc__":"toc","__без_редагув_розділу__":"noeditsection","__без_редактирования_раздела__":"noeditsection","__noeditsection__":"noeditsection","__без_перетворення_заголовку__":"notitleconvert","__без_преобразования_заголовка__":"notitleconvert","__notitleconvert__":"notitleconvert","__notc__":"notitleconvert","__без_перетворення_тексту__":"nocontentconvert","__без_преобразования_текста__":"nocontentconvert","__nocontentconvert__":"nocontentconvert","__nocc__":"nocontentconvert"},{"__ПОСИЛАННЯ_НА_НОВИЙ_РОЗДІЛ__":"newsectionlink","__ССЫЛКА_НА_НОВЫЙ_РАЗДЕЛ__":"newsectionlink","__NEWSECTIONLINK__":"newsectionlink","__БЕЗ_ПОСИЛАННЯ_НА_НОВИЙ_РОЗДІЛ__":"nonewsectionlink",
"__БЕЗ_ССЫЛКИ_НА_НОВЫЙ_РАЗДЕЛ__":"nonewsectionlink","__NONEWSECTIONLINK__":"nonewsectionlink","__ПРИХОВ_КАТ__":"hiddencat","__ПРИХОВАНА_КАТЕГОРІЯ__":"hiddencat","__СКРЫТАЯ_КАТЕГОРИЯ__":"hiddencat","__HIDDENCAT__":"hiddencat","__EXPECTUNUSEDCATEGORY__":"expectunusedcategory","__ІНДЕКС__":"index","__ИНДЕКС__":"index","__INDEX__":"index","__БЕЗ_ІНДЕКСУ__":"noindex","__БЕЗ_ИНДЕКСА__":"noindex","__NOINDEX__":"noindex","__СТАТИЧНЕ_ПЕРЕНАПРАВЛЕННЯ__":"staticredirect","__СТАТИЧЕСКОЕ_ПЕРЕНАПРАВЛЕНИЕ__":"staticredirect","__STATICREDIRECT__":"staticredirect","__NOGLOBAL__":"noglobal","__DISAMBIG__":"disambiguation"}],"functionSynonyms":[{"пн":"ns","пи":"ns","ns":"ns","пн_2":"nse","пик":"nse","nse":"nse","закодована_адреса":"urlencode","закодированный_адрес":"urlencode","urlencode":"urlencode","нр_перша"
:"lcfirst","перша_буква_мала":"lcfirst","перша_літера_мала":"lcfirst","мала_перша_літера":"lcfirst","первая_буква_маленькая":"lcfirst","lcfirst":"lcfirst","вр_перша":"ucfirst","перша_буква_велика":"ucfirst","перша_літера_велика":"ucfirst","велика_перша_літера":"ucfirst","первая_буква_большая":"ucfirst","ucfirst":"ucfirst","нр":"lc","нижній_регістр":"lc","малими_буквами":"lc","малими_літерами":"lc","маленькими_буквами":"lc","lc":"lc","вр":"uc","верхній_регістр":"uc","великими_буквами":"uc","великими_літерами":"uc","большими_буквами":"uc","uc":"uc","локальна_адреса":"localurl","локальный_адрес":"localurl","localurl":"localurl","локальна_адреса_2":"localurle","локальный_адрес_2"
:"localurle","localurle":"localurle","повна_адреса":"fullurl","полный_адрес":"fullurl","fullurl":"fullurl","повна_адреса_2":"fullurle","полный_адрес_2":"fullurle","fullurle":"fullurle","canonicalurl":"canonicalurl","canonicalurle":"canonicalurle","форматувати_число":"formatnum","форматировать_число":"formatnum","formatnum":"formatnum","відмінок":"grammar","падеж":"grammar","grammar":"grammar","стать":"gender","пол":"gender","gender":"gender","множина":"plural","множественное_число":"plural","plural":"plural","bidi":"bidi","#мова":"language","#язык":"language","#language":"language","заповнити_ліворуч":"padleft","заполнить_слева":"padleft","padleft":"padleft","заповнити_праворуч":"padright","заполнить_справа":"padright","padright":"padright","кодувати_мітку":"anchorencode",
"кодировать_метку":"anchorencode","anchorencode":"anchorencode","шлях_до_файлу":"filepath","путь_к_файлу":"filepath","filepath":"filepath","ідентифікатор_сторінки":"pageid","идентификатор_страницы":"pageid","pageid":"pageid","внутр":"int","int":"int","#спеціальна":"special","#служебная":"special","#special":"special","#speciale":"speciale","#тег":"tag","#мітка":"tag","#теґ":"tag","#метка":"tag","#тэг":"tag","#tag":"tag","#форматдати":"formatdate","#форматдаты":"formatdate","#formatdate":"formatdate","#dateformat":"formatdate","беззовнішніхпосилань":"noexternallanglinks","noexternallanglinks":"noexternallanglinks","#властивість":"property","#свойство":"property","#property":"property","#statements":"statements","#якщо":"if","#если":"if","#if":"if","#якщорівні":"ifeq","#рівні":"ifeq",
"#ifeq":"ifeq","#вибірка":"switch","#переключатель":"switch","#switch":"switch","#якщоіснує":"ifexist","#ifexist":"ifexist","#якщовираз":"ifexpr","#ifexpr":"ifexpr","#якщопомилка":"iferror","#еслиошибка":"iferror","#iferror":"iferror","#время":"time","#time":"time","#мвремя":"timel","#timel":"timel","#вираз":"expr","#expr":"expr","#rel2abs":"rel2abs","#titleparts":"titleparts","#деревокатегорій":"categorytree","#деревокатегорий":"categorytree","#categorytree":"categorytree","#lst":"lst","#section":"lst","#lstx":"lstx","#section-x":"lstx","#lsth":"lsth","#section-h":"lsth","#target":"target","#вавилон":"babel","#вавілон":"babel","#babel":"babel","#coordinates":"coordinates","#викликати":"invoke","#вызвать":"invoke","#invoke":"invoke","#related":"related","шлях_до_статті":"articlepath","путь_к_статье":"articlepath","articlepath":
"articlepath","сервер":"server","server":"server","назва_сервера":"servername","название_сервера":"servername","servername":"servername","шлях_до_скрипту":"scriptpath","путь_к_скрипту":"scriptpath","scriptpath":"scriptpath","шлях_до_стилю":"stylepath","путь_к_стилю":"stylepath","stylepath":"stylepath","wbreponame":"wbreponame","numberofwikis":"numberofwikis"},{"КІЛЬКІСТЬ_СТОРІНОК":"numberofpages","КОЛИЧЕСТВО_СТРАНИЦ":"numberofpages","NUMBEROFPAGES":"numberofpages","КІЛЬКІСТЬ_КОРИСТУВАЧІВ":"numberofusers","КОЛИЧЕСТВО_УЧАСТНИКОВ":"numberofusers","NUMBEROFUSERS":"numberofusers","КІЛЬКІСТЬ_АКТИВНИХ_КОРИСТУВАЧІВ":"numberofactiveusers","КОЛИЧЕСТВО_АКТИВНЫХ_УЧАСТНИКОВ":"numberofactiveusers","NUMBEROFACTIVEUSERS":"numberofactiveusers","КІЛЬКІСТЬ_СТАТЕЙ":"numberofarticles"
,"КОЛИЧЕСТВО_СТАТЕЙ":"numberofarticles","NUMBEROFARTICLES":"numberofarticles","КІЛЬКІСТЬ_ФАЙЛІВ":"numberoffiles","КОЛИЧЕСТВО_ФАЙЛОВ":"numberoffiles","NUMBEROFFILES":"numberoffiles","КІЛЬКІСТЬ_АДМІНІСТРАТОРІВ":"numberofadmins","КОЛИЧЕСТВО_АДМИНИСТРАТОРОВ":"numberofadmins","NUMBEROFADMINS":"numberofadmins","КІЛЬКІСТЬ_У_ГРУПІ":"numberingroup","ЧИСЛО_В_ГРУППЕ":"numberingroup","NUMBERINGROUP":"numberingroup","NUMINGROUP":"numberingroup","КІЛЬКІСТЬ_РЕДАГУВАНЬ":"numberofedits","КОЛИЧЕСТВО_ПРАВОК":"numberofedits","NUMBEROFEDITS":"numberofedits","СТАНДАРТНЕ_СОРТУВАННЯ:_КЛЮЧ_СОРТУВАННЯ":"defaultsort","СОРТИРОВКА_ПО_УМОЛЧАНИЮ":"defaultsort","КЛЮЧ_СОРТИРОВКИ":"defaultsort","DEFAULTSORT":"defaultsort","DEFAULTSORTKEY":"defaultsort","DEFAULTCATEGORYSORT":"defaultsort",
"СТОР_В_КАТ":"pagesincategory","СТОР_У_КАТ":"pagesincategory","СТОРІНОК_У_КАТЕГОРІЇ":"pagesincategory","СТРАНИЦ_В_КАТЕГОРИИ":"pagesincategory","PAGESINCATEGORY":"pagesincategory","PAGESINCAT":"pagesincategory","РОЗМІР":"pagesize","РОЗМІР_СТОРІНКИ":"pagesize","РАЗМЕР_СТРАНИЦЫ":"pagesize","PAGESIZE":"pagesize","РІВЕНЬ_ЗАХИСТУ":"protectionlevel","УРОВЕНЬ_ЗАЩИТЫ":"protectionlevel","PROTECTIONLEVEL":"protectionlevel","PROTECTIONEXPIRY":"protectionexpiry","ПРОСТІР_НАЗВ_2":"namespacee","ПРОСТРАНСТВО_ИМЁН_2":"namespacee","NAMESPACEE":"namespacee","НОМЕР_ПРОСТРАНСТВА_ИМЁН":"namespacenumber","NAMESPACENUMBER":"namespacenumber","ПРОСТІР_ОБГОВОРЕННЯ":"talkspace","ПРОСТРАНСТВО_ОБСУЖДЕНИЙ":"talkspace","TALKSPACE":"talkspace","ПРОСТІР_ОБГОВОРЕННЯ_2":"talkspacee",
"ПРОСТРАНСТВО_ОБСУЖДЕНИЙ_2":"talkspacee","TALKSPACEE":"talkspacee","ПРОСТІР_СТАТЕЙ":"subjectspace","ПРОСТРАНСТВО_СТАТЕЙ":"subjectspace","SUBJECTSPACE":"subjectspace","ARTICLESPACE":"subjectspace","ПРОСТІР_СТАТЕЙ_2":"subjectspacee","ПРОСТРАНСТВО_СТАТЕЙ_2":"subjectspacee","SUBJECTSPACEE":"subjectspacee","ARTICLESPACEE":"subjectspacee","НАЗВА_СТОРІНКИ":"pagename","НАЗВАНИЕ_СТРАНИЦЫ":"pagename","PAGENAME":"pagename","НАЗВА_СТОРІНКИ_2":"pagenamee","НАЗВАНИЕ_СТРАНИЦЫ_2":"pagenamee","PAGENAMEE":"pagenamee","ПОВНА_НАЗВА_СТОРІНКИ":"fullpagename","ПОЛНОЕ_НАЗВАНИЕ_СТРАНИЦЫ":"fullpagename","FULLPAGENAME":"fullpagename","ПОВНА_НАЗВА_СТОРІНКИ_2":"fullpagenamee","ПОЛНОЕ_НАЗВАНИЕ_СТРАНИЦЫ_2":"fullpagenamee","FULLPAGENAMEE":"fullpagenamee","ROOTPAGENAME":"rootpagename","ROOTPAGENAMEE"
:"rootpagenamee","ОСНОВА_НАЗВИ_ПІДСТОРІНКИ":"basepagename","ОСНОВА_НАЗВАНИЯ_СТРАНИЦЫ":"basepagename","BASEPAGENAME":"basepagename","ОСНОВА_НАЗВИ_ПІДСТОРІНКИ_2":"basepagenamee","ОСНОВА_НАЗВАНИЯ_СТРАНИЦЫ_2":"basepagenamee","BASEPAGENAMEE":"basepagenamee","НАЗВА_ПІДСТОРІНКИ":"subpagename","НАЗВАНИЕ_ПОДСТРАНИЦЫ":"subpagename","SUBPAGENAME":"subpagename","НАЗВА_ПІДСТОРІНКИ_2":"subpagenamee","НАЗВАНИЕ_ПОДСТРАНИЦЫ_2":"subpagenamee","SUBPAGENAMEE":"subpagenamee","НАЗВА_СТОРІНКИ_ОБГОВОРЕННЯ":"talkpagename","НАЗВАНИЕ_СТРАНИЦЫ_ОБСУЖДЕНИЯ":"talkpagename","TALKPAGENAME":"talkpagename","НАЗВА_СТОРІНКИ_ОБГОВОРЕННЯ_2":"talkpagenamee","НАЗВАНИЕ_СТРАНИЦЫ_ОБСУЖДЕНИЯ_2":"talkpagenamee","TALKPAGENAMEE":"talkpagenamee","НАЗВА_СТАТТІ":
"subjectpagename","НАЗВА_СТОРІНКИ_СТАТТІ":"subjectpagename","НАЗВАНИЕ_СТРАНИЦЫ_СТАТЬИ":"subjectpagename","SUBJECTPAGENAME":"subjectpagename","ARTICLEPAGENAME":"subjectpagename","НАЗВА_СТАТТІ_2":"subjectpagenamee","НАЗВА_СТОРІНКИ_СТАТТІ_2":"subjectpagenamee","НАЗВАНИЕ_СТРАНИЦЫ_СТАТЬИ_2":"subjectpagenamee","SUBJECTPAGENAMEE":"subjectpagenamee","ARTICLEPAGENAMEE":"subjectpagenamee","ІД_ВЕРСІЇ":"revisionid","ИД_ВЕРСИИ":"revisionid","REVISIONID":"revisionid","ДЕНЬ_ВЕРСІЇ":"revisionday","ДЕНЬ_ВЕРСИИ":"revisionday","REVISIONDAY":"revisionday","ДЕНЬ_ВЕРСІЇ_2":"revisionday2","ДЕНЬ_ВЕРСИИ_2":"revisionday2","REVISIONDAY2":"revisionday2","МІСЯЦЬ_ВЕРСІЇ":"revisionmonth","МЕСЯЦ_ВЕРСИИ":"revisionmonth","REVISIONMONTH":"revisionmonth","МІСЯЦЬ_ВЕРСІЇ_1":"revisionmonth1","МЕСЯЦ_ВЕРСИИ_1":"revisionmonth1",
"REVISIONMONTH1":"revisionmonth1","РІК_ВЕРСІЇ":"revisionyear","ГОД_ВЕРСИИ":"revisionyear","REVISIONYEAR":"revisionyear","МІТКА_ЧАСУ_ВЕРСІЇ":"revisiontimestamp","ОТМЕТКА_ВРЕМЕНИ_ВЕРСИИ":"revisiontimestamp","REVISIONTIMESTAMP":"revisiontimestamp","ВЕРСІЯ_КОРИСТУВАЧА":"revisionuser","ВЕРСИЯ_УЧАСТНИКА":"revisionuser","REVISIONUSER":"revisionuser","CASCADINGSOURCES":"cascadingsources","ПРОСТІР_НАЗВ":"namespace","ПРОСТРАНСТВО_ИМЁН":"namespace","NAMESPACE":"namespace","ПОКАЗАТИ_ЗАГОЛОВОК":"displaytitle","ПОКАЗАТЬ_ЗАГОЛОВОК":"displaytitle","DISPLAYTITLE":"displaytitle","!":"!","ПОТОЧНИЙ_МІСЯЦЬ":"currentmonth","ПОТОЧНИЙ_МІСЯЦЬ_2":"currentmonth","ТЕКУЩИЙ_МЕСЯЦ":"currentmonth","ТЕКУЩИЙ_МЕСЯЦ_2":"currentmonth","CURRENTMONTH":"currentmonth","CURRENTMONTH2":"currentmonth","ПОТОЧНИЙ_МІСЯЦЬ_1"
:"currentmonth1","ТЕКУЩИЙ_МЕСЯЦ_1":"currentmonth1","CURRENTMONTH1":"currentmonth1","НАЗВА_ПОТОЧНОГО_МІСЯЦЯ":"currentmonthname","НАЗВАНИЕ_ТЕКУЩЕГО_МЕСЯЦА":"currentmonthname","CURRENTMONTHNAME":"currentmonthname","НАЗВА_ПОТОЧНОГО_МІСЯЦЯ_РОД":"currentmonthnamegen","НАЗВАНИЕ_ТЕКУЩЕГО_МЕСЯЦА_РОД":"currentmonthnamegen","CURRENTMONTHNAMEGEN":"currentmonthnamegen","НАЗВА_ПОТОЧНОГО_МІСЯЦЯ_АБР":"currentmonthabbrev","НАЗВАНИЕ_ТЕКУЩЕГО_МЕСЯЦА_АБР":"currentmonthabbrev","CURRENTMONTHABBREV":"currentmonthabbrev","ПОТОЧНИЙ_ДЕНЬ":"currentday","ТЕКУЩИЙ_ДЕНЬ":"currentday","CURRENTDAY":"currentday","ПОТОЧНИЙ_ДЕНЬ_2":"currentday2","ТЕКУЩИЙ_ДЕНЬ_2":"currentday2","CURRENTDAY2":"currentday2","НАЗВА_ПОТОЧНОГО_ДНЯ":"currentdayname","НАЗВАНИЕ_ТЕКУЩЕГО_ДНЯ":"currentdayname",
"CURRENTDAYNAME":"currentdayname","ПОТОЧНИЙ_РІК":"currentyear","ТЕКУЩИЙ_ГОД":"currentyear","CURRENTYEAR":"currentyear","ПОТОЧНИЙ_ЧАС":"currenttime","ТЕКУЩЕЕ_ВРЕМЯ":"currenttime","CURRENTTIME":"currenttime","ПОТОЧНА_ГОДИНА":"currenthour","ТЕКУЩИЙ_ЧАС":"currenthour","CURRENTHOUR":"currenthour","ЛОКАЛЬНИЙ_МІСЯЦЬ":"localmonth","ЛОКАЛЬНИЙ_МІСЯЦЬ_2":"localmonth","МЕСТНЫЙ_МЕСЯЦ":"localmonth","МЕСТНЫЙ_МЕСЯЦ_2":"localmonth","LOCALMONTH":"localmonth","LOCALMONTH2":"localmonth","ЛОКАЛЬНИЙ_МІСЯЦЬ_1":"localmonth1","МЕСТНЫЙ_МЕСЯЦ_1":"localmonth1","LOCALMONTH1":"localmonth1","НАЗВА_ЛОКАЛЬНОГО_МІСЯЦЯ":"localmonthname","НАЗВАНИЕ_МЕСТНОГО_МЕСЯЦА":"localmonthname","LOCALMONTHNAME":"localmonthname","НАЗВА_ЛОКАЛЬНОГО_МІСЯЦЯ_РОД":"localmonthnamegen",
"НАЗВАНИЕ_МЕСТНОГО_МЕСЯЦА_РОД":"localmonthnamegen","LOCALMONTHNAMEGEN":"localmonthnamegen","НАЗВА_ЛОКАЛЬНОГО_МІСЯЦЯ_АБР":"localmonthabbrev","НАЗВАНИЕ_МЕСТНОГО_МЕСЯЦА_АБР":"localmonthabbrev","LOCALMONTHABBREV":"localmonthabbrev","ЛОКАЛЬНИЙ_ДЕНЬ":"localday","МІСЦЕВИЙ_ДЕНЬ":"localday","МЕСТНЫЙ_ДЕНЬ":"localday","LOCALDAY":"localday","ЛОКАЛЬНИЙ_ДЕНЬ_2":"localday2","МІСЦЕВИЙ_ДЕНЬ_2":"localday2","МЕСТНЫЙ_ДЕНЬ_2":"localday2","LOCALDAY2":"localday2","НАЗВА_ЛОКАЛЬНОГО_ДНЯ":"localdayname","НАЗВА_МІСЦЕВОГО_ДНЯ":"localdayname","НАЗВАНИЕ_МЕСТНОГО_ДНЯ":"localdayname","LOCALDAYNAME":"localdayname","ЛОКАЛЬНИЙ_РІК":"localyear","МІСЦЕВИЙ_РІК":"localyear","МЕСТНЫЙ_ГОД":"localyear","LOCALYEAR":"localyear","ЛОКАЛЬНИЙ_ЧАС":"localtime","МІСЦЕВИЙ_ЧАС":
"localtime","МЕСТНОЕ_ВРЕМЯ":"localtime","LOCALTIME":"localtime","ЛОКАЛЬНА_ГОДИНА":"localhour","МІСЦЕВА_ГОДИНА":"localhour","МЕСТНЫЙ_ЧАС":"localhour","LOCALHOUR":"localhour","НАЗВА_САЙТУ":"sitename","НАЗВАНИЕ_САЙТА":"sitename","SITENAME":"sitename","ПОТОЧНИЙ_ТИЖДЕНЬ":"currentweek","ТЕКУЩАЯ_НЕДЕЛЯ":"currentweek","CURRENTWEEK":"currentweek","ПОТОЧНИЙ_ДЕНЬ_ТИЖНЯ":"currentdow","ТЕКУЩИЙ_ДЕНЬ_НЕДЕЛИ":"currentdow","CURRENTDOW":"currentdow","ЛОКАЛЬНИЙ_ТИЖДЕНЬ":"localweek","МЕСТНАЯ_НЕДЕЛЯ":"localweek","LOCALWEEK":"localweek","ЛОКАЛЬНИЙ_ДЕНЬ_ТИЖНЯ":"localdow","МЕСТНЫЙ_ДЕНЬ_НЕДЕЛИ":"localdow","LOCALDOW":"localdow","REVISIONSIZE":"revisionsize","ПОТОЧНА_ВЕРСІЯ":"currentversion","ТЕКУЩАЯ_ВЕРСИЯ":"currentversion","CURRENTVERSION":"currentversion",
"МІТКА_ПОТОЧНОГО_ЧАСУ":"currenttimestamp","ОТМЕТКА_ТЕКУЩЕГО_ВРЕМЕНИ":"currenttimestamp","CURRENTTIMESTAMP":"currenttimestamp","МІТКА_ЛОКАЛЬНОГО_ЧАСУ":"localtimestamp","ОТМЕТКА_МЕСТНОГО_ВРЕМЕНИ":"localtimestamp","LOCALTIMESTAMP":"localtimestamp","НАПРЯМОК_ПИСЬМА":"directionmark","НАПРАВЛЕНИЕ_ПИСЬМА":"directionmark","DIRECTIONMARK":"directionmark","DIRMARK":"directionmark","МОВА_ВМІСТУ":"contentlanguage","ЯЗЫК_СОДЕРЖАНИЯ":"contentlanguage","CONTENTLANGUAGE":"contentlanguage","CONTENTLANG":"contentlanguage","PAGELANGUAGE":"pagelanguage"}],"urlProtocols":
"bitcoin\\:|ftp\\:\\/\\/|ftps\\:\\/\\/|geo\\:|git\\:\\/\\/|gopher\\:\\/\\/|http\\:\\/\\/|https\\:\\/\\/|irc\\:\\/\\/|ircs\\:\\/\\/|magnet\\:|mailto\\:|mms\\:\\/\\/|news\\:|nntp\\:\\/\\/|redis\\:\\/\\/|sftp\\:\\/\\/|sip\\:|sips\\:|sms\\:|ssh\\:\\/\\/|svn\\:\\/\\/|tel\\:|telnet\\:\\/\\/|urn\\:|worldwind\\:\\/\\/|xmpp\\:|\\/\\/","linkTrailCharacters":"/^([a-zабвгґдеєжзиіїйклмнопрстуфхцчшщьєюяёъы“»]+)(.*)$/sDu"}}