{"extCodeMirrorConfig":{"pluginModules":[],"tagModes":{"ref":"text/mediawiki","pre":"mw-tag-pre","nowiki":"mw-tag-nowiki"},"tags":{"pre":true,"nowiki":true,"gallery":true,"indicator":true,"timeline":true,"hiero":true,"charinsert":true,"ref":true,"references":true,"inputbox":true,"imagemap":true,"source":true,"syntaxhighlight":true,"poem":true,"categorytree":true,"section":true,"score":true,"templatestyles":true,"templatedata":true,"math":true,"ce":true,"chem":true,"graph":true,"maplink":true,"mapframe":true},"doubleUnderscore":[{"__sisukorrata__":"notoc","__notoc__":"notoc","__galeriita__":"nogallery","__nogallery__":"nogallery","__sisukordees__":"forcetoc","__forcetoc__":"forcetoc","__sisukord__":"toc","__toc__":"toc","__alaosalingita__":"noeditsection","__noeditsection__":"noeditsection","__notitleconvert__":"notitleconvert","__notc__":"notitleconvert","__nocontentconvert__":
"nocontentconvert","__nocc__":"nocontentconvert"},{"__UUEALAOSALINK__":"newsectionlink","__NEWSECTIONLINK__":"newsectionlink","__UUEALAOSALINGITA__":"nonewsectionlink","__NONEWSECTIONLINK__":"nonewsectionlink","__PEIDETUDKAT__":"hiddencat","__HIDDENCAT__":"hiddencat","__EXPECTUNUSEDCATEGORY__":"expectunusedcategory","__INDEKS__":"index","INDEKSIGA":"index","__INDEX__":"index","INDEKSITA":"noindex","__NOINDEX__":"noindex","__STATICREDIRECT__":"staticredirect","__NOGLOBAL__":"noglobal","__DISAMBIG__":"disambiguation"}],"functionSynonyms":[{"nr":"ns","ns":"ns","nr1":"nse","nse":"nse","urlencode":"urlencode","esivt":"lcfirst","lcfirst":"lcfirst","esist":"ucfirst","ucfirst":"ucfirst","vt":"lc","lc":"lc","st":"uc","uc":"uc","kohalikurl":"localurl","localurl":"localurl","kohalikurl1":"localurle","localurle":"localurle","täuz'url":"fullurl","koguurl":"fullurl","fullurl":"fullurl","koguurl1":"fullurle","fullurle":"fullurle","canonicalurl":"canonicalurl","canonicalurle":"canonicalurle",
"arvuvormindus":"formatnum","formatnum":"formatnum","grammatik":"grammar","grammar":"grammar","sugu":"gender","gender":"gender","äilugu":"plural","plural":"plural","bidi":"bidi","#keel":"language","#language":"language","padleft":"padleft","padright":"padright","anchorencode":"anchorencode","failitee":"filepath","filepath":"filepath","pageid":"pageid","int":"int","#eri":"special","#special":"special","#eri1":"speciale","#speciale":"speciale","#tag":"tag","#kuupäevavormindus":"formatdate","#formatdate":"formatdate","#dateformat":"formatdate","välistekeelelinkideta":"noexternallanglinks","noexternallanglinks":"noexternallanglinks","#omadus":"property","#property":"property","#statements":"statements","#if":"if","#ifeq":"ifeq","#switch":"switch","#ifexist":"ifexist","#ifexpr":"ifexpr","#iferror":"iferror","#time":"time","#timel":"timel","#expr":"expr","#rel2abs":"rel2abs","#titleparts":"titleparts","#kategooriapuu":"categorytree","#categorytree":"categorytree","#lst":"lst","#section":
"lst","#lstx":"lstx","#section-x":"lstx","#lsth":"lsth","#section-h":"lsth","#target":"target","#paabel":"babel","#babel":"babel","#coordinates":"coordinates","#invoke":"invoke","#related":"related","articlepath":"articlepath","server":"server","serverinimi":"servername","servername":"servername","scriptpath":"scriptpath","stylepath":"stylepath","wbreponame":"wbreponame","numberofwikis":"numberofwikis"},{"LEHEMÄÄR":"numberofpages","NUMBEROFPAGES":"numberofpages","KASUTAJAMÄÄR":"numberofusers","NUMBEROFUSERS":"numberofusers","TEGUSKASUTAJAMÄÄR":"numberofactiveusers","NUMBEROFACTIVEUSERS":"numberofactiveusers","ARTIKLIMÄÄR":"numberofarticles","NUMBEROFARTICLES":"numberofarticles","FAILIMÄÄR":"numberoffiles","NUMBEROFFILES":"numberoffiles","ÜLEMAMÄÄR":"numberofadmins","NUMBEROFADMINS":"numberofadmins","KASUTAJAIDRÜHMAS":"numberingroup","NUMBERINGROUP":"numberingroup","NUMINGROUP":"numberingroup","REDIGEERIMISMÄÄR":"numberofedits","NUMBEROFEDITS":"numberofedits","JÄRJESTA"
:"defaultsort","DEFAULTSORT":"defaultsort","DEFAULTSORTKEY":"defaultsort","DEFAULTCATEGORYSORT":"defaultsort","LEHEKÜLGIKATEGOORIAS":"pagesincategory","PAGESINCATEGORY":"pagesincategory","PAGESINCAT":"pagesincategory","PAGESIZE":"pagesize","KAITSETASE":"protectionlevel","PROTECTIONLEVEL":"protectionlevel","PROTECTIONEXPIRY":"protectionexpiry","NIMERUUM1":"namespacee","NAMESPACEE":"namespacee","NIMERUUMINUMBER":"namespacenumber","NAMESPACENUMBER":"namespacenumber","ARUTELUNIMERUUM":"talkspace","TALKSPACE":"talkspace","ARUTELUNIMERUUM1":"talkspacee","TALKSPACEE":"talkspacee","SISUNIMERUUM":"subjectspace","SUBJECTSPACE":"subjectspace","ARTICLESPACE":"subjectspace","SISUNIMERUUM1":"subjectspacee","SUBJECTSPACEE":"subjectspacee","ARTICLESPACEE":"subjectspacee","LEHEKÜLJENIMI":"pagename","PAGENAME":"pagename","LEHEKÜLJENIMI1":"pagenamee","PAGENAMEE":"pagenamee","KOGULEHEKÜLJENIMI":"fullpagename","FULLPAGENAME":"fullpagename","KOGULEHEKÜLJENIMI1":"fullpagenamee","FULLPAGENAMEE":
"fullpagenamee","JUURLEHEKÜLJENIMI":"rootpagename","ROOTPAGENAME":"rootpagename","JUURLEHEKÜLJENIMI1":"rootpagenamee","ROOTPAGENAMEE":"rootpagenamee","NIMERUUMITANIMI":"basepagename","BASEPAGENAME":"basepagename","NIMERUUMITANIMI1":"basepagenamee","BASEPAGENAMEE":"basepagenamee","ALAMLEHEKÜLJENIMI":"subpagename","SUBPAGENAME":"subpagename","ALAMLEHEKÜLJENIMI1":"subpagenamee","SUBPAGENAMEE":"subpagenamee","ARUTELUNIMI":"talkpagename","TALKPAGENAME":"talkpagename","ARUTELUNIMI1":"talkpagenamee","TALKPAGENAMEE":"talkpagenamee","SUBJECTPAGENAME":"subjectpagename","ARTICLEPAGENAME":"subjectpagename","SUBJECTPAGENAMEE":"subjectpagenamee","ARTICLEPAGENAMEE":"subjectpagenamee","REVISIONID":"revisionid","REVISIONDAY":"revisionday","REVISIONDAY2":"revisionday2","REVISIONMONTH":"revisionmonth","REVISIONMONTH1":"revisionmonth1","REVISIONYEAR":"revisionyear","REVISIONTIMESTAMP":"revisiontimestamp","REVISIONUSER":"revisionuser","CASCADINGSOURCES":"cascadingsources","NIMERUUM":"namespace",
"NAMESPACE":"namespace","PEALKIRI":"displaytitle","DISPLAYTITLE":"displaytitle","!":"!","HETKEKUU":"currentmonth","CURRENTMONTH":"currentmonth","CURRENTMONTH2":"currentmonth","HETKEKUU1":"currentmonth1","CURRENTMONTH1":"currentmonth1","HETKEKUUNIMETUS":"currentmonthname","CURRENTMONTHNAME":"currentmonthname","HETKEKUUOM":"currentmonthnamegen","CURRENTMONTHNAMEGEN":"currentmonthnamegen","HETKEKUULÜH":"currentmonthabbrev","CURRENTMONTHABBREV":"currentmonthabbrev","HETKEKUUPÄEV":"currentday","CURRENTDAY":"currentday","HETKEKUUPÄEV2":"currentday2","CURRENTDAY2":"currentday2","HETKENÄDALAPÄEV":"currentdayname","CURRENTDAYNAME":"currentdayname","HETKEAASTA":"currentyear","CURRENTYEAR":"currentyear","HETKEAEG":"currenttime","CURRENTTIME":"currenttime","HETKETUND":"currenthour","CURRENTHOUR":"currenthour","KOHALIKKUU":"localmonth","LOCALMONTH":"localmonth","LOCALMONTH2":"localmonth","KOHALIKKUU1":"localmonth1","LOCALMONTH1":"localmonth1","KOHALIKKUUNIMETUS":"localmonthname",
"LOCALMONTHNAME":"localmonthname","KOHALIKKUUOM":"localmonthnamegen","LOCALMONTHNAMEGEN":"localmonthnamegen","KOHALIKKUULÜH":"localmonthabbrev","LOCALMONTHABBREV":"localmonthabbrev","KOHALIKKUUPÄEV":"localday","LOCALDAY":"localday","KOHALIKKUUPÄEV2":"localday2","LOCALDAY2":"localday2","KOHALIKNÄDALAPÄEV":"localdayname","LOCALDAYNAME":"localdayname","KOHALIKAASTA":"localyear","LOCALYEAR":"localyear","KOHALIKAEG":"localtime","LOCALTIME":"localtime","KOHALIKTUND":"localhour","LOCALHOUR":"localhour","SAITANNIMI":"sitename","KOHANIMI":"sitename","SITENAME":"sitename","HETKENÄDAL":"currentweek","CURRENTWEEK":"currentweek","HETKENÄDALAPÄEV1":"currentdow","CURRENTDOW":"currentdow","KOHALIKNÄDAL":"localweek","LOCALWEEK":"localweek","KOHALIKNÄDALAPÄEV1":"localdow","LOCALDOW":"localdow","REVISIONSIZE":"revisionsize","CURRENTVERSION":"currentversion","HETKEAJATEMPEL":"currenttimestamp","CURRENTTIMESTAMP":"currenttimestamp","KOHALIKAJATEMPEL":"localtimestamp","LOCALTIMESTAMP":
"localtimestamp","DIRECTIONMARK":"directionmark","DIRMARK":"directionmark","VAIKEKEEL":"contentlanguage","CONTENTLANGUAGE":"contentlanguage","CONTENTLANG":"contentlanguage","PAGELANGUAGE":"pagelanguage"}],"urlProtocols":"bitcoin\\:|ftp\\:\\/\\/|ftps\\:\\/\\/|geo\\:|git\\:\\/\\/|gopher\\:\\/\\/|http\\:\\/\\/|https\\:\\/\\/|irc\\:\\/\\/|ircs\\:\\/\\/|magnet\\:|mailto\\:|mms\\:\\/\\/|news\\:|nntp\\:\\/\\/|redis\\:\\/\\/|sftp\\:\\/\\/|sip\\:|sips\\:|sms\\:|ssh\\:\\/\\/|svn\\:\\/\\/|tel\\:|telnet\\:\\/\\/|urn\\:|worldwind\\:\\/\\/|xmpp\\:|\\/\\/","linkTrailCharacters":"/^([äöõšüža-z]+)(.*)$/sDu"}}