{"extCodeMirrorConfig":{"pluginModules":[],"tagModes":{"ref":"text/mediawiki","pre":"mw-tag-pre","nowiki":"mw-tag-nowiki"},"tags":{"pre":true,"nowiki":true,"gallery":true,"indicator":true,"timeline":true,"hiero":true,"charinsert":true,"ref":true,"references":true,"inputbox":true,"imagemap":true,"source":true,"syntaxhighlight":true,"poem":true,"categorytree":true,"section":true,"score":true,"templatestyles":true,"templatedata":true,"math":true,"ce":true,"chem":true,"graph":true,"maplink":true,"mapframe":true},"doubleUnderscore":[{"__gancá__":"notoc","__notoc__":"notoc","__nogallery__":"nogallery","__cágachuair__":"forcetoc","__forcetoc__":"forcetoc","__cá__":"toc","__toc__":"toc","__ganmhírathrú__":"noeditsection","__noeditsection__":"noeditsection","__gantiontúnadteideal__":"notitleconvert","__gantt__":"notitleconvert","__notitleconvert__":"notitleconvert","__notc__":"notitleconvert"
,"__gantiontúnanábhair__":"nocontentconvert","__ganta__":"nocontentconvert","__nocontentconvert__":"nocontentconvert","__nocc__":"nocontentconvert"},{"__NEWSECTIONLINK__":"newsectionlink","__NONEWSECTIONLINK__":"nonewsectionlink","__HIDDENCAT__":"hiddencat","__EXPECTUNUSEDCATEGORY__":"expectunusedcategory","__INDEX__":"index","__NOINDEX__":"noindex","__STATICREDIRECT__":"staticredirect","__NOGLOBAL__":"noglobal","__DISAMBIG__":"disambiguation"}],"functionSynonyms":[{"as":"ns","ns":"ns","nse":"nse","urlencode":"urlencode","lcfirst":"lcfirst","ucfirst":"ucfirst","lc":"lc","uc":"uc","urláitiúil":"localurl","localurl":"localurl","urláitiúilb":"localurle","localurle":"localurle","fullurl":"fullurl","fullurle":"fullurle","canonicalurl":"canonicalurl","canonicalurle":"canonicalurle","formatnum":"formatnum","gramadach":"grammar","grammar":"grammar","gender":"gender","plural":"plural","bidi":"bidi","#language":"language","padleft":"padleft","padright":"padright","anchorencode":
"anchorencode","filepath":"filepath","pageid":"pageid","inmh":"int","int":"int","#special":"special","#speciale":"speciale","#tag":"tag","#formatdate":"formatdate","#dateformat":"formatdate","noexternallanglinks":"noexternallanglinks","#property":"property","#statements":"statements","#if":"if","#ifeq":"ifeq","#switch":"switch","#ifexist":"ifexist","#ifexpr":"ifexpr","#iferror":"iferror","#time":"time","#timel":"timel","#expr":"expr","#rel2abs":"rel2abs","#titleparts":"titleparts","#categorytree":"categorytree","#lst":"lst","#section":"lst","#lstx":"lstx","#section-x":"lstx","#lsth":"lsth","#section-h":"lsth","#target":"target","#babel":"babel","#coordinates":"coordinates","#invoke":"invoke","#related":"related","articlepath":"articlepath","freastalaí":"server","server":"server","ainmanfhreastalaí":"servername","servername":"servername","scriptchosán":"scriptpath","scriptpath":"scriptpath","stylepath":"stylepath","wbreponame":"wbreponame","numberofwikis":"numberofwikis"},{
"NUMBEROFPAGES":"numberofpages","NUMBEROFUSERS":"numberofusers","NUMBEROFACTIVEUSERS":"numberofactiveusers","LÍONNANALT":"numberofarticles","NUMBEROFARTICLES":"numberofarticles","LÍONNAGCOMHAD":"numberoffiles","NUMBEROFFILES":"numberoffiles","NUMBEROFADMINS":"numberofadmins","NUMBERINGROUP":"numberingroup","NUMINGROUP":"numberingroup","NUMBEROFEDITS":"numberofedits","DEFAULTSORT":"defaultsort","DEFAULTSORTKEY":"defaultsort","DEFAULTCATEGORYSORT":"defaultsort","PAGESINCATEGORY":"pagesincategory","PAGESINCAT":"pagesincategory","PAGESIZE":"pagesize","PROTECTIONLEVEL":"protectionlevel","PROTECTIONEXPIRY":"protectionexpiry","NAMESPACEE":"namespacee","NAMESPACENUMBER":"namespacenumber","TALKSPACE":"talkspace","TALKSPACEE":"talkspacee","SUBJECTSPACE":"subjectspace","ARTICLESPACE":"subjectspace","SUBJECTSPACEE":"subjectspacee","ARTICLESPACEE":"subjectspacee","AINMANLGH":"pagename","PAGENAME":"pagename","AINMANLGHB":"pagenamee","PAGENAMEE":"pagenamee","FULLPAGENAME":"fullpagename",
"FULLPAGENAMEE":"fullpagenamee","ROOTPAGENAME":"rootpagename","ROOTPAGENAMEE":"rootpagenamee","BASEPAGENAME":"basepagename","BASEPAGENAMEE":"basepagenamee","SUBPAGENAME":"subpagename","SUBPAGENAMEE":"subpagenamee","TALKPAGENAME":"talkpagename","TALKPAGENAMEE":"talkpagenamee","SUBJECTPAGENAME":"subjectpagename","ARTICLEPAGENAME":"subjectpagename","SUBJECTPAGENAMEE":"subjectpagenamee","ARTICLEPAGENAMEE":"subjectpagenamee","IDANLEASAITHE":"revisionid","REVISIONID":"revisionid","REVISIONDAY":"revisionday","REVISIONDAY2":"revisionday2","REVISIONMONTH":"revisionmonth","REVISIONMONTH1":"revisionmonth1","REVISIONYEAR":"revisionyear","REVISIONTIMESTAMP":"revisiontimestamp","REVISIONUSER":"revisionuser","CASCADINGSOURCES":"cascadingsources","AINMSPÁS":"namespace","NAMESPACE":"namespace","DISPLAYTITLE":"displaytitle","!":"!","MÍLÁITHREACH":"currentmonth","CURRENTMONTH":"currentmonth","CURRENTMONTH2":"currentmonth","CURRENTMONTH1":"currentmonth1","AINMNAMÍOSALÁITHREAÍ":"currentmonthname",
"CURRENTMONTHNAME":"currentmonthname","GINAINMNAMÍOSALÁITHREAÍ":"currentmonthnamegen","CURRENTMONTHNAMEGEN":"currentmonthnamegen","GIORRÚNAMÍOSALÁITHREAÍ":"currentmonthabbrev","CURRENTMONTHABBREV":"currentmonthabbrev","LÁLÁITHREACH":"currentday","CURRENTDAY":"currentday","CURRENTDAY2":"currentday2","AINMANLAELÁITHRIGH":"currentdayname","CURRENTDAYNAME":"currentdayname","BLIAINLÁITHREACH":"currentyear","CURRENTYEAR":"currentyear","AMLÁITHREACH":"currenttime","CURRENTTIME":"currenttime","CURRENTHOUR":"currenthour","LOCALMONTH":"localmonth","LOCALMONTH2":"localmonth","LOCALMONTH1":"localmonth1","LOCALMONTHNAME":"localmonthname","LOCALMONTHNAMEGEN":"localmonthnamegen","LOCALMONTHABBREV":"localmonthabbrev","LOCALDAY":"localday","LOCALDAY2":"localday2","LOCALDAYNAME":"localdayname","LOCALYEAR":"localyear","LOCALTIME":"localtime","LOCALHOUR":"localhour","AINMANTSUÍMH":"sitename","SITENAME":"sitename","SEACHTAINLÁITHREACH":"currentweek","CURRENTWEEK":"currentweek",
"LÁLÁITHREACHNAS":"currentdow","CURRENTDOW":"currentdow","LOCALWEEK":"localweek","LOCALDOW":"localdow","REVISIONSIZE":"revisionsize","CURRENTVERSION":"currentversion","CURRENTTIMESTAMP":"currenttimestamp","LOCALTIMESTAMP":"localtimestamp","DIRECTIONMARK":"directionmark","DIRMARK":"directionmark","CONTENTLANGUAGE":"contentlanguage","CONTENTLANG":"contentlanguage","PAGELANGUAGE":"pagelanguage"}],"urlProtocols":"bitcoin\\:|ftp\\:\\/\\/|ftps\\:\\/\\/|geo\\:|git\\:\\/\\/|gopher\\:\\/\\/|http\\:\\/\\/|https\\:\\/\\/|irc\\:\\/\\/|ircs\\:\\/\\/|magnet\\:|mailto\\:|mms\\:\\/\\/|news\\:|nntp\\:\\/\\/|redis\\:\\/\\/|sftp\\:\\/\\/|sip\\:|sips\\:|sms\\:|ssh\\:\\/\\/|svn\\:\\/\\/|tel\\:|telnet\\:\\/\\/|urn\\:|worldwind\\:\\/\\/|xmpp\\:|\\/\\/","linkTrailCharacters":"/^([a-z]+)(.*)$/sD"}}