{"extCodeMirrorConfig":{"pluginModules":[],"tagModes":{"ref":"text/mediawiki","pre":"mw-tag-pre","nowiki":"mw-tag-nowiki"},"tags":{"pre":true,"nowiki":true,"gallery":true,"indicator":true,"timeline":true,"hiero":true,"charinsert":true,"ref":true,"references":true,"inputbox":true,"imagemap":true,"source":true,"syntaxhighlight":true,"poem":true,"categorytree":true,"section":true,"score":true,"templatestyles":true,"templatedata":true,"math":true,"ce":true,"chem":true,"graph":true,"maplink":true,"mapframe":true},"doubleUnderscore":[{"__mazmunsiz__":"notoc","__msiz__":"notoc","__мазмұнсыз__":"notoc","__мсыз__":"notoc","__notoc__":"notoc","__qoýmasiz__":"nogallery","__qsiz__":"nogallery","__қоймасыз__":"nogallery","__қсыз__":"nogallery","__nogallery__":"nogallery","__mazmundatqizw__":"forcetoc","__mqizw__":"forcetoc","__мазмұндатқызу__":"forcetoc",
"__мқызу__":"forcetoc","__forcetoc__":"forcetoc","__mazmuni__":"toc","__mzmn__":"toc","__мазмұны__":"toc","__мзмн__":"toc","__toc__":"toc","__bölidimöndemew__":"noeditsection","__bölimöndetkizbew__":"noeditsection","__бөлідімөндемеу__":"noeditsection","__бөлімөндеткізбеу__":"noeditsection","__noeditsection__":"noeditsection","__taqiripatintürlendirgizbew__":"notitleconvert","__tatjoq__":"notitleconvert","__atawalmastirğizbaw__":"notitleconvert","__aabaw__":"notitleconvert","__тақырыпатынтүрлендіргізбеу__":"notitleconvert","__татжоқ__":"notitleconvert","__атауалмастырғызбау__":"notitleconvert","__аабау__":"notitleconvert","__notitleconvert__":"notitleconvert","__notc__":"notitleconvert","__mağlumatintürlendirgizbew__":"nocontentconvert","__matjoq__":"nocontentconvert","__mağlumatalmastirğizbaw__":"nocontentconvert","__mabaw__":"nocontentconvert",
"__мағлұматынтүрлендіргізбеу__":"nocontentconvert","__матжоқ__":"nocontentconvert","__мағлұматалмастырғызбау__":"nocontentconvert","__мабау__":"nocontentconvert","__nocontentconvert__":"nocontentconvert","__nocc__":"nocontentconvert"},{"__JAÑABÖLİMSİLTEMESİ__":"newsectionlink","__ЖАҢАБӨЛІМСІЛТЕМЕСІ__":"newsectionlink","__NEWSECTIONLINK__":"newsectionlink","__NONEWSECTIONLINK__":"nonewsectionlink","__JASIRINSANAT__":"hiddencat","__ЖАСЫРЫНСАНАТ__":"hiddencat","__HIDDENCAT__":"hiddencat","__EXPECTUNUSEDCATEGORY__":"expectunusedcategory","__INDEX__":"index","__NOINDEX__":"noindex","__STATICREDIRECT__":"staticredirect","__NOGLOBAL__":"noglobal","__DISAMBIG__":"disambiguation"}],"functionSynonyms":[{"ea":"ns","esimaya":"ns","еа":"ns","есімая":"ns","ns":"ns","nse":"nse","jaýdimuqamdaw":"urlencode","жайдымұқамдау":"urlencode","urlencode":"urlencode","kä1":"lcfirst",
"kişiärippen1":"lcfirst","кә1":"lcfirst","кішіәріппен1":"lcfirst","lcfirst":"lcfirst","bä1":"ucfirst","basärippen1":"ucfirst","бә1":"ucfirst","басәріппен1":"ucfirst","ucfirst":"ucfirst","kä":"lc","kişiärippen":"lc","кә":"lc","кішіәріппен":"lc","lc":"lc","bä":"uc","basärippen":"uc","бә":"uc","басәріппен":"uc","uc":"uc","jergiliktijaý":"localurl","жергіліктіжай":"localurl","localurl":"localurl","jergiliktijaý2":"localurle","жергіліктіжай2":"localurle","localurle":"localurle","toliqjaýi":"fullurl","toliqjaý":"fullurl","толықжайы":"fullurl","толықжай":"fullurl","fullurl":"fullurl","toliqjaýi2":"fullurle","toliqjaý2":"fullurle","толықжайы2":"fullurle","толықжай2":"fullurle","fullurle":"fullurle","canonicalurl":"canonicalurl","canonicalurle":"canonicalurle","sanpişimi":"formatnum","санпішімі":"formatnum","formatnum":"formatnum","septigi":"grammar","septik":
"grammar","септігі":"grammar","септік":"grammar","grammar":"grammar","gender":"gender","köpşetüri":"plural","köpşe":"plural","көпшетүрі":"plural","көпше":"plural","plural":"plural","bidi":"bidi","#til":"language","#тіл":"language","#language":"language","solğaiğis":"padleft","soliğis":"padleft","солғаығыс":"padleft","солығыс":"padleft","padleft":"padleft","oñğaiğis":"padright","oñiğis":"padright","оңғаығыс":"padright","оңығыс":"padright","padright":"padright","jäkirdimuqamdaw":"anchorencode","жәкірдімұқамдау":"anchorencode","anchorencode":"anchorencode","faýlmekeni":"filepath","файлмекені":"filepath","filepath":"filepath","pageid":"pageid","işki":"int","ішкі":"int","int":"int","#arnaýı":"special","#арнайы":"special","#special":"special","#speciale":"speciale","#belgi":"tag","#белгі":"tag","#tag":"tag","#formatdate":"formatdate","#dateformat":"formatdate",
"noexternallanglinks":"noexternallanglinks","#property":"property","#statements":"statements","#if":"if","#ifeq":"ifeq","#switch":"switch","#ifexist":"ifexist","#ifexpr":"ifexpr","#iferror":"iferror","#time":"time","#timel":"timel","#expr":"expr","#rel2abs":"rel2abs","#titleparts":"titleparts","#categorytree":"categorytree","#lst":"lst","#section":"lst","#lstx":"lstx","#section-x":"lstx","#lsth":"lsth","#section-h":"lsth","#target":"target","#babel":"babel","#coordinates":"coordinates","#invoke":"invoke","#related":"related","articlepath":"articlepath","сервер":"server","server":"server","serveratawi":"servername","сервератауы":"servername","servername":"servername","ämirjoli":"scriptpath","әміржолы":"scriptpath","scriptpath":"scriptpath","stylepath":"stylepath","wbreponame":"wbreponame","numberofwikis":"numberofwikis"},{"BETSANI":"numberofpages","БЕТСАНЫ":"numberofpages","NUMBEROFPAGES":"numberofpages","QATISWŞISANI":"numberofusers",
"ҚАТЫСУШЫСАНЫ":"numberofusers","NUMBEROFUSERS":"numberofusers","NUMBEROFACTIVEUSERS":"numberofactiveusers","MAQALASANI":"numberofarticles","МАҚАЛАСАНЫ":"numberofarticles","NUMBEROFARTICLES":"numberofarticles","FAÝLSANI":"numberoffiles","ФАЙЛСАНЫ":"numberoffiles","NUMBEROFFILES":"numberoffiles","ÄKİMŞİSANI":"numberofadmins","ӘКІМШІСАНЫ":"numberofadmins","NUMBEROFADMINS":"numberofadmins","NUMBERINGROUP":"numberingroup","NUMINGROUP":"numberingroup","ÖÑDEMESANI":"numberofedits","TÜZETWSANI":"numberofedits","ӨҢДЕМЕСАНЫ":"numberofedits","ТҮЗЕТУСАНЫ":"numberofedits","NUMBEROFEDITS":"numberofedits","ÄDEPKİSURIPTAW":"defaultsort","ÄDEPKİSANATSURIPTAW":"defaultsort","ÄDEPKİSURIPTAWKİLTİ":"defaultsort","ÄDEPKİSURIP":"defaultsort","ӘДЕПКІСҰРЫПТАУ":"defaultsort","ӘДЕПКІСАНАТСҰРЫПТАУ":"defaultsort","ӘДЕПКІСҰРЫПТАУКІЛТІ":"defaultsort","ӘДЕПКІСҰРЫП":"defaultsort"
,"DEFAULTSORT":"defaultsort","DEFAULTSORTKEY":"defaultsort","DEFAULTCATEGORYSORT":"defaultsort","SANATTAĞIBETTER":"pagesincategory","САНАТТАҒЫБЕТТЕР":"pagesincategory","PAGESINCATEGORY":"pagesincategory","PAGESINCAT":"pagesincategory","BETMÖLŞERİ":"pagesize","БЕТМӨЛШЕРІ":"pagesize","PAGESIZE":"pagesize","PROTECTIONLEVEL":"protectionlevel","PROTECTIONEXPIRY":"protectionexpiry","ESİMAYASI2":"namespacee","ЕСІМАЯСЫ2":"namespacee","NAMESPACEE":"namespacee","NAMESPACENUMBER":"namespacenumber","TALQILAWAYASI":"talkspace","ТАЛҚЫЛАУАЯСЫ":"talkspace","TALKSPACE":"talkspace","TALQILAWAYASI2":"talkspacee","ТАЛҚЫЛАУАЯСЫ2":"talkspacee","TALKSPACEE":"talkspacee","TAQIRIPBETİ":"subjectspace","MAQALABETİ":"subjectspace","ТАҚЫРЫПБЕТІ":"subjectspace","МАҚАЛАБЕТІ":"subjectspace","SUBJECTSPACE":"subjectspace","ARTICLESPACE":"subjectspace","TAQIRIPBETİ2":"subjectspacee","MAQALABETİ2":"subjectspacee",
"ТАҚЫРЫПБЕТІ2":"subjectspacee","МАҚАЛАБЕТІ2":"subjectspacee","SUBJECTSPACEE":"subjectspacee","ARTICLESPACEE":"subjectspacee","BETATAWI":"pagename","БЕТАТАУЫ":"pagename","PAGENAME":"pagename","BETATAWI2":"pagenamee","БЕТАТАУЫ2":"pagenamee","PAGENAMEE":"pagenamee","TOLIQBETATAWI":"fullpagename","ТОЛЫҚБЕТАТАУЫ":"fullpagename","FULLPAGENAME":"fullpagename","TOLIQBETATAWI2":"fullpagenamee","ТОЛЫҚБЕТАТАУЫ2":"fullpagenamee","FULLPAGENAMEE":"fullpagenamee","ROOTPAGENAME":"rootpagename","ROOTPAGENAMEE":"rootpagenamee","NEGİZGİBETATAWI":"basepagename","НЕГІЗГІБЕТАТАУЫ":"basepagename","BASEPAGENAME":"basepagename","NEGİZGİBETATAWI2":"basepagenamee","НЕГІЗГІБЕТАТАУЫ2":"basepagenamee","BASEPAGENAMEE":"basepagenamee","BETŞEATAWI":"subpagename","ASTIÑĞIBETATAWI":"subpagename","БЕТШЕАТАУЫ":"subpagename","АСТЫҢҒЫБЕТАТАУЫ":"subpagename","SUBPAGENAME":"subpagename","BETŞEATAWI2":
"subpagenamee","ASTIÑĞIBETATAWI2":"subpagenamee","БЕТШЕАТАУЫ2":"subpagenamee","АСТЫҢҒЫБЕТАТАУЫ2":"subpagenamee","SUBPAGENAMEE":"subpagenamee","TALQILAWBETATAWI":"talkpagename","ТАЛҚЫЛАУБЕТАТАУЫ":"talkpagename","TALKPAGENAME":"talkpagename","TALQILAWBETATAWI2":"talkpagenamee","ТАЛҚЫЛАУБЕТАТАУЫ2":"talkpagenamee","TALKPAGENAMEE":"talkpagenamee","TAQIRIPBETATAWI":"subjectpagename","MAQALABETATAWI":"subjectpagename","ТАҚЫРЫПБЕТАТАУЫ":"subjectpagename","МАҚАЛАБЕТАТАУЫ":"subjectpagename","SUBJECTPAGENAME":"subjectpagename","ARTICLEPAGENAME":"subjectpagename","TAQIRIPBETATAWI2":"subjectpagenamee","MAQALABETATAWI2":"subjectpagenamee","ТАҚЫРЫПБЕТАТАУЫ2":"subjectpagenamee","МАҚАЛАБЕТАТАУЫ2":"subjectpagenamee","SUBJECTPAGENAMEE":"subjectpagenamee","ARTICLEPAGENAMEE":"subjectpagenamee","TÜZETWNÖMİRİ":"revisionid","NUSQANÖMİRİ":"revisionid","ТҮЗЕТУНӨМІРІ":
"revisionid","НҰСҚАНӨМІРІ":"revisionid","REVISIONID":"revisionid","TÜZETWKÜNİ":"revisionday","NUSQAKÜNİ":"revisionday","ТҮЗЕТУКҮНІ":"revisionday","НҰСҚАКҮНІ":"revisionday","REVISIONDAY":"revisionday","TÜZETWKÜNİ2":"revisionday2","NUSQAKÜNİ2":"revisionday2","ТҮЗЕТУКҮНІ2":"revisionday2","НҰСҚАКҮНІ2":"revisionday2","REVISIONDAY2":"revisionday2","TÜZETWAÝI":"revisionmonth","NUSQAAÝI":"revisionmonth","ТҮЗЕТУАЙЫ":"revisionmonth","НҰСҚААЙЫ":"revisionmonth","REVISIONMONTH":"revisionmonth","REVISIONMONTH1":"revisionmonth1","TÜZETWJILI":"revisionyear","NUSQAJILI":"revisionyear","ТҮЗЕТУЖЫЛЫ":"revisionyear","НҰСҚАЖЫЛЫ":"revisionyear","REVISIONYEAR":"revisionyear","TÜZETWWAQITITAÑBASI":"revisiontimestamp","NUSQAWAQITTÜÝİNDEMESİ":"revisiontimestamp","ТҮЗЕТУУАҚЫТЫТАҢБАСЫ":"revisiontimestamp","НҰСҚАУАҚЫТТҮЙІНДЕМЕСІ":"revisiontimestamp","REVISIONTIMESTAMP":
"revisiontimestamp","REVISIONUSER":"revisionuser","CASCADINGSOURCES":"cascadingsources","ESİMAYASI":"namespace","ЕСІМАЯСЫ":"namespace","NAMESPACE":"namespace","KÖRİNETİNTAQIRIAPATI":"displaytitle","KÖRSETİLETİNATAW":"displaytitle","КӨРІНЕТІНТАҚЫРЫАПАТЫ":"displaytitle","КӨРСЕТІЛЕТІНАТАУ":"displaytitle","DISPLAYTITLE":"displaytitle","!":"!","AĞIMDAĞIAÝ":"currentmonth","АҒЫМДАҒЫАЙ":"currentmonth","CURRENTMONTH":"currentmonth","CURRENTMONTH2":"currentmonth","CURRENTMONTH1":"currentmonth1","AĞIMDAĞIAÝATAWI":"currentmonthname","АҒЫМДАҒЫАЙАТАУЫ":"currentmonthname","CURRENTMONTHNAME":"currentmonthname","AĞIMDAĞIAÝİLİKATAWI":"currentmonthnamegen","АҒЫМДАҒЫАЙІЛІКАТАУЫ":"currentmonthnamegen","CURRENTMONTHNAMEGEN":"currentmonthnamegen","AĞIMDAĞIAÝJÏIR":"currentmonthabbrev","AĞIMDAĞIAÝQISQA":"currentmonthabbrev","АҒЫМДАҒЫАЙЖИЫР":"currentmonthabbrev",
"АҒЫМДАҒЫАЙҚЫСҚА":"currentmonthabbrev","CURRENTMONTHABBREV":"currentmonthabbrev","AĞIMDAĞIKÜN":"currentday","АҒЫМДАҒЫКҮН":"currentday","CURRENTDAY":"currentday","AĞIMDAĞIKÜN2":"currentday2","АҒЫМДАҒЫКҮН2":"currentday2","CURRENTDAY2":"currentday2","AĞIMDAĞIKÜNATAWI":"currentdayname","АҒЫМДАҒЫКҮНАТАУЫ":"currentdayname","CURRENTDAYNAME":"currentdayname","AĞIMDAĞIJIL":"currentyear","АҒЫМДАҒЫЖЫЛ":"currentyear","CURRENTYEAR":"currentyear","AĞIMDAĞIWAQIT":"currenttime","АҒЫМДАҒЫУАҚЫТ":"currenttime","CURRENTTIME":"currenttime","AĞIMDAĞISAĞAT":"currenthour","АҒЫМДАҒЫСАҒАТ":"currenthour","CURRENTHOUR":"currenthour","JERGİLİKTİAÝ":"localmonth","ЖЕРГІЛІКТІАЙ":"localmonth","LOCALMONTH":"localmonth","LOCALMONTH2":"localmonth","LOCALMONTH1":"localmonth1","JERGİLİKTİAÝATAWI":"localmonthname","ЖЕРГІЛІКТІАЙАТАУЫ":"localmonthname","LOCALMONTHNAME":"localmonthname"
,"JERGİLİKTİAÝİLİKATAWI":"localmonthnamegen","ЖЕРГІЛІКТІАЙІЛІКАТАУЫ":"localmonthnamegen","LOCALMONTHNAMEGEN":"localmonthnamegen","JERGİLİKTİAÝJÏIR":"localmonthabbrev","JERGİLİKTİAÝQISQAŞA":"localmonthabbrev","JERGİLİKTİAÝQISQA":"localmonthabbrev","ЖЕРГІЛІКТІАЙЖИЫР":"localmonthabbrev","ЖЕРГІЛІКТІАЙҚЫСҚАША":"localmonthabbrev","ЖЕРГІЛІКТІАЙҚЫСҚА":"localmonthabbrev","LOCALMONTHABBREV":"localmonthabbrev","JERGİLİKTİKÜN":"localday","ЖЕРГІЛІКТІКҮН":"localday","LOCALDAY":"localday","JERGİLİKTİKÜN2":"localday2","ЖЕРГІЛІКТІКҮН2":"localday2","LOCALDAY2":"localday2","JERGİLİKTİKÜNATAWI":"localdayname","ЖЕРГІЛІКТІКҮНАТАУЫ":"localdayname","LOCALDAYNAME":"localdayname","JERGİLİKTİJIL":"localyear","ЖЕРГІЛІКТІЖЫЛ":"localyear","LOCALYEAR":"localyear","JERGİLİKTİWAQIT":"localtime","ЖЕРГІЛІКТІУАҚЫТ":"localtime","LOCALTIME":
"localtime","JERGİLİKTİSAĞAT":"localhour","ЖЕРГІЛІКТІСАҒАТ":"localhour","LOCALHOUR":"localhour","TORAPATAWI":"sitename","ТОРАПАТАУЫ":"sitename","SITENAME":"sitename","AĞIMDAĞIAPTASI":"currentweek","AĞIMDAĞIAPTA":"currentweek","АҒЫМДАҒЫАПТАСЫ":"currentweek","АҒЫМДАҒЫАПТА":"currentweek","CURRENTWEEK":"currentweek","AĞIMDAĞIAPTAKÜNİ":"currentdow","АҒЫМДАҒЫАПТАКҮНІ":"currentdow","CURRENTDOW":"currentdow","JERGİLİKTİAPTASI":"localweek","JERGİLİKTİAPTA":"localweek","ЖЕРГІЛІКТІАПТАСЫ":"localweek","ЖЕРГІЛІКТІАПТА":"localweek","LOCALWEEK":"localweek","JERGİLİKTİAPTAKÜNİ":"localdow","ЖЕРГІЛІКТІАПТАКҮНІ":"localdow","LOCALDOW":"localdow","REVISIONSIZE":"revisionsize","BAĞDARLAMANUSQASI":"currentversion","БАҒДАРЛАМАНҰСҚАСЫ":"currentversion","CURRENTVERSION":"currentversion","AĞIMDAĞIWAQITTÜÝİNDEMESİ":"currenttimestamp",
"AĞIMDAĞIWAQITTÜÝİN":"currenttimestamp","АҒЫМДАҒЫУАҚЫТТҮЙІНДЕМЕСІ":"currenttimestamp","АҒЫМДАҒЫУАҚЫТТҮЙІН":"currenttimestamp","CURRENTTIMESTAMP":"currenttimestamp","JERGİLİKTİWAQITTÜÝİNDEMESİ":"localtimestamp","JERGİLİKTİWAQITTÜÝİN":"localtimestamp","ЖЕРГІЛІКТІУАҚЫТТҮЙІНДЕМЕСІ":"localtimestamp","ЖЕРГІЛІКТІУАҚЫТТҮЙІН":"localtimestamp","LOCALTIMESTAMP":"localtimestamp","BAĞITBELGİSİ":"directionmark","БАҒЫТБЕЛГІСІ":"directionmark","DIRECTIONMARK":"directionmark","DIRMARK":"directionmark","MAĞLUMATTİLİ":"contentlanguage","МАҒЛҰМАТТІЛІ":"contentlanguage","CONTENTLANGUAGE":"contentlanguage","CONTENTLANG":"contentlanguage","PAGELANGUAGE":"pagelanguage"}],"urlProtocols":
"bitcoin\\:|ftp\\:\\/\\/|ftps\\:\\/\\/|geo\\:|git\\:\\/\\/|gopher\\:\\/\\/|http\\:\\/\\/|https\\:\\/\\/|irc\\:\\/\\/|ircs\\:\\/\\/|magnet\\:|mailto\\:|mms\\:\\/\\/|news\\:|nntp\\:\\/\\/|redis\\:\\/\\/|sftp\\:\\/\\/|sip\\:|sips\\:|sms\\:|ssh\\:\\/\\/|svn\\:\\/\\/|tel\\:|telnet\\:\\/\\/|urn\\:|worldwind\\:\\/\\/|xmpp\\:|\\/\\/","linkTrailCharacters":"/^((?:[a-zıʼ’“»]|'(?!'))+)(.*)$/sDu"}}