{"extCodeMirrorConfig":{"pluginModules":[],"tagModes":{"ref":"text/mediawiki","pre":"mw-tag-pre","nowiki":"mw-tag-nowiki"},"tags":{"pre":true,"nowiki":true,"gallery":true,"indicator":true,"timeline":true,"hiero":true,"charinsert":true,"ref":true,"references":true,"inputbox":true,"imagemap":true,"source":true,"syntaxhighlight":true,"poem":true,"categorytree":true,"section":true,"score":true,"templatestyles":true,"templatedata":true,"math":true,"ce":true,"chem":true,"graph":true,"maplink":true,"mapframe":true},"doubleUnderscore":[{"__無目錄__":"notoc","__无目录__":"notoc","__notoc__":"notoc","__無圖庫__":"nogallery","__无图库__":"nogallery","__nogallery__":"nogallery","__強制目錄__":"forcetoc","__强显目录__":"forcetoc","__forcetoc__":"forcetoc","__目錄__":"toc","__目录__":"toc","__toc__":"toc","__無段落編輯__":"noeditsection","__无编辑段落__":"noeditsection"
,"__无段落编辑__":"noeditsection","__noeditsection__":"noeditsection","__不轉換標題__":"notitleconvert","__不转换标题__":"notitleconvert","__notitleconvert__":"notitleconvert","__notc__":"notitleconvert","__不轉換內容__":"nocontentconvert","__不转换内容__":"nocontentconvert","__nocontentconvert__":"nocontentconvert","__nocc__":"nocontentconvert"},{"__新段落链接__":"newsectionlink","__NEWSECTIONLINK__":"newsectionlink","__无新段落链接__":"nonewsectionlink","__NONEWSECTIONLINK__":"nonewsectionlink","__隱藏分類__":"hiddencat","__隐藏分类__":"hiddencat","__HIDDENCAT__":"hiddencat","__EXPECTUNUSEDCATEGORY__":"expectunusedcategory","__索引__":"index","__INDEX__":"index","__无索引__":"noindex","__NOINDEX__":"noindex","__靜態重新導向__":"staticredirect","__静态重定向__":"staticredirect","__STATICREDIRECT__":"staticredirect","__NOGLOBAL__":"noglobal","__消除歧义__":"disambiguation","__DISAMBIG__":"disambiguation"}],
"functionSynonyms":[{"命名空間":"ns","名字空间":"ns","ns":"ns","名称空间":"ns","命名空間e":"nse","名字空间e":"nse","nse":"nse","名称空间e":"nse","url编码":"urlencode","urlencode":"urlencode","小写首字":"lcfirst","lcfirst":"lcfirst","大写首字":"ucfirst","ucfirst":"ucfirst","小写":"lc","lc":"lc","大写":"uc","uc":"uc","本地url":"localurl","localurl":"localurl","本地urle":"localurle","localurle":"localurle","完整url":"fullurl","fullurl":"fullurl","完整url等同":"fullurle","fullurle":"fullurle","规范url":"canonicalurl","canonicalurl":"canonicalurl","规范url等同":"canonicalurle","canonicalurle":"canonicalurle","格式化数字":"formatnum","formatnum":"formatnum","语法":"grammar","grammar":"grammar","性別":"gender","性":"gender","性别":"gender","gender":"gender","复数":"plural","plural":"plural","bidi":"bidi","#語言":"language","#语言":"language","#language":"language","左填充":"padleft","padleft":"padleft","右填充":
"padright","padright":"padright","锚编码":"anchorencode","anchorencode":"anchorencode","文件路径":"filepath","filepath":"filepath","頁面id":"pageid","页面id":"pageid","pageid":"pageid","界面":"int","int":"int","#特殊":"special","#special":"special","#特殊等同":"speciale","#speciale":"speciale","#标记":"tag","#tag":"tag","#格式化日期":"formatdate","#日期格式化":"formatdate","#formatdate":"formatdate","#dateformat":"formatdate","隱藏跨語言連結":"noexternallanglinks","无外部语言连接":"noexternallanglinks","noexternallanglinks":"noexternallanglinks","#屬性":"property","#属性":"property","#property":"property","#statements":"statements","#若":"if","#如果":"if","#if":"if","#若相等":"ifeq","#如果相等":"ifeq","#ifeq":"ifeq","#轉換":"switch","#开关":"switch","#转换":"switch","#switch":"switch","#若有":"ifexist","#如有":"ifexist","#ifexist":"ifexist","#若表達式":"ifexpr","#若表达式":"ifexpr","#ifexpr":"ifexpr",
"#如果錯誤":"iferror","#如果错误":"iferror","#iferror":"iferror","#時間":"time","#时间":"time","#time":"time","#時間l":"timel","#时间l":"timel","#timel":"timel","#表達式":"expr","#表达式":"expr","#expr":"expr","#rel2abs":"rel2abs","#标题组成部分":"titleparts","#titleparts":"titleparts","#分類樹":"categorytree","#分类树":"categorytree","#categorytree":"categorytree","#lst":"lst","#section":"lst","#lstx":"lstx","#section-x":"lstx","#lsth":"lsth","#section-h":"lsth","#目標":"target","#目标":"target","#target":"target","#巴別":"babel","#巴别":"babel","#babel":"babel","#coordinates":"coordinates","#調動":"invoke","#调用":"invoke","#invoke":"invoke","#related":"related","条目路径":"articlepath","articlepath":"articlepath","伺服器":"server","服务器":"server","server":"server","伺服器名稱":"servername","服务器名":"servername","servername":"servername","脚本路径":"scriptpath","scriptpath":"scriptpath","样式路径":
"stylepath","stylepath":"stylepath","wb報表名稱":"wbreponame","wb报告名":"wbreponame","wbreponame":"wbreponame","numberofwikis":"numberofwikis"},{"頁面數":"numberofpages","页面数":"numberofpages","NUMBEROFPAGES":"numberofpages","使用者人數量":"numberofusers","用户数":"numberofusers","NUMBEROFUSERS":"numberofusers","活躍使用者人數":"numberofactiveusers","活跃用户数":"numberofactiveusers","NUMBEROFACTIVEUSERS":"numberofactiveusers","文章數":"numberofarticles","条目数":"numberofarticles","NUMBEROFARTICLES":"numberofarticles","檔案數":"numberoffiles","文件数":"numberoffiles","NUMBEROFFILES":"numberoffiles","管理員數":"numberofadmins","管理员数":"numberofadmins","NUMBEROFADMINS":"numberofadmins","组中用户数":"numberingroup","NUMBERINGROUP":"numberingroup","NUMINGROUP":"numberingroup","编辑数":"numberofedits","NUMBEROFEDITS":"numberofedits","默认排序":"defaultsort","默认排序关键字":"defaultsort","默认分类排序":
"defaultsort","DEFAULTSORT":"defaultsort","DEFAULTSORTKEY":"defaultsort","DEFAULTCATEGORYSORT":"defaultsort","分类中页面数":"pagesincategory","PAGESINCATEGORY":"pagesincategory","PAGESINCAT":"pagesincategory","页面大小":"pagesize","PAGESIZE":"pagesize","保护级别":"protectionlevel","PROTECTIONLEVEL":"protectionlevel","PROTECTIONEXPIRY":"protectionexpiry","名字空间等同":"namespacee","NAMESPACEE":"namespacee","命名空間數":"namespacenumber","名字空间编号":"namespacenumber","NAMESPACENUMBER":"namespacenumber","對話空間":"talkspace","讨论空间":"talkspace","讨论名字空间":"talkspace","TALKSPACE":"talkspace","讨论空间等同":"talkspacee","讨论名字空间等同":"talkspacee","TALKSPACEE":"talkspacee","主名字空间":"subjectspace","条目名字空间":"subjectspace","SUBJECTSPACE":"subjectspace","ARTICLESPACE":"subjectspace","主名字空间等同":"subjectspacee","条目名字空间等同":"subjectspacee","SUBJECTSPACEE":"subjectspacee",
"ARTICLESPACEE":"subjectspacee","頁面名稱":"pagename","页名":"pagename","页面名":"pagename","页面名称":"pagename","PAGENAME":"pagename","页面名等同":"pagenamee","页面名称等同":"pagenamee","PAGENAMEE":"pagenamee","页面全称":"fullpagename","完整页面名称":"fullpagename","FULLPAGENAME":"fullpagename","完整页面名称等同":"fullpagenamee","FULLPAGENAMEE":"fullpagenamee","根頁面名稱":"rootpagename","ROOTPAGENAME":"rootpagename","根页面名称":"rootpagename","根頁面名稱E":"rootpagenamee","ROOTPAGENAMEE":"rootpagenamee","根页面名称等同":"rootpagenamee","基础页面名称":"basepagename","BASEPAGENAME":"basepagename","基础页面名称等同":"basepagenamee","BASEPAGENAMEE":"basepagenamee","子页面名称":"subpagename","SUBPAGENAME":"subpagename","子页面名称等同":"subpagenamee","SUBPAGENAMEE":"subpagenamee","讨论页面名称":"talkpagename","对话页面名称":"talkpagename","TALKPAGENAME":"talkpagename",
"讨论页面名称等同":"talkpagenamee","对话页面名称等同":"talkpagenamee","TALKPAGENAMEE":"talkpagenamee","主名字空间页面名称":"subjectpagename","条目页面名称":"subjectpagename","SUBJECTPAGENAME":"subjectpagename","ARTICLEPAGENAME":"subjectpagename","主名字空间页面名称等同":"subjectpagenamee","条目页面名称等同":"subjectpagenamee","SUBJECTPAGENAMEE":"subjectpagenamee","ARTICLEPAGENAMEE":"subjectpagenamee","修订ID":"revisionid","REVISIONID":"revisionid","修订日":"revisionday","REVISIONDAY":"revisionday","修订日2":"revisionday2","REVISIONDAY2":"revisionday2","修订月":"revisionmonth","REVISIONMONTH":"revisionmonth","修订月1":"revisionmonth1","REVISIONMONTH1":"revisionmonth1","修订年":"revisionyear","REVISIONYEAR":"revisionyear","修订时间戳":"revisiontimestamp","REVISIONTIMESTAMP":"revisiontimestamp","修訂使用者":"revisionuser","REVISIONUSER":"revisionuser","修订用户":"revisionuser","级联来源":
"cascadingsources","CASCADINGSOURCES":"cascadingsources","命名空間":"namespace","名字空间":"namespace","NAMESPACE":"namespace","顯示標題":"displaytitle","显示标题":"displaytitle","DISPLAYTITLE":"displaytitle","!":"!","本月":"currentmonth","本月2":"currentmonth","CURRENTMONTH":"currentmonth","CURRENTMONTH2":"currentmonth","本月1":"currentmonth1","CURRENTMONTH1":"currentmonth1","本月名":"currentmonthname","本月名称":"currentmonthname","CURRENTMONTHNAME":"currentmonthname","本月名属格":"currentmonthnamegen","本月名称属格":"currentmonthnamegen","CURRENTMONTHNAMEGEN":"currentmonthnamegen","本月縮寫":"currentmonthabbrev","本月简称":"currentmonthabbrev","CURRENTMONTHABBREV":"currentmonthabbrev","今天":"currentday","CURRENTDAY":"currentday","今天2":"currentday2","CURRENTDAY2":"currentday2","星期":"currentdayname","今天名":"currentdayname","今天名称":"currentdayname","CURRENTDAYNAME":"currentdayname","今年":"currentyear",
"CURRENTYEAR":"currentyear","目前時間":"currenttime","当前时间":"currenttime","此时":"currenttime","CURRENTTIME":"currenttime","当前小时":"currenthour","CURRENTHOUR":"currenthour","本地月":"localmonth","本地月2":"localmonth","LOCALMONTH":"localmonth","LOCALMONTH2":"localmonth","本地月1":"localmonth1","LOCALMONTH1":"localmonth1","本地月份名":"localmonthname","LOCALMONTHNAME":"localmonthname","本地月历":"localmonthnamegen","LOCALMONTHNAMEGEN":"localmonthnamegen","本地月缩写":"localmonthabbrev","LOCALMONTHABBREV":"localmonthabbrev","本地日":"localday","LOCALDAY":"localday","本地日2":"localday2","LOCALDAY2":"localday2","本地日名":"localdayname","LOCALDAYNAME":"localdayname","本地年":"localyear","LOCALYEAR":"localyear","本地时间":"localtime","LOCALTIME":"localtime","本地小时":"localhour","LOCALHOUR":"localhour","網站名稱":"sitename","站点名称":"sitename","SITENAME":"sitename","本周":"currentweek","CURRENTWEEK":"currentweek"
,"当前DOW":"currentdow","CURRENTDOW":"currentdow","本地周":"localweek","LOCALWEEK":"localweek","本地DOW":"localdow","LOCALDOW":"localdow","修订大小":"revisionsize","REVISIONSIZE":"revisionsize","目前版本":"currentversion","当前版本":"currentversion","CURRENTVERSION":"currentversion","当前时间戳":"currenttimestamp","CURRENTTIMESTAMP":"currenttimestamp","本地时间戳":"localtimestamp","LOCALTIMESTAMP":"localtimestamp","方向标记":"directionmark","DIRECTIONMARK":"directionmark","DIRMARK":"directionmark","內容語言":"contentlanguage","内容语言":"contentlanguage","CONTENTLANGUAGE":"contentlanguage","CONTENTLANG":"contentlanguage","PAGELANGUAGE":"pagelanguage"}],"urlProtocols":
"bitcoin\\:|ftp\\:\\/\\/|ftps\\:\\/\\/|geo\\:|git\\:\\/\\/|gopher\\:\\/\\/|http\\:\\/\\/|https\\:\\/\\/|irc\\:\\/\\/|ircs\\:\\/\\/|magnet\\:|mailto\\:|mms\\:\\/\\/|news\\:|nntp\\:\\/\\/|redis\\:\\/\\/|sftp\\:\\/\\/|sip\\:|sips\\:|sms\\:|ssh\\:\\/\\/|svn\\:\\/\\/|tel\\:|telnet\\:\\/\\/|urn\\:|worldwind\\:\\/\\/|xmpp\\:|\\/\\/","linkTrailCharacters":"/^()(.*)$/sD"}}