{"extCodeMirrorConfig":{"pluginModules":[],"tagModes":{"ref":"text/mediawiki","pre":"mw-tag-pre","nowiki":"mw-tag-nowiki"},"tags":{"pre":true,"nowiki":true,"gallery":true,"indicator":true,"timeline":true,"hiero":true,"charinsert":true,"ref":true,"references":true,"inputbox":true,"imagemap":true,"source":true,"syntaxhighlight":true,"poem":true,"categorytree":true,"section":true,"score":true,"templatestyles":true,"templatedata":true,"math":true,"ce":true,"chem":true,"graph":true,"maplink":true,"mapframe":true},"doubleUnderscore":[{"__ingeninnholdsfortegnelse__":"notoc","__notoc__":"notoc","__ingainnhaldsliste__":"notoc","__ingeninnholdsliste__":"notoc","__intetgalleri__":"nogallery","__nogallery__":"nogallery","__inkjegalleri__":"nogallery","__tvinginnholdsfortegnelse__":"forcetoc","__forcetoc__":"forcetoc","__alltidinnhaldsliste__":"forcetoc","__alltidinnholdsliste__":"forcetoc",
"__innholdsfortegnelse__":"toc","__toc__":"toc","__innhaldsliste__":"toc","__innholdsliste__":"toc","__ingenseksjonsredigering__":"noeditsection","__noeditsection__":"noeditsection","__ingabolkendring__":"noeditsection","__ingabolkredigering__":"noeditsection","__ingendelendring__":"noeditsection","__ingentittelkonvertering__":"notitleconvert","__notitleconvert__":"notitleconvert","__notc__":"notitleconvert","__ingeninnholdskonvertering__":"nocontentconvert","__nocontentconvert__":"nocontentconvert","__nocc__":"nocontentconvert"},{"__NYSEKSJONSLENKE__":"newsectionlink","__NEWSECTIONLINK__":"newsectionlink","__INGENNYSEKSJONSLENKE__":"nonewsectionlink","__NONEWSECTIONLINK__":"nonewsectionlink","__SKJULTKATEGORI__":"hiddencat","__HIDDENCAT__":"hiddencat","__GØYMDKAT__":"hiddencat","__LØYNDKAT__":"hiddencat","__EXPECTUNUSEDCATEGORY__":"expectunusedcategory","__INDEKSER__":"index","__INDEX__":"index","__INGENINDEKSERING__":"noindex","__NOINDEX__":"noindex","__STATISTOMDIRIGERING__":
"staticredirect","__STATICREDIRECT__":"staticredirect","__NOGLOBAL__":"noglobal","__DISAMBIG__":"disambiguation"}],"functionSynonyms":[{"nr":"ns","ns":"ns","nse":"nse","urlencode":"urlencode","lfyrst":"lcfirst","lførst":"lcfirst","lcfirst":"lcfirst","sfyrst":"ucfirst","sførst":"ucfirst","ucfirst":"ucfirst","små":"lc","lc":"lc","store":"uc","uc":"uc","lokalurl":"localurl","localurl":"localurl","lokallenkje":"localurl","lokallenke":"localurl","lokalurle":"localurle","localurle":"localurle","lokallenkjee":"localurle","lokallenkee":"localurle","fullurl":"fullurl","fullurle":"fullurle","canonicalurl":"canonicalurl","canonicalurle":"canonicalurle","formattal":"formatnum","formatnum":"formatnum","grammatikk":"grammar","grammar":"grammar","kjønn":"gender","gender":"gender","flertall":"plural","plural":"plural","fleirtal":"plural","bidi":"bidi","#språk":"language","#language":"language","padleft":"padleft","padright":"padright","anchorencode":"anchorencode","filsti":"filepath","filepath":
"filepath","filstig":"filepath","sideid":"pageid","pageid":"pageid","int":"int","#spesial":"special","#special":"special","#speciale":"speciale","#merke":"tag","#tag":"tag","#datoformat":"formatdate","#formatdate":"formatdate","#dateformat":"formatdate","ingenspråklenkjerutanfrå":"noexternallanglinks","noexternallanglinks":"noexternallanglinks","#property":"property","#statements":"statements","#om":"if","#if":"if","#omlik":"ifeq","#ifeq":"ifeq","#byt":"switch","#switch":"switch","#omfinst":"ifexist","#ifexist":"ifexist","#omuttrykk":"ifexpr","#omuttr":"ifexpr","#ifexpr":"ifexpr","#omfeil":"iferror","#iferror":"iferror","#tid":"time","#time":"time","#tidl":"timel","#timel":"timel","#uttrykk":"expr","#uttr":"expr","#expr":"expr","#reltilabs":"rel2abs","#rel2abs":"rel2abs","#titteldelar":"titleparts","#titleparts":"titleparts","#kategoritre":"categorytree","#categorytree":"categorytree","#lst":"lst","#section":"lst","#lstx":"lstx","#section-x":"lstx","#lsth":"lsth","#section-h":"lsth",
"#mål":"target","#target":"target","#babel":"babel","#coordinates":"coordinates","#køyr":"invoke","#invoke":"invoke","#related":"related","artikkelsti":"articlepath","articlepath":"articlepath","artikkelstig":"articlepath","tjener":"server","server":"server","tenar":"server","tjenernavn":"servername","servername":"servername","tenarnamn":"servername","skriptsti":"scriptpath","scriptpath":"scriptpath","skriptstig":"scriptpath","stilsti":"stylepath","stylepath":"stylepath","wbreponame":"wbreponame","numberofwikis":"numberofwikis"},{"ANTALLSIDER":"numberofpages","NUMBEROFPAGES":"numberofpages","SIDETAL":"numberofpages","ANTALLBRUKERE":"numberofusers","NUMBEROFUSERS":"numberofusers","BRUKARTAL":"numberofusers","ANTALLAKTIVEBRUKERE":"numberofactiveusers","NUMBEROFACTIVEUSERS":"numberofactiveusers","AKTIVEBRUKARAR":"numberofactiveusers","ANTALLARTIKLER":"numberofarticles","NUMBEROFARTICLES":"numberofarticles","INNHALDSSIDETAL":"numberofarticles","INNHOLDSSIDETALL":"numberofarticles",
"ANTALLFILER":"numberoffiles","NUMBEROFFILES":"numberoffiles","FILTAL":"numberoffiles","ANTALLADMINISTRATORER":"numberofadmins","NUMBEROFADMINS":"numberofadmins","ADMINTAL":"numberofadmins","ADMINISTRATORTAL":"numberofadmins","NUMMERIGRUPPE":"numberingroup","NUMBERINGROUP":"numberingroup","NUMINGROUP":"numberingroup","ANTALLREDIGERINGER":"numberofedits","NUMBEROFEDITS":"numberofedits","ENDRINGSTAL":"numberofedits","STANDARDSORTERING":"defaultsort","DEFAULTSORT":"defaultsort","DEFAULTSORTKEY":"defaultsort","DEFAULTCATEGORYSORT":"defaultsort","SORTERINGSNYKEL":"defaultsort","SORTERINGSNØKKEL":"defaultsort","SIDERIKATEGORI":"pagesincategory","PAGESINCATEGORY":"pagesincategory","PAGESINCAT":"pagesincategory","SIDERIKAT":"pagesincategory","SIDESTØRRELSE":"pagesize","PAGESIZE":"pagesize","SIDESTORLEIK":"pagesize","BESKYTTELSESNIVÅ":"protectionlevel","PROTECTIONLEVEL":"protectionlevel","VERNENIVÅ":"protectionlevel","PROTECTIONEXPIRY":"protectionexpiry","NAVNEROME":"namespacee",
"NAMESPACEE":"namespacee","NAMESPACENUMBER":"namespacenumber","DISKUSJONSROM":"talkspace","TALKSPACE":"talkspace","DISKUSJONSROME":"talkspacee","TALKSPACEE":"talkspacee","SUBJEKTROM":"subjectspace","ARTIKKELROM":"subjectspace","SUBJECTSPACE":"subjectspace","ARTICLESPACE":"subjectspace","SUBJEKTROME":"subjectspacee","ARTIKKELROME":"subjectspacee","SUBJECTSPACEE":"subjectspacee","ARTICLESPACEE":"subjectspacee","SIDENAVN":"pagename","PAGENAME":"pagename","SIDENAMN":"pagename","SIDENAVNE":"pagenamee","PAGENAMEE":"pagenamee","SIDENAMNE":"pagenamee","FULLTSIDENAVN":"fullpagename","FULLPAGENAME":"fullpagename","FULLTSIDENAMN":"fullpagename","FULLTSIDENAVNE":"fullpagenamee","FULLPAGENAMEE":"fullpagenamee","ROOTPAGENAME":"rootpagename","ROOTPAGENAMEE":"rootpagenamee","GRUNNSIDENAVN":"basepagename","BASEPAGENAME":"basepagename","HOVUDSIDENAMN":"basepagename","GRUNNSIDENAVNE":"basepagenamee","BASEPAGENAMEE":"basepagenamee","UNDERSIDENAVN":"subpagename","SUBPAGENAME":"subpagename","UNDERSIDENAMN":
"subpagename","UNDERSIDENAVNE":"subpagenamee","SUBPAGENAMEE":"subpagenamee","DISKUSJONSSIDENAVN":"talkpagename","TALKPAGENAME":"talkpagename","DISKUSJONSSIDENAMN":"talkpagename","DISKUSJONSSIDENAVNE":"talkpagenamee","TALKPAGENAMEE":"talkpagenamee","SUBJEKTSIDENAVN":"subjectpagename","ARTIKKELSIDENAVN":"subjectpagename","SUBJECTPAGENAME":"subjectpagename","ARTICLEPAGENAME":"subjectpagename","SUBJEKTSIDENAVNE":"subjectpagenamee","ARTIKKELSIDENAVNE":"subjectpagenamee","SUBJECTPAGENAMEE":"subjectpagenamee","ARTICLEPAGENAMEE":"subjectpagenamee","REVISJONSID":"revisionid","REVISIONID":"revisionid","VERSJONSID":"revisionid","REVISJONSDAG":"revisionday","REVISIONDAY":"revisionday","VERSJONSDAG":"revisionday","REVISJONSDAG2":"revisionday2","REVISIONDAY2":"revisionday2","VERSJONSDAG2":"revisionday2","REVISJONSMÅNED":"revisionmonth","REVISIONMONTH":"revisionmonth","VERSJONSMÅNAD":"revisionmonth","REVISJONSMÅNED1":"revisionmonth1","REVISIONMONTH1":"revisionmonth1","VERSJONSMÅNAD1":
"revisionmonth1","REVISJONSÅR":"revisionyear","REVISIONYEAR":"revisionyear","VERSJONSÅR":"revisionyear","REVISJONSTIDSSTEMPEL":"revisiontimestamp","REVISIONTIMESTAMP":"revisiontimestamp","VERSJONSTIDSTEMPEL":"revisiontimestamp","REVISJONSBRUKER":"revisionuser","REVISIONUSER":"revisionuser","VERSJONSBRUKAR":"revisionuser","CASCADINGSOURCES":"cascadingsources","NAVNEROM":"namespace","NAMESPACE":"namespace","NAMNEROM":"namespace","VISTITTEL":"displaytitle","DISPLAYTITLE":"displaytitle","!":"!","NÅVÆRENDEMÅNED":"currentmonth","NÅVÆRENDEMÅNED2":"currentmonth","CURRENTMONTH":"currentmonth","CURRENTMONTH2":"currentmonth","MÅNADNO":"currentmonth","MÅNEDNÅ":"currentmonth","NÅVÆRENDEMÅNED1":"currentmonth1","CURRENTMONTH1":"currentmonth1","NÅVÆRENDEMÅNEDSNAVN":"currentmonthname","CURRENTMONTHNAME":"currentmonthname","MÅNADNONAMN":"currentmonthname","MÅNEDNÅNAVN":"currentmonthname","NÅVÆRENDEMÅNEDSNAVNGEN":"currentmonthnamegen","CURRENTMONTHNAMEGEN":"currentmonthnamegen",
"NÅVÆRENDEMÅNEDSNAVNKORT":"currentmonthabbrev","CURRENTMONTHABBREV":"currentmonthabbrev","MÅNADNOKORT":"currentmonthabbrev","MÅNEDNÅKORT":"currentmonthabbrev","NÅVÆRENDEDAG":"currentday","CURRENTDAY":"currentday","DAGNO":"currentday","DAGNÅ":"currentday","NÅVÆRENDEDAG2":"currentday2","CURRENTDAY2":"currentday2","DAGNO2":"currentday2","DAGNÅ2":"currentday2","NÅVÆRENDEDAGSNAVN":"currentdayname","CURRENTDAYNAME":"currentdayname","DAGNONAMN":"currentdayname","DAGNÅNAVN":"currentdayname","NÅVÆRENDEÅR":"currentyear","CURRENTYEAR":"currentyear","ÅRNO":"currentyear","ÅRNÅ":"currentyear","NÅVÆRENDETID":"currenttime","CURRENTTIME":"currenttime","TIDNO":"currenttime","TIDNÅ":"currenttime","NÅVÆRENDETIME":"currenthour","CURRENTHOUR":"currenthour","TIMENO":"currenthour","LOKALMÅNED":"localmonth","LOKALMÅNED2":"localmonth","LOCALMONTH":"localmonth","LOCALMONTH2":"localmonth","LOKALMÅNED1":"localmonth1","LOCALMONTH1":"localmonth1","LOKALMÅNEDSNAVN":"localmonthname",
"LOCALMONTHNAME":"localmonthname","LOKALMÅNEDSNAVNGEN":"localmonthnamegen","LOCALMONTHNAMEGEN":"localmonthnamegen","LOKALMÅNEDSNAVNKORT":"localmonthabbrev","LOCALMONTHABBREV":"localmonthabbrev","LOKALDAG":"localday","LOCALDAY":"localday","LOKALDAG2":"localday2","LOCALDAY2":"localday2","LOKALDAGSNAVN":"localdayname","LOCALDAYNAME":"localdayname","LOKALTÅR":"localyear","LOCALYEAR":"localyear","LOKALTID":"localtime","LOCALTIME":"localtime","LOKALTIME":"localhour","LOCALHOUR":"localhour","NETTSTADNAMN":"sitename","SITENAME":"sitename","NÅVÆRENDEUKE":"currentweek","CURRENTWEEK":"currentweek","VEKENRNO":"currentweek","UKENRNÅ":"currentweek","NÅVÆRENDEUKEDAG":"currentdow","CURRENTDOW":"currentdow","VEKEDAGNRNO":"currentdow","UKEDAGNRNÅ":"currentdow","LOKALUKE":"localweek","LOCALWEEK":"localweek","LOKALVEKE":"localweek","LOKALUKEDAG":"localdow","LOCALDOW":"localdow","REVISIONSIZE":"revisionsize","NÅVÆRENDEVERSJON":"currentversion","CURRENTVERSION":"currentversion","VERSJONNO":
"currentversion","NÅVÆRENDETIDSSTEMPEL":"currenttimestamp","CURRENTTIMESTAMP":"currenttimestamp","LOKALTTIDSSTEMPEL":"localtimestamp","LOCALTIMESTAMP":"localtimestamp","DIRECTIONMARK":"directionmark","DIRMARK":"directionmark","INNHOLDSSPRÅK":"contentlanguage","CONTENTLANGUAGE":"contentlanguage","CONTENTLANG":"contentlanguage","INNHALDSSPRÅK":"contentlanguage","PAGELANGUAGE":"pagelanguage"}],"urlProtocols":"bitcoin\\:|ftp\\:\\/\\/|ftps\\:\\/\\/|geo\\:|git\\:\\/\\/|gopher\\:\\/\\/|http\\:\\/\\/|https\\:\\/\\/|irc\\:\\/\\/|ircs\\:\\/\\/|magnet\\:|mailto\\:|mms\\:\\/\\/|news\\:|nntp\\:\\/\\/|redis\\:\\/\\/|sftp\\:\\/\\/|sip\\:|sips\\:|sms\\:|ssh\\:\\/\\/|svn\\:\\/\\/|tel\\:|telnet\\:\\/\\/|urn\\:|worldwind\\:\\/\\/|xmpp\\:|\\/\\/","linkTrailCharacters":"/^([æøåa-z]+)(.*)$/sDu"}}